fallback-named per region: ak: 14, al: 362, ar: 221, az: 21, ca: 180, co: 536, ct: 455, dc: 15, de: 109, fl: 184, ga: 1978, hi: 142, ia: 133, id: 131, il: 520, in: 565, ks: 222, ky: 266, la: 219, ma: 822, md: 626, me: 267, mi: 623, mn: 454, mo: 258, ms: 229, mt: 85, nc: 792, nd: 103, ne: 108, nh: 298, nj: 913, nm: 20, nv: 139, ny: 135, oh: 728, ok: 216, or: 300, pa: 1343, ri: 113, sc: 428, sd: 53, tn: 524, tx: 1476, ut: 286, va: 810, vt: 265, wa: 438, wi: 423, wv: 118, wy: 45
19711 fallback-named facilities; 2828 cached, 16883 remaining
[1/16883] osm-w862825788: New Providence Road
[2/16883] osm-w864567736: Oak Drive
[3/16883] osm-w872788221: Fieldbrook Crossing
[4/16883] osm-w882612259: Big Creek Greenway Alpharetta
[5/16883] osm-w882995290: Stone Bridge Boulevard
[6/16883] osm-w887673885: Barnes Trail
[7/16883] osm-w889276182: Rose Avenue
[8/16883] osm-w896916339: Jefferson County, Georgia, 30434, United States
[9/16883] osm-w899938861: Island Road
[10/16883] osm-w902825307: Herb River Drive
[11/16883] osm-w903618649: GA 11
[12/16883] osm-w909186094: Dutch Island Drive
[13/16883] osm-w909722708: Wild Heron Road
[14/16883] osm-w911347121: John Wesley Way
[15/16883] osm-w912226415: Woodlawn Park Drive
[16/16883] osm-w912873422: Olde Towne Road
[17/16883] osm-w916875052: Grays Creek Drive
[18/16883] osm-w918944888: Tom Murphy Freeway
[19/16883] osm-w919599924: Dutch Island Drive
[20/16883] osm-w921338881: Blairs Bridge Road
[21/16883] osm-w921402028: Pine Hollow Road
[22/16883] osm-w921402353: Old Atlanta Highway
[23/16883] osm-w922754361: Mechanics Avenue
[24/16883] osm-w925918656: Baker Homes, Baxley, Appling County, Georgia, 31513, United 
[25/16883] osm-w926033070: South Main Street
[26/16883] osm-w926213552: Full Sweep Drive
[27/16883] osm-w926213565: Village Green, Georgetown, Chatham County, Georgia, 31419, U
[28/16883] osm-w926565765: Provost Avenue
[29/16883] osm-w927022106: Woodstock Road
[30/16883] osm-w927265399: Bon Air Drive
[31/16883] osm-w929640536: New Street
[32/16883] osm-w929789740: 2nd Street South
[33/16883] osm-w930222362: South Radford Loop
[34/16883] osm-w930377275: 3rd Street East
[35/16883] osm-w930601371: Darbyshire Road
[36/16883] osm-w942851081: Wildcat Dam Road
[37/16883] osm-w944217126: Wilmington Island Road
[38/16883] osm-w951476206: Hoyt Street
[39/16883] osm-w951599082: Augusta, Richmond County, Georgia, 30990, United States
[40/16883] osm-w951802501: Division Street
[41/16883] osm-w954718456: The Oaks, Wilmington Island, Chatham County, Georgia, 31410,
[42/16883] osm-w954725978: Walnut Court
[43/16883] osm-w955809622: Westwood, Augusta, Richmond County, Georgia, 30990, United S
[44/16883] osm-w955896027: Carlton Drive
[45/16883] osm-w955902814: Indian Cove Road
[46/16883] osm-w955908620: Chelsa Court
[47/16883] osm-w956644384: Corinth Avenue
[48/16883] osm-w956940175: Abercorn Street
[49/16883] osm-w960113939: Lufburrow Way
[50/16883] osm-w966305170: Osigian Boulevard
[51/16883] osm-w966452518: King George Boulevard
[52/16883] osm-w966788112: Lawton Avenue
[53/16883] osm-w967234561: Tara Road
[54/16883] osm-w967241289: Lake Forest Trace
[55/16883] osm-w967914521: Stuart Street
[56/16883] osm-w968728522: Anvil Block Road
[57/16883] osm-w969608857: Milgen Road
[58/16883] osm-w969812395: Barksdale Way
[59/16883] osm-w969892125: Walker Avenue Southwest
[60/16883] osm-w970787360: Milligan Drive
[61/16883] osm-w971402573: Larkin Street Southwest
[62/16883] osm-w972151354: Holly Springs Parkway
[63/16883] osm-w972375390: Lexington Lake Drive
[64/16883] osm-w973976261: Wylie Street Southeast
[65/16883] osm-w975063951: Lower River Road
[66/16883] osm-w976774505: Southside Drive
[67/16883] osm-w980233347: McIntosh Street
[68/16883] osm-w981925307: Coleman Street
[69/16883] osm-w982136041: Central Avenue
[70/16883] osm-w982173325: North Kennedy Street
[71/16883] osm-w982218555: Ball Park Road
[72/16883] osm-w984613581: 4th Avenue West
[73/16883] osm-w984811757: Woodfall, Roswell, Fulton County, Georgia, 30022, United Sta
[74/16883] osm-w988732132: Fairway Lane
[75/16883] osm-w988797216: Lakeview Drive
[76/16883] osm-w988803544: Hillcrest Drive
[77/16883] osm-w989157635: Broadrick Drive
[78/16883] osm-w991212353: Regency Lane Southwest
[79/16883] osm-w991748741: Cartersville, Bartow County, Georgia, 30121, United States
[80/16883] osm-w992926163: Recreation Drive
[81/16883] osm-w993049111: Saville Drive Northwest
[82/16883] osm-w993049113: Hill Road
[83/16883] osm-w993049115: Aviary Court
[84/16883] osm-w993165126: Acworth, Cobb County, Georgia, 30152, United States
[85/16883] osm-w993165128: Kennesaw Springs Place Northwest
[86/16883] osm-w993166592: Oakbrook Lane Northwest
[87/16883] osm-w993420294: Clayton County, Georgia, 30297, United States
[88/16883] osm-w996944239: Claresbrook Lane
[89/16883] osm-w998853977: Whistling Cove Road
[90/16883] osm-w1001180510: Indian Trail
[91/16883] osm-w1002246242: Magnolia Drive
[92/16883] osm-w1002773558: Johns Lane
[93/16883] osm-w1002784485: East Allen Street
[94/16883] osm-w1005342894: Turners Rock Road
[95/16883] osm-w1005441315: Malone Drive
[96/16883] osm-w1006241900: Recreation Road
[97/16883] osm-w1007551611: Old McDuffie Road
[98/16883] osm-w1011033067: Summit Point East
[99/16883] osm-w1011037214: Glenleaf Drive
[100/16883] osm-w1011226034: White Top Road
[101/16883] osm-w1011254704: New Liberty Church Road
[102/16883] osm-w1012557223: South Bogan Road
[103/16883] osm-w1012591163: Ramey Road
[104/16883] osm-w1013020643: Cedar Mountain Road
[105/16883] osm-w1013020687: Humphries Hill Road
[106/16883] osm-w1013020700: Lakeside Drive
[107/16883] osm-w1013058634: Lawton Bridge Road
[108/16883] osm-w1013058652: Dalby Way
[109/16883] osm-w1013082941: Woodmore Drive Southwest
[110/16883] osm-w1013317186: Caney Road
[111/16883] osm-w1013318150: Caney Road
[112/16883] osm-w1013324301: Leeward Walk Circle
[113/16883] osm-w1013325219: Stevens Creek Drive
[114/16883] osm-w1013326881: Mirrowood Lane
[115/16883] osm-w1013327045: Vicarage Walk
[116/16883] osm-w1013330020: Meadow Lake Terrace
[117/16883] osm-w1013369871: Olney Falls Drive
[118/16883] osm-w1013369876: Country Wood Drive
[119/16883] osm-w1013369880: Braselton Highway
[120/16883] osm-w1013369882: Torrington Drive
[121/16883] osm-w1013581786: Mulberry, Gwinnett County, Georgia, 30019, United States
[122/16883] osm-w1013915234: Peachtree Corners, Gwinnett County, Georgia, 30071, United S
[123/16883] osm-w1013919480: South Berkeley Lake Road
[124/16883] osm-w1014081132: Bakers Farm Circle
[125/16883] osm-w1014118743: Gaines Ferry Road
[126/16883] osm-w1014126038: Moss Glen Court
[127/16883] osm-w1014127002: Buford, Gwinnett County, Georgia, United States
[128/16883] osm-w1014152802: Grand Junction
[129/16883] osm-w1014153740: Township Circle
[130/16883] osm-w1014276416: Park Street
[131/16883] osm-w1014327473: Whitestone Place
[132/16883] osm-w1014328619: Alpharetta, Fulton County, Georgia, 30005, United States
[133/16883] osm-w1014329695: Alpharetta, Fulton County, Georgia, 30005, United States
[134/16883] osm-w1014338290: Centennial Drive
[135/16883] osm-w1014339661: Webley Lane
[136/16883] osm-w1014341275: Lauren Hall Court
[137/16883] osm-w1014346117: Kimball Crest Court
[138/16883] osm-w1014346146: Lansburgh Turn
[139/16883] osm-w1014346798: Hampton Hill Drive
[140/16883] osm-w1014347393: High Hampton Chase
[141/16883] osm-w1014361179: New Heritage Drive
[142/16883] osm-w1014605171: Ridge Road Northwest
[143/16883] osm-w1014917848: Mansion Parkway
[144/16883] osm-w1014918809: Spout Springs Road
[145/16883] osm-w1014918812: Water Mill Drive Northeast
[146/16883] osm-w1014918930: Turtlle Pond Northeast Drive
[147/16883] osm-w1014923711: Wisteria Way
[148/16883] osm-w1014924396: Memory Lane
[149/16883] osm-w1014925116: Calgary Downs Drive
[150/16883] osm-w1015279975: Hall County, Georgia, 30542, United States
[151/16883] osm-w1015399367: Silverbrook Crossing
[152/16883] osm-w1015443294: Alpharetta, Fulton County, Georgia, 30022, United States
[153/16883] osm-w1015444007: Park Brooke Trail
[154/16883] osm-w1015505452: Saint Patrice Way
[155/16883] osm-w1015511194: Park Glen Drive
[156/16883] osm-w1015666925: Lewis Road Trail
[157/16883] osm-w1015667033: Douglas County, Georgia, 30168, United States
[158/16883] osm-w1015670718: Calvin Drive
[159/16883] osm-w1015670723: Highgate Hills Drive Northwest
[160/16883] osm-w1015670724: Dunsford Circle Northwest
[161/16883] osm-w1015826375: Morton Mill Lane
[162/16883] osm-w1015827690: Branham Fields Road
[163/16883] osm-w1015828400: Parsons Road
[164/16883] osm-w1015865463: Union Road Southwest
[165/16883] osm-w1015865482: Kiram Terrace
[166/16883] osm-w1016244077: Valdosta, Lowndes County, Georgia, 31602, United States
[167/16883] osm-w1016244080: Windsor Park, Valdosta, Lowndes County, Georgia, 31602, Unit
[168/16883] osm-w1017013959: Sky Valley Way
[169/16883] osm-w1017242852: TreePark Circle
[170/16883] osm-w1017359084: Union Street
[171/16883] osm-w1017691638: Langford Drive Northwest
[172/16883] osm-w1017693878: Hunter Ridge Lane
[173/16883] osm-w1017798965: Stonehaven View
[174/16883] osm-w1017798974: Birmingham Court
[175/16883] osm-w1017798977: Riverwalk Way
[176/16883] osm-w1017868315: Millwood Park Court Northeast
[177/16883] osm-w1017929897: Scarlet Oak Lane
[178/16883] osm-w1017981443: Stringer Lane
[179/16883] osm-w1017991223: Newberry Drive
[180/16883] osm-w1018271662: Saint Elisabeth Square
[181/16883] osm-w1018271670: Howell Wood, Duluth, Gwinnett County, Georgia, 30097, United
[182/16883] osm-w1018271692: Union Park Drive
[183/16883] osm-w1018273181: Arthur Drive Northeast
[184/16883] osm-w1018281878: Nichols Landing Way
[185/16883] osm-w1018281884: Bluebell Drive
[186/16883] osm-w1018281887: Prospect Church Road
[187/16883] osm-w1018293091: Bailey Farms Drive
[188/16883] osm-w1018293093: Terrace Lake Drive
[189/16883] osm-w1018302179: Brown Drive
[190/16883] osm-w1018325521: Cherry Ridge Boulevard
[191/16883] osm-w1018345528: Snapfinger Road
[192/16883] osm-w1018348574: Meadow Creek Path
[193/16883] osm-w1018350869: Sweetwater Parkway
[194/16883] osm-w1018529742: Salem Springs Place
[195/16883] osm-w1018535662: East Saddle Ridge Drive
[196/16883] osm-w1018539189: Burnley Lane
[197/16883] osm-w1018583554: Phillips Road
[198/16883] osm-w1018608750: Wilmington Island Road
[199/16883] osm-w1018619189: Phillips Road
[200/16883] osm-w1018742027: Hicks Drive
[201/16883] osm-w1018742187: Perimeter Road
[202/16883] osm-w1018827531: Pebble Beach Drive
[203/16883] osm-w1018837455: Old Thompson Bridge Road
[204/16883] osm-w1019020322: Country Club Road
[205/16883] osm-w1019243851: Brookhaven Club Drive
[206/16883] osm-w1019797687: Graves Station Road Southwest
[207/16883] osm-w1020586781: Savannah, Chatham County, Georgia, 31416, United States
[208/16883] osm-w1021524995: Richmond Hill, Bryan County, Georgia, 31324, United States
[209/16883] osm-w1021578486: US 78;GA 8
[210/16883] osm-w1021702141: Trumpet Vine Trail Southeast
[211/16883] osm-w1021702144: Providence Club Drive
[212/16883] osm-w1022052496: Fellowship Road
[213/16883] osm-w1022394132: Hamilton Street
[214/16883] osm-w1022938597: Oakland Road
[215/16883] osm-w1022938601: Crystal Lake Drive
[216/16883] osm-w1022938611: Lawrenceville Highway
[217/16883] osm-w1023403457: Sunstone Drive
[218/16883] osm-w1025314318: Valley Circle Northwest
[219/16883] osm-w1025317618: Ivy Parkway Northeast
[220/16883] osm-w1025412947: Calibre Springs Way Northeast
[221/16883] osm-w1025412990: Carlisle Court Northeast
[222/16883] osm-w1025412997: Sandy Springs, Fulton County, Georgia, 30328, United States
[223/16883] osm-w1025413000: Sandy Springs, Fulton County, Georgia, 30350, United States
[224/16883] osm-w1025413001: Jefferson Drive
[225/16883] osm-w1025612377: Harbor Pointe Parkway
[226/16883] osm-w1025612380: Sandy Springs, Fulton County, Georgia, 30350, United States
[227/16883] osm-w1025612384: Highland Park Trail
[228/16883] osm-w1025612397: Hannover Park Road
[229/16883] osm-w1025690823: Apple Grove Road
[230/16883] osm-w1025690836: Skelton Road
[231/16883] osm-w1025968076: GA 41
[232/16883] osm-w1026378338: Rose Dhu Road
[233/16883] osm-w1026683685: Turners Rock Road
[234/16883] osm-w1026821856: Bannister Road
[235/16883] osm-w1028619041: Baker Carter Drive
[236/16883] osm-w1028754530: Oconee County, Georgia, 30622, United States
[237/16883] osm-w1028801260: Chadwick Lake Drive Northwest
[238/16883] osm-w1029481328: William Smith Boulevard
[239/16883] osm-w1032697012: Steve Reynolds Boulevard Northwest
[240/16883] osm-w1032896301: Doc Hughes Road
[241/16883] osm-w1032896311: Sardis Bend Drive
[242/16883] osm-w1032959291: Bradley Point Road
[243/16883] osm-w1034659555: Ronald Reagan Parkway
[244/16883] osm-w1034819093: Royervista Drive Northeast
[245/16883] osm-w1034819095: Fenwick Place Northeast
[246/16883] osm-w1034819104: Sandy Springs, Fulton County, Georgia, 30350, United States
[247/16883] osm-w1034819105: Turner McDonald Parkway
[248/16883] osm-w1035803345: Brookwood Road
[249/16883] osm-w1035804358: Brookwood Road
[250/16883] osm-w1036271472: Leedsgate, Savannah, Chatham County, Georgia, 31409, United 
[251/16883] osm-w1036281812: Christopher Robin Road
[252/16883] osm-w1036283036: Longpointe Pass
[253/16883] osm-w1036286904: Tobiano Trail
[254/16883] osm-w1036286909: Danbury Farms Drive
[255/16883] osm-w1036286912: Hamptons Club Drive
[256/16883] osm-w1036657536: Stephenson Ridge
[257/16883] osm-w1036877200: Gateway Court
[258/16883] osm-w1037320826: Frontage Road
[259/16883] osm-w1037485551: College Parkway
[260/16883] osm-w1038001541: Rockbridge Road
[261/16883] osm-w1038001546: North Deshon Road
[262/16883] osm-w1038001550: Mosswood Shoals
[263/16883] osm-w1038318692: Stark Road
[264/16883] osm-w1039679928: Mont Joli Drive
[265/16883] osm-w1040920045: Old Suwanee Estates, Gwinnett County, Georgia, 30518, United
[266/16883] osm-w1041627664: North 5th Street
[267/16883] osm-w1043112154: Rivershyre Parkway Northeast
[268/16883] osm-w1044342624: Meadow Park Lane
[269/16883] osm-w1044436279: Harbor Creek Parkway
[270/16883] osm-w1044436282: Northampton Drive
[271/16883] osm-w1044795360: Brookshade Parkway
[272/16883] osm-w1044795362: Milton, Fulton County, Georgia, 30004, United States
[273/16883] osm-w1044795373: Wild Violet Drive
[274/16883] osm-w1044795389: Majors Road
[275/16883] osm-w1044806252: Hurt Bridge Road
[276/16883] osm-w1044806254: Hunters Walk Way
[277/16883] osm-w1044806256: Hendrix Road
[278/16883] osm-w1044806263: Cool Springs Drive
[279/16883] osm-w1044806287: Valley Forest Drive
[280/16883] osm-w1044816426: Hogansville Road
[281/16883] osm-w1044816429: King Arthur Drive
[282/16883] osm-w1044816461: Hunt Club Drive
[283/16883] osm-w1045114928: Orange Shoals Drive
[284/16883] osm-w1045114931: Gardens of Harmony Drive
[285/16883] osm-w1045114952: Edgewater Trail
[286/16883] osm-w1045114962: Parkview Drive
[287/16883] osm-w1045114998: Gaydon Road
[288/16883] osm-w1046308111: Longino Drive
[289/16883] osm-w1046308115: Shaw Road
[290/16883] osm-w1046568799: Rose Dhu Glen Drive
[291/16883] osm-w1046967537: Talley Alley
[292/16883] osm-w1049902343: George Thomas Lane
[293/16883] osm-w1049980548: Johns Street
[294/16883] osm-w1050039950: South Central Avenue
[295/16883] osm-w1050049872: GA 15;GA 121
[296/16883] osm-w1050197009: Macon, Bibb County, Georgia, 31297, United States
[297/16883] osm-w1050232891: Sagefield, Buford, Gwinnett County, Georgia, 30518, United S
[298/16883] osm-w1051342171: Jefferson Street
[299/16883] osm-w1051654390: Church Street
[300/16883] osm-w1051654458: Madras Parkway
[301/16883] osm-w1051666553: Walnut Way
[302/16883] osm-w1051748638: Atlanta, Fulton County, Georgia, 30310, United States
[303/16883] osm-w1051878227: Mesa Valley Way Southwest
[304/16883] osm-w1051878228: Hiram Lithia Springs Road
[305/16883] osm-w1052207494: Mill Road
[306/16883] osm-w1053733404: Goodyear Avenue
[307/16883] osm-w1054065773: Wood Falls Drive
[308/16883] osm-w1054304293: Student Lane
[309/16883] osm-w1054384821: McKendree Church Road
[310/16883] osm-w1054385143: Watercove Lane
[311/16883] osm-w1054386191: Prestonwood Drive
[312/16883] osm-w1054386949: Ambur Cove Way Northwest
[313/16883] osm-w1054477024: Riverside Parkway
[314/16883] osm-w1055151431: Patriots Way
[315/16883] osm-w1055728435: East Lakehaven Parkway
[316/16883] osm-w1055728441: Ethans Way
[317/16883] osm-w1055744079: Henry County, Georgia, 30252, United States
[318/16883] osm-w1055744084: Moss Drive
[319/16883] osm-w1056058685: Davis Road
[320/16883] osm-w1056067350: Carriage Gate Way
[321/16883] osm-w1056360961: Nawench Drive Northwest
[322/16883] osm-w1056361033: Howell Farms Road Northwest
[323/16883] osm-w1056361044: Hickory Grove Road Northwest
[324/16883] osm-w1056361068: Liberty Square Drive
[325/16883] osm-w1056849164: Rose Creek Trace
[326/16883] osm-w1056858786: Hunters Trace
[327/16883] osm-w1056899362: Hall County, Georgia, United States
[328/16883] osm-w1056912112: Floyd County, Georgia, 30163, United States
[329/16883] osm-w1057067093: Fairmount Highway Southeast
[330/16883] osm-w1057219220: Sugar Pike Lane
[331/16883] osm-w1057219224: Sugar Pike Road
[332/16883] osm-w1057222431: New Hope, Gwinnett County, Georgia, United States
[333/16883] osm-w1057222438: Barrett Bluff Drive Southeast
[334/16883] osm-w1057381349: Brookhurst Drive
[335/16883] osm-w1057648567: Kingston Highway
[336/16883] osm-w1057717394: Moore Road Northwest
[337/16883] osm-w1057771661: North Randolph Street
[338/16883] osm-w1058589973: Triton Ives Drive Northeast
[339/16883] osm-w1058643759: Old Peachtree Road
[340/16883] osm-w1058645597: River Overlook Drive Northwest
[341/16883] osm-w1058645624: Lawrenceville, Gwinnett County, Georgia, 30043, United State
[342/16883] osm-w1058647176: Riverside Parkway
[343/16883] osm-w1058884829: Webb Bridge Road
[344/16883] osm-w1058884831: Alpharetta, Fulton County, Georgia, 30005, United States
[345/16883] osm-w1058953577: Tony Trail
[346/16883] osm-w1059074963: Deerwoods Trail
[347/16883] osm-w1060070931: Scarlet Drive
[348/16883] osm-w1060245483: Maple Valley Drive
[349/16883] osm-w1060355896: Skylark Meadow Drive
[350/16883] osm-w1060356534: Mundy Drive
[351/16883] osm-w1060357812: Rambling Vale
[352/16883] osm-w1060360334: Dawson Forest Road East
[353/16883] osm-w1060833317: Talaton Court
[354/16883] osm-w1061088387: Ripken Road
[355/16883] osm-w1061096994: Rockdale River Trail
[356/16883] osm-w1061158861: Woodland Tree Lane
[357/16883] osm-w1061608395: Fort Oglethorpe Greenway
[358/16883] osm-w1061832051: McEver Road
[359/16883] osm-w1061832058: Timber Hills Drive
[360/16883] osm-w1061894926: Huntington Hill Trace Northeast
[361/16883] osm-w1061895756: Cabin Drive
[362/16883] osm-w1061896319: Clover Mill Drive
[363/16883] osm-w1062056439: Bridle Brook Drive
[364/16883] osm-w1065211291: Seneca Farm Lane
[365/16883] osm-w1065211298: Lake Seminole Drive Northeast
[366/16883] osm-w1065328277: Powers Avenue
[367/16883] osm-w1065557936: Trailside Drive
[368/16883] osm-w1065747564: Noblin Ridge Drive
[369/16883] osm-w1065748083: Pleasant Hill, Gwinnett County, Georgia, 30096, United State
[370/16883] osm-w1065748614: Nathaniel Way
[371/16883] osm-w1065748624: Hope Hollow Road
[372/16883] osm-w1065925359: Ivy Mill Drive
[373/16883] osm-w1066726370: Duckcove Way
[374/16883] osm-w1066738617: Cloverfield Way
[375/16883] osm-w1066760074: Cisco Trail
[376/16883] osm-w1066760675: Braselton, Hall County, Georgia, 30517, United States
[377/16883] osm-w1066760681: Sienna Ridge
[378/16883] osm-w1066874536: US 23;US 441;GA 15
[379/16883] osm-w1068346835: Zachary Woods Drive
[380/16883] osm-w1069557780: Duluth, Gwinnett County, Georgia, 30096, United States
[381/16883] osm-w1069557783: Larson Creek
[382/16883] osm-w1069626079: Gwinnett County, Georgia, 30043, United States
[383/16883] osm-w1069648155: Burnt Bridge Road
[384/16883] osm-w1069648161: Whispering Shoals Court
[385/16883] osm-w1069648527: John Burruss Road
[386/16883] osm-w1069651759: Wagon Trail
[387/16883] osm-w1069660213: Forestwood Drive
[388/16883] osm-w1069660240: Gwinnett County, Georgia, 30519, United States
[389/16883] osm-w1069927177: Lawnview Drive
[390/16883] osm-w1071028994: White Birch Way
[391/16883] osm-w1073644775: Lawrenceville-Suwanee Road
[392/16883] osm-w1073905292: Alpharetta, Fulton County, Georgia, 30009, United States
[393/16883] osm-w1074583267: Lake Estates Way
[394/16883] osm-w1075190349: Braselton Highway
[395/16883] osm-w1075223034: Trailing Ivy Way Northeast
[396/16883] osm-w1075223040: Ivy Brook Northeast Lane
[397/16883] osm-w1076697596: Smokehouse Path
[398/16883] osm-w1076970923: Cottage Parkway
[399/16883] osm-w1076970958: Sequoia Drive Southeast
[400/16883] osm-w1077841684: Putnam County, Georgia, United States
[401/16883] osm-w1078242152: Miller Drive
[402/16883] osm-w1078245397: Grizzle Road
[403/16883] osm-w1078246228: Huckleberry Ford
[404/16883] osm-w1080312885: Enclave Circle
[405/16883] osm-w1080613382: Pooler, Chatham County, Georgia, 31322, United States
[406/16883] osm-w1081287352: Peachbluff Court
[407/16883] osm-w1082513293: Clubcrest Drive
[408/16883] osm-w1082513300: Democracy Drive
[409/16883] osm-w1082514837: Braselton, Hall County, Georgia, 30548, United States
[410/16883] osm-w1082517445: I 85
[411/16883] osm-w1082517480: South Auburn Landing Place
[412/16883] osm-w1082739353: South Gray Street
[413/16883] osm-w1082760442: I 85
[414/16883] osm-w1083003381: Cherry Tree Lane Northeast
[415/16883] osm-w1083056492: Harrison Park Drive
[416/16883] osm-w1083057998: West Mountain Oak Street
[417/16883] osm-w1083231562: Davenport Park Drive
[418/16883] osm-w1083304001: Horsham Trail
[419/16883] osm-w1083304004: Birmingham Highway
[420/16883] osm-w1083304007: Waxmyrtle Road
[421/16883] osm-w1084004322: Barley Downs Circle
[422/16883] osm-w1084398012: River Club Drive
[423/16883] osm-w1084406209: Cameron Mill Road
[424/16883] osm-w1084479812: Old US Highway 41 North
[425/16883] osm-w1085639520: Vanns Tavern Road
[426/16883] osm-w1086039926: White Oak Road
[427/16883] osm-w1086447814: Fall Branch Lane
[428/16883] osm-w1087626473: Richmond Hill, Bryan County, Georgia, 31324, United States
[429/16883] osm-w1087626620: Cedar Grove Plantation Drive
[430/16883] osm-w1087626803: Columbus, Muscogee County, Georgia, 31904, United States
[431/16883] osm-w1087798026: Montpelier Avenue
[432/16883] osm-w1088833725: Tree Summit Parkway
[433/16883] osm-w1090349165: Barrett Downs Drive
[434/16883] osm-w1090387452: Turnbridge Pass
[435/16883] osm-w1090895534: Hartford Terrace
[436/16883] osm-w1092707119: College Street
[437/16883] osm-w1095285491: Ashley Falls Drive
[438/16883] osm-w1095286220: Park Street
[439/16883] osm-w1095307303: Hayley Drive
[440/16883] osm-w1095688953: Johnson Road
[441/16883] osm-w1095893748: Foxy Drive
[442/16883] osm-w1095897712: Holden Spring Drive
[443/16883] osm-w1095922359: Miralia, Vinings, Cobb County, Georgia, 30369, United States
[444/16883] osm-w1096072523: Kirkstone Drive
[445/16883] osm-w1096083209: Pointe Vecchio Circle
[446/16883] osm-w1096262547: Log House Court
[447/16883] osm-w1096811865: Southwinds Way
[448/16883] osm-w1096990516: Morgan Oak Circle
[449/16883] osm-w1097503187: Muskeg Court Southwest
[450/16883] osm-w1097505310: Stonewall Tell Road
[451/16883] osm-w1097510658: Valley Loop
[452/16883] osm-w1098626860: Eagles Landing Drive
[453/16883] osm-w1098859847: Amhurst Parkway
[454/16883] osm-w1098865768: Cochran Road
[455/16883] osm-w1098866730: Pegasus Way
[456/16883] osm-w1098914325: Caveat Court
[457/16883] osm-w1098982024: Magnolia Park, Brunswick, Glynn County, Georgia, 31520, Unit
[458/16883] osm-w1099318844: Celtic Drive
[459/16883] osm-w1099320044: Dawes Circle
[460/16883] osm-w1099320538: Jumpers Trail
[461/16883] osm-w1099326725: Oakhurst Drive
[462/16883] osm-w1099332081: Pittman Road
[463/16883] osm-w1099348461: The Great Drive
[464/16883] osm-w1099946909: Westminster Apartment Driveway
[465/16883] osm-w1100582754: King Street
[466/16883] osm-w1101347157: Raintree West Subdivision, Pleasant View, Hall County, Georg
[467/16883] osm-w1101763815: Old Fountain Road
[468/16883] osm-w1101763818: Whisperwood Court
[469/16883] osm-w1101825095: Clubside Drive
[470/16883] osm-w1101934979: Macon, Bibb County, Georgia, 31210, United States
[471/16883] osm-w1101942771: Chancellors Drive
[472/16883] osm-w1102456382: Flowery Branch, Hall County, Georgia, 30542, United States
[473/16883] osm-w1102606857: Evans Farms Drive
[474/16883] osm-w1102606861: Canton Highway
[475/16883] osm-w1102649180: Thompson Mill Road Northeast
[476/16883] osm-w1103011120: Boles Farm Lane Northwest
[477/16883] osm-w1103012498: Big Creek Greenway Alpharetta
[478/16883] osm-w1103016213: Woodstock Road
[479/16883] osm-w1103027228: Elm Street
[480/16883] osm-w1103209936: Shiloh Crossing Way
[481/16883] osm-w1103210267: Shiloh Road
[482/16883] osm-w1103212484: Crest Brooke Court
[483/16883] osm-w1103212953: Middlebrook Drive
[484/16883] osm-w1103583520: Dogwood Pass
[485/16883] osm-w1103639887: Hamilton Mill Road
[486/16883] osm-w1103649142: Hog Mountain Road Northeast
[487/16883] osm-w1103937667: Leigh Meadow Drive
[488/16883] osm-w1103939325: Gwinnett County, Georgia, United States
[489/16883] osm-w1103941265: Gwinnett County, Georgia, United States
[490/16883] osm-w1103943125: Gwinnett County, Georgia, 30620, United States
[491/16883] osm-w1104047872: Dunwoody Club Drive
[492/16883] osm-w1104048154: Fontainbleau Court
[493/16883] osm-w1104204084: Pelican Road
[494/16883] osm-w1104430107: Tiffany Lane
[495/16883] osm-w1104845094: Gazebo Lane
[496/16883] osm-w1105054560: Pate Road
[497/16883] osm-w1105305305: Legacy Park Circle
[498/16883] osm-w1105314704: Samples Road
[499/16883] osm-w1105345176: Old Southwick Pass
[500/16883] osm-w1105345867: Ridge Court
[501/16883] osm-w1106696302: Baugh Mountain Road
[502/16883] osm-w1107409876: Tolomato Causeway
[503/16883] osm-w1107826395: Mariray Court Southeast
[504/16883] osm-w1107826400: Alysum Avenue Southeast
[505/16883] osm-w1108305619: Old Post Road
[506/16883] osm-w1108795268: Hortman Mill Road
[507/16883] osm-w1108798928: Peggy Drive
[508/16883] osm-w1110453853: Clubhouse Circle
[509/16883] osm-w1110913829: Lavoie Avenue
[510/16883] osm-w1112148100: Locust Grove, Henry County, Georgia, 30248, United States
[511/16883] osm-w1112456212: Watson Fain Trail
[512/16883] osm-w1112456213: Spring Place Road
[513/16883] osm-w1112493377: Friendship Road
[514/16883] osm-w1112509106: Pemberton Point
[515/16883] osm-w1112528311: Tara Boulevard
[516/16883] osm-w1112618599: Buckhead/Buckhead North/Tranquilla Hall, Keller, Bryan Count
[517/16883] osm-w1112715542: Camp Branch Road
[518/16883] osm-w1116386310: Knoxville Street
[519/16883] osm-w1117199893: Barony Drive
[520/16883] osm-w1117857735: Andrews Drive
[521/16883] osm-w1118442813: Shirelle Lane
[522/16883] osm-w1118890860: Lakeview Road
[523/16883] osm-w1118903450: Oak Grove Road
[524/16883] osm-w1119063738: Lake Ridge Lane
[525/16883] osm-w1119065876: Vinings Central Drive
[526/16883] osm-w1119065877: Log Cabin Drive Southeast
[527/16883] osm-w1119103491: Chamblee Gap Road
[528/16883] osm-w1119255173: Heritage Boulevard
[529/16883] osm-w1119678776: Dunbarton Drive
[530/16883] osm-w1121091964: Hicks Avenue Northeast
[531/16883] osm-w1121692999: Cascade Ive Drive
[532/16883] osm-w1122193115: Harrison Street
[533/16883] osm-w1122195290: New Liberty Church Road
[534/16883] osm-w1122295954: Oxford Park Lane
[535/16883] osm-w1123026830: Bennett Road
[536/16883] osm-w1123027695: Preserve Park Drive Southwest
[537/16883] osm-w1123027700: Summit Creek Way Southwest
[538/16883] osm-w1123422376: Palmetto Lane
[539/16883] osm-w1123869580: Brook Lane
[540/16883] osm-w1123910314: Florence Ann Terrace
[541/16883] osm-w1126440064: Dorminey Lane
[542/16883] osm-w1126836464: Cobblers Walk
[543/16883] osm-w1126836466: Lake Valley Drive Southwest
[544/16883] osm-w1126836527: Wellbrook Drive
[545/16883] osm-w1127295719: Lawrenceville Suwanee Road Northwest
[546/16883] osm-w1127486364: Dinsmore Road
[547/16883] osm-w1127486367: Long Hollow Lane
[548/16883] osm-w1130908512: Shipp Road
[549/16883] osm-w1131053139: Cooper Road
[550/16883] osm-w1131306115: Wexford Place North
[551/16883] osm-w1131307061: Cedar Rock Drive
[552/16883] osm-w1131625816: Greenway Drive
[553/16883] osm-w1131625819: Greenway Drive
[554/16883] osm-w1132407371: Barkentine Drive
[555/16883] osm-w1132614769: CrestmontDrive
[556/16883] osm-w1132615538: Copper Creek Drive
[557/16883] osm-w1132615553: West Ridge Court
[558/16883] osm-w1132615612: Blankets Creek Drive
[559/16883] osm-w1132617850: Hill Top Overlook
[560/16883] osm-w1133980004: Demere Park, St. Simons, Glynn County, Georgia, 31522, Unite
[561/16883] osm-w1136338003: Country Park Drive
[562/16883] osm-w1136338009: Countryside Place
[563/16883] osm-w1144917688: Walkers Lane
[564/16883] osm-w1144919655: Jennifer Oaks Drive
[565/16883] osm-w1144920051: Bascomb Farm Drive
[566/16883] osm-w1145108215: Chatburn Way
[567/16883] osm-w1148854129: Timberland Drive
[568/16883] osm-w1148855114: Heritage Lakes Drive Southwest
[569/16883] osm-w1149874341: Juniper Springs Trail
[570/16883] osm-w1149882725: Quinton Place Northwest
[571/16883] osm-w1149883002: Pathway
[572/16883] osm-w1150148496: Brookeridge Drive
[573/16883] osm-w1150204398: Howell Wood, Duluth, Gwinnett County, Georgia, 30096, United
[574/16883] osm-w1151059060: Dorsey Place Court
[575/16883] osm-w1151059073: Little Creek Road
[576/16883] osm-w1151061743: Bramlett Hill Drive Southeast
[577/16883] osm-w1151062677: Harris Greenway Trail
[578/16883] osm-w1151062681: New Hope Road
[579/16883] osm-w1151064793: North Cross Lane Road
[580/16883] osm-w1151065793: Apalachee Ridge
[581/16883] osm-w1151965180: Rice Mill Run Southeast
[582/16883] osm-w1151965183: Amberbrook Lane
[583/16883] osm-w1152777615: Calibre Creek Parkway
[584/16883] osm-w1152777638: Marietta Highway
[585/16883] osm-w1153343353: Rose Creek Drive
[586/16883] osm-w1153344449: Bower Place
[587/16883] osm-w1153463307: Harry Sosebee Road
[588/16883] osm-w1154525657: Chadbourne Trail
[589/16883] osm-w1154578708: Houze Way
[590/16883] osm-w1154578743: Birchwood Court
[591/16883] osm-w1154583257: Winding Lakes Drive
[592/16883] osm-w1154583511: Glen Brooke Drive
[593/16883] osm-w1154590023: Dawson County, Georgia, United States
[594/16883] osm-w1154820076: Palmyra Road
[595/16883] osm-w1155053104: Bellmont Ridge
[596/16883] osm-w1155074415: Strath Drive
[597/16883] osm-w1155076323: Cogburn Road
[598/16883] osm-w1155080458: Olde Oak Way
[599/16883] osm-w1155876121: Denali Drive
[600/16883] osm-w1157176022: Overlook Springs Lane
[601/16883] osm-w1157280200: Cajun Drive
[602/16883] osm-w1157900049: Wolf Creek Court
[603/16883] osm-w1157912873: Lake Union Hill Way
[604/16883] osm-w1157912875: Clairmonte Avenue
[605/16883] osm-w1157912879: Planters Ridge Lane
[606/16883] osm-w1157912896: Hearthstone Way
[607/16883] osm-w1157912900: Harrington Drive
[608/16883] osm-w1157914621: Triple Crown Drive
[609/16883] osm-w1157923228: Summerhill Drive
[610/16883] osm-w1158962495: Lee Road Southwest
[611/16883] osm-w1158965493: Cherry Hill Road Southwest
[612/16883] osm-w1158965900: High Street Northwest
[613/16883] osm-w1159453696: Hudson Court
[614/16883] osm-w1159458376: Rock Hill Parkway
[615/16883] osm-w1159537698: Water Works Road
[616/16883] osm-w1159730403: Knight Road Northeast
[617/16883] osm-w1160548685: GA 24
[618/16883] osm-w1160705581: Henderson Circle
[619/16883] osm-w1160733917: Carousel Court
[620/16883] osm-w1160822075: Columbus, Muscogee County, Georgia, 31808, United States
[621/16883] osm-w1160822095: Columbus, Muscogee County, Georgia, 31808, United States
[622/16883] osm-w1160857523: Willow Tree Drive
[623/16883] osm-w1160868534: Mountain Park Road
[624/16883] osm-w1160870559: Rocky Creek Trail
[625/16883] osm-w1160872098: Windsong Way
[626/16883] osm-w1161310942: Noel C Conaway Road
[627/16883] osm-w1161320327: Saddleclub Way
[628/16883] osm-w1161323214: Timberlake, Effingham County, Georgia, United States
[629/16883] osm-w1161368903: Willowpeg Way
[630/16883] osm-w1161524277: Ballastone Circle
[631/16883] osm-w1161792424: Blackwell Road Northeast
[632/16883] osm-w1161944847: Hickory Court
[633/16883] osm-w1162253325: Woodruff Farm Drive
[634/16883] osm-w1162254478: Lakeshore, Crystal Valley, Columbus, Muscogee County, Georgi
[635/16883] osm-w1162808654: Eagles Cove
[636/16883] osm-w1162812299: Parker Lane
[637/16883] osm-w1162958635: Whitesville Road
[638/16883] osm-w1163355179: Woodvalley Drive
[639/16883] osm-w1163355196: Hidden Valley Drive
[640/16883] osm-w1163356787: Rose Creek Drive
[641/16883] osm-w1163356790: Rose Creek Drive
[642/16883] osm-w1163356818: Putnam Ford Drive
[643/16883] osm-w1163358452: Serenity Drive Northwest
[644/16883] osm-w1163359708: Lakeview Drive Northwest
[645/16883] osm-w1163359738: Mars Hill Church Road Northwest
[646/16883] osm-w1163711865: Marion Street
[647/16883] osm-w1163851459: Crabapple Lake Drive
[648/16883] osm-w1163851495: Broadwell Road
[649/16883] osm-w1163852775: Milton, Fulton County, Georgia, United States
[650/16883] osm-w1163870997: Giles Crossing, Kennesaw, Cobb County, Georgia, 30144, Unite
[651/16883] osm-w1163872399: Lake Park Lane
[652/16883] osm-w1163875730: Picketts Ridge
[653/16883] osm-w1163879262: Cavallon Way Northwest
[654/16883] osm-w1164161501: Concord Vilage Lane
[655/16883] osm-w1164162950: Tallantworth Crossing
[656/16883] osm-w1164162961: Birmingham Walk
[657/16883] osm-w1164164482: Birmingham Highway
[658/16883] osm-w1164164534: Cherokee County, Georgia, 30004, United States
[659/16883] osm-w1164169881: Overlook Drive
[660/16883] osm-w1164912792: Glenhurst Drive
[661/16883] osm-w1165976783: Thompson Bridge Road
[662/16883] osm-w1166178674: Ridgewater Circle
[663/16883] osm-w1167580802: Westcliff Circle
[664/16883] osm-w1168089369: Hickory Flat Highway
[665/16883] osm-w1173199824: Grove Lake Street Southwest
[666/16883] osm-w1180291872: Byrnwyck Way
[667/16883] osm-w1180346432: Hall Road
[668/16883] osm-w1180519097: Chestnut Drive
[669/16883] osm-w1180744658: Cool Springs Road
[670/16883] osm-w1180994722: Presidents Drive Northwest
[671/16883] osm-w1181240402: Abney Road
[672/16883] osm-w1183515362: Farmers Market Boulevard
[673/16883] osm-w1183794558: Hill Top Road
[674/16883] osm-w1187072352: Twiggs County, Georgia, United States
[675/16883] osm-w1187619285: Green Avenue
[676/16883] osm-w1187627878: Fern Parkway Lane
[677/16883] osm-w1187663942: Whitfield Road
[678/16883] osm-w1188483293: Edgefield Way
[679/16883] osm-w1193246178: Balmoral Drive
[680/16883] osm-w1193756870: River Chase Trail
[681/16883] osm-w1193756872: Plantation Trace Drive
[682/16883] osm-w1194025016: Waterside Circle
[683/16883] osm-w1195007761: Whitehead Place Drive
[684/16883] osm-w1198443225: Hog Mountain Road
[685/16883] osm-w1199898679: Hidden River Drive
[686/16883] osm-w1201076126: Berry Hall Road Southeast
[687/16883] osm-w1202375677: Dunwoody Club Drive
[688/16883] osm-w1202843078: Wedgewood Forest, Alpharetta, Fulton County, Georgia, 30009,
[689/16883] osm-w1205236990: Harvest Brook Drive
[690/16883] osm-w1205684411: Court of Earl
[691/16883] osm-w1206023550: Grovehurst Drive
[692/16883] osm-w1206211236: Lily Lane
[693/16883] osm-w1206541447: Northridge Drive
[694/16883] osm-w1206698204: Harrietts Bluff Road
[695/16883] osm-w1207242737: Raleigh Court
[696/16883] osm-w1207242739: Grantham Way
[697/16883] osm-w1207242741: Chestnut Hill Drive Southwest
[698/16883] osm-w1207323018: Lake Stillwater Drive
[699/16883] osm-w1207323088: Montrose
[700/16883] osm-w1207323165: Tucson Avenue
[701/16883] osm-w1207323195: Fairway Oaks, Country Club Estates, Glynn County, Georgia, 3
[702/16883] osm-w1207323334: Peppertree Crossing Avenue
[703/16883] osm-w1207323430: Oak Road
[704/16883] osm-w1207449959: Windsor on the Marsh, Savannah, Chatham County, Georgia, 314
[705/16883] osm-w1207656737: Deep Cove Drive
[706/16883] osm-w1210415316: Matt Highway
[707/16883] osm-w1211692348: Berkeley Run Northeast
[708/16883] osm-w1212692563: Bloomingdale Road
[709/16883] osm-w1214237506: Cross Creek Drive
[710/16883] osm-w1214237509: Ridge Forest Walk
[711/16883] osm-w1214696491: Roberts Drive
[712/16883] osm-w1214797443: Juniper Court
[713/16883] osm-w1214954537: One White Oak Lane
[714/16883] osm-w1214955189: Fairway Drive
[715/16883] osm-w1215572421: Covington Bypass Road
[716/16883] osm-w1216245584: Severview Place
[717/16883] osm-w1216508828: Parks Trail
[718/16883] osm-w1217193464: Fairview Drive
[719/16883] osm-w1218284040: Mableton, Cobb County, Georgia, 30160, United States
[720/16883] osm-w1218286453: Mill Creek Court Southwest
[721/16883] osm-w1218288268: Pine Grove Drive
[722/16883] osm-w1218289682: Caley Mill Drive
[723/16883] osm-w1218289724: McMurry Drive
[724/16883] osm-w1218586284: Y Camp Road
[725/16883] osm-w1218586299: Tallulah Falls, Rabun County, Georgia, 30573, United States
[726/16883] osm-w1220402979: US 82;GA 520
[727/16883] osm-w1222621934: Hereford Farm Road
[728/16883] osm-w1223204900: Mount Vernon Drive
[729/16883] osm-w1224046112: Thomasboro Road
[730/16883] osm-w1225921923: Walnut Mill Lane
[731/16883] osm-w1225925511: Riverwood Way
[732/16883] osm-w1225927550: Old Burnt Hickory Road
[733/16883] osm-w1225929294: Northridge Lane
[734/16883] osm-w1225929988: Stonewood Creek Drive
[735/16883] osm-w1225935238: Dabbs Bridge Road
[736/16883] osm-w1225935255: Owens Landing Way
[737/16883] osm-w1225935260: Margay Drive Northwest
[738/16883] osm-w1226025104: Wayne Street
[739/16883] osm-w1226137102: West Church Street
[740/16883] osm-w1226248063: Washington Road
[741/16883] osm-w1229552190: GA 56
[742/16883] osm-w1232098257: South Palm Street
[743/16883] osm-w1237318484: Southdown Lane
[744/16883] osm-w1237318487: Due West, Cobb County, Georgia, 30152, United States
[745/16883] osm-w1237656439: Pine Street
[746/16883] osm-w1240605232: Stonelake Drive
[747/16883] osm-w1240605234: Enon Road
[748/16883] osm-w1240605236: Regency Trace
[749/16883] osm-w1240605238: New Britain Drive Southwest
[750/16883] osm-w1240605240: Regency Hills Circle Southwest
[751/16883] osm-w1240805861: Fiddlers Cove Drive
[752/16883] osm-w1242205740: Holly Mill Village Drive
[753/16883] osm-w1242259071: Brigade Trail Northwest
[754/16883] osm-w1242311126: Regal Hills Lane
[755/16883] osm-w1243093151: Major Road
[756/16883] osm-w1254165173: Wesley Court
[757/16883] osm-w1254185630: Grasmere Drive
[758/16883] osm-w1257646775: Wood Iris Lane
[759/16883] osm-w1264106134: Municipal Park Drive
[760/16883] osm-w1264111310: Cabin Bluff
[761/16883] osm-w1264363606: Wyngate Parkway
[762/16883] osm-w1264367760: Bottlebrush Walk
[763/16883] osm-w1265259941: Northridge Drive
[764/16883] osm-w1265280255: Mercer University Drive
[765/16883] osm-w1267534651: Waterbrook Drive
[766/16883] osm-w1270948382: Club Drive
[767/16883] osm-w1270956955: Manchester Lane
[768/16883] osm-w1273930912: Bear Country Boulevard
[769/16883] osm-w1274258562: Kinghorn Drive
[770/16883] osm-w1274418380: Laurens County, Georgia, 31040, United States
[771/16883] osm-w1274418462: West Laurens School Road
[772/16883] osm-w1277752026: Burnt Log Drive
[773/16883] osm-w1277943101: Wildwood Drive
[774/16883] osm-w1277943530: Silver Comet Trail
[775/16883] osm-w1278666139: Huntington Street
[776/16883] osm-w1279381861: Adams Clarke Road
[777/16883] osm-w1280045152: Statesboro Place Circle
[778/16883] osm-w1280560419: Hadaway Road Northwest
[779/16883] osm-w1280698823: Preston Way
[780/16883] osm-w1280748074: Clark Street
[781/16883] osm-w1280748443: Unity Trail Northwest
[782/16883] osm-w1282055621: Service Road
[783/16883] osm-w1282083857: Wood Avenue
[784/16883] osm-w1284524747: Summerlin Parkway
[785/16883] osm-w1284524761: Windermere Drive
[786/16883] osm-w1284524985: Infantry Way
[787/16883] osm-w1284526004: Helmswood Circle Southwest
[788/16883] osm-w1284526699: Highlands Circle
[789/16883] osm-w1284561274: Bellegrove Drive
[790/16883] osm-w1287029930: Oconee Shores Parkway
[791/16883] osm-w1288489647: Crabapple Road
[792/16883] osm-w1289555682: Fallin Road
[793/16883] osm-w1290132411: Double Tree Drive Southeast
[794/16883] osm-w1290566409: Worthy Drive
[795/16883] osm-w1293447327: Cobblestone Lane
[796/16883] osm-w1293447527: Vinings Lake Drive
[797/16883] osm-w1293447622: Liberty Road
[798/16883] osm-w1293453351: Allegheny Lane
[799/16883] osm-w1293458274: Enclave Court Northwest
[800/16883] osm-w1293458456: Greyfield Drive Northwest
[801/16883] osm-w1293462614: Shiloh Hills Court
[802/16883] osm-w1293468475: Savannah, Chatham County, Georgia, 31407, United States
[803/16883] osm-w1293726591: Nutt Road
[804/16883] osm-w1293729001: Carroll County, Georgia, United States
[805/16883] osm-w1293734163: Abbottsford Road
[806/16883] osm-w1295833912: Kings Cross Way Northeast
[807/16883] osm-w1296698167: Stonegate Drive
[808/16883] osm-w1297170833: Alcan Road
[809/16883] osm-w1298181614: Crestview Terrace
[810/16883] osm-w1298182746: Lake Medlock Drive
[811/16883] osm-w1298646550: Putnam County, Georgia, United States
[812/16883] osm-w1299135917: Mill Pond
[813/16883] osm-w1300097879: Gwinnett County, Georgia, 30011, United States
[814/16883] osm-w1303147016: Old Homestead Trail
[815/16883] osm-w1303147219: Megan Court
[816/16883] osm-w1304018340: Oak Grove Trail
[817/16883] osm-w1304730509: Gunter Court
[818/16883] osm-w1305363115: Springs Road
[819/16883] osm-w1307093104: Anna Ruby Lane
[820/16883] osm-w1309933656: Campbell Road
[821/16883] osm-w1311352838: Hospital Parkway
[822/16883] osm-w1312492670: Winters Hill Drive
[823/16883] osm-w1312689308: Candlewood Way
[824/16883] osm-w1313404738: Chardonnay Court
[825/16883] osm-w1314077581: 2115
[826/16883] osm-w1314434465: Pearls Farm
[827/16883] osm-w1314434473: Gantt Road
[828/16883] osm-w1314709350: Redwine Road
[829/16883] osm-w1314823555: Tennis Court Road
[830/16883] osm-w1314956851: Memorial Drive
[831/16883] osm-w1314956903: Preakness Drive
[832/16883] osm-w1314958276: West Liberty Street
[833/16883] osm-w1314959549: Lakemeadow Lane Southwest
[834/16883] osm-w1315190362: Crabtree Road
[835/16883] osm-w1315227207: Brookwood, Atlanta, Fulton County, Georgia, 30363, United St
[836/16883] osm-w1315235123: Hemingway Lane
[837/16883] osm-w1315235137: Creekside Way
[838/16883] osm-w1315282127: Cross Court Drive
[839/16883] osm-w1315301932: Battlefield Creek Drive
[840/16883] osm-w1315735433: Rockmart Road
[841/16883] osm-w1316070020: Alpharetta, Fulton County, Georgia, 30009, United States
[842/16883] osm-w1316076855: Dancliff Trace
[843/16883] osm-w1318077137: Yellow Jacket Drive
[844/16883] osm-w1318959268: Roanoke Trace
[845/16883] osm-w1319212221: Educational Drive
[846/16883] osm-w1319830256: Kaley Lane Northwest
[847/16883] osm-w1320398399: Greymont Circle Northwest
[848/16883] osm-w1320398904: Environmental Trail
[849/16883] osm-w1320399023: Old Mountain Road Northwest
[850/16883] osm-w1320914714: Grammercy Drive Southwest
[851/16883] osm-w1321424714: Sugarloaf Reserve Drive
[852/16883] osm-w1321453797: Bullock Academy Road South
[853/16883] osm-w1321480798: Belfast Keller Road
[854/16883] osm-w1321481989: Browns Mill Road
[855/16883] osm-w1321579638: Womble Street
[856/16883] osm-w1321583410: County Road 19
[857/16883] osm-w1321997935: West Campus Drive
[858/16883] osm-w1321999309: Petunia Avenue
[859/16883] osm-w1321999381: Washington Drive
[860/16883] osm-w1321999959: Champions Way
[861/16883] osm-w1323132747: Winborn Terrace
[862/16883] osm-w1323301195: Willeo Road
[863/16883] osm-w1323368674: Burnt Hickory Road Northwest
[864/16883] osm-w1323369504: Wexford Trail
[865/16883] osm-w1323373229: Industrial Boulevard
[866/16883] osm-w1323678199: Bugle Sound Way Northwest
[867/16883] osm-w1324002648: Morning Creek Estates, South Fulton, Fulton County, Georgia,
[868/16883] osm-w1324002782: Granada, South Fulton, Fulton County, Georgia, 30349, United
[869/16883] osm-w1324002909: Highland Lake Drive
[870/16883] osm-w1324002982: Olivia Run
[871/16883] osm-w1324003064: Trimrose Court
[872/16883] osm-w1324003129: Essex Circle
[873/16883] osm-w1324003211: Campbellton Road
[874/16883] osm-w1324003445: Sand Bay Drive Southwest
[875/16883] osm-w1324003570: Westchase Street
[876/16883] osm-w1324004437: South Fulton, Fulton County, Georgia, 10331, United States
[877/16883] osm-w1324004545: Regency Center Drive Southwest
[878/16883] osm-w1324004692: Winfield Court Soiuthwest
[879/16883] osm-w1324004749: Verdant Drive Southwest
[880/16883] osm-w1324004754: Windgate Way
[881/16883] osm-w1324004825: Silver Creek Drive
[882/16883] osm-w1324004944: Lee Road
[883/16883] osm-w1324005434: East County Line Road
[884/16883] osm-w1324005566: Meadows Road
[885/16883] osm-w1324005663: Heritage Oaks Lane
[886/16883] osm-w1324005866: Hill Road
[887/16883] osm-w1324005886: Crestworth Crossing
[888/16883] osm-w1324005894: Wyndham Woods Drive
[889/16883] osm-w1324005969: Antioch Road Northwest
[890/16883] osm-w1324006039: Presidential Drive
[891/16883] osm-w1324057149: Hardage Farm Drive
[892/16883] osm-w1324287281: Chadwick Drive
[893/16883] osm-w1326285049: Berkley Road
[894/16883] osm-w1329479551: Lakeshore Parkway
[895/16883] osm-w1329481806: Newnan Lakes Boulevard
[896/16883] osm-w1329481909: Lincoln Road
[897/16883] osm-w1329757863: Waterhouse Street
[898/16883] osm-w1329889384: Walcutt's Way Northwest
[899/16883] osm-w1329889468: Man O' War Trail
[900/16883] osm-w1331698597: Cedars Apartments Drive
[901/16883] osm-w1332146392: Shillelagh Creek
[902/16883] osm-w1332146393: Marigold Drive
[903/16883] osm-w1332586760: Tabbystone Street
[904/16883] osm-w1334465565: Lambright Lane
[905/16883] osm-w1334465589: Freedom Trail
[906/16883] osm-w1334465636: Glynco Parkway
[907/16883] osm-w1334499392: Lester Road
[908/16883] osm-w1334499630: Newland Street
[909/16883] osm-w1334503438: Reflections Point
[910/16883] osm-w1334510717: Industrial Boulevard
[911/16883] osm-w1334510858: Sylvester Road
[912/16883] osm-w1334510901: Staunton Drive
[913/16883] osm-w1334511061: Macon Road
[914/16883] osm-w1334511075: County Line Road
[915/16883] osm-w1334511417: Bryant Lake Boulevard
[916/16883] osm-w1334511634: LaGrange, Troup County, Georgia, 30241, United States
[917/16883] osm-w1334511811: Whitney Court
[918/16883] osm-w1334511967: Turtle Cove
[919/16883] osm-w1334512359: Flat Creek Trail
[920/16883] osm-w1334512478: Hidden Brook Trail
[921/16883] osm-w1334512747: Bonanza, Clayton County, Georgia, 30250, United States
[922/16883] osm-w1334512749: Fayetteville Road
[923/16883] osm-w1334512866: Festival Avenue
[924/16883] osm-w1334513751: Brantley County, Georgia, 31566, United States
[925/16883] osm-w1334513898: US 280;GA 30
[926/16883] osm-w1334513973: McIntosh Street
[927/16883] osm-w1334514578: Hall Street
[928/16883] osm-w1334514645: Potomac View Court
[929/16883] osm-w1334514856: Lakeridge Court
[930/16883] osm-w1334515085: Bogan Springs Drive
[931/16883] osm-w1334515128: Amberleigh Trace
[932/16883] osm-w1334515290: Misty Morning Way
[933/16883] osm-w1334515469: Addington Drive
[934/16883] osm-w1334515491: Banks Street
[935/16883] osm-w1334980323: Spreading Oaks Drive Northwest
[936/16883] osm-w1334980430: Old Stilesboro Road
[937/16883] osm-w1334980934: Brackendale Road
[938/16883] osm-w1334980995: Kentucky Saddler Court Northwest
[939/16883] osm-w1334981012: Peace Drive Northwest
[940/16883] osm-w1334981044: Registry Drive Northwest
[941/16883] osm-w1334981076: Honey Pine Lane
[942/16883] osm-w1334981157: Due West Road Northwest
[943/16883] osm-w1334981244: Lake Somerset Drive
[944/16883] osm-w1334981249: Frank Kirk Road
[945/16883] osm-w1334981335: Watchtower Approach
[946/16883] osm-w1334981364: Windward Drive Northwest
[947/16883] osm-w1334981388: Tisbury Drive Northwest
[948/16883] osm-w1334981451: Halisport Lake Drive Northwest
[949/16883] osm-w1334981500: Marne Glen
[950/16883] osm-w1334981723: Elmhurst Boulevard Northwest
[951/16883] osm-w1334981806: Jim Owens Road Northwest
[952/16883] osm-w1334981899: Dukes Creek Drive
[953/16883] osm-w1334981977: Frog Leap Trail Northwest
[954/16883] osm-w1334982005: Everleigh Way Northwest
[955/16883] osm-w1334982032: Battle Forest Drive Southwest
[956/16883] osm-w1334982050: Nob Ridge Drive
[957/16883] osm-w1334982095: Iron Hill Lane
[958/16883] osm-w1334982338: Wyngate Parkway
[959/16883] osm-w1334982366: Waterford Falls Drive
[960/16883] osm-w1334982404: Juliette Road bike lane (southbound)
[961/16883] osm-w1334982479: Stone Mill Run, Tucker, DeKalb County, Georgia, 80083, Unite
[962/16883] osm-w1334982551: Fairington, Stonecrest, DeKalb County, Georgia, 30038, Unite
[963/16883] osm-w1334982558: Brooks Mill Drive
[964/16883] osm-w1334982654: Conners Road
[965/16883] osm-w1334982678: Great Oaks Place
[966/16883] osm-w1334986568: Pulaski Street
[967/16883] osm-w1334986932: Park West Boulevard
[968/16883] osm-w1334987355: Forest Lakes Drive
[969/16883] osm-w1336427972: Thomson Highway
[970/16883] osm-w1336947663: Kenilworth Court
[971/16883] osm-w1339396779: Cape Harbour Court Northwest
[972/16883] osm-w1339748515: Oakridge Drive
[973/16883] osm-w1343632313: Seville Chase
[974/16883] osm-w1344351603: Camp Branch Road
[975/16883] osm-w1344469202: Johns Creek, Fulton County, Georgia, 30097, United States
[976/16883] osm-w1347392331: Gwinnett County, Georgia, 30043, United States
[977/16883] osm-w1350131996: Prospect Church Road
[978/16883] osm-w1351622285: Mount Vernon Road
[979/16883] osm-w1356356876: Pleasant Hill, Gwinnett County, Georgia, 30243, United State
[980/16883] osm-w1356357070: Breckinridge Boulevard
[981/16883] osm-w1356357129: The Wildings, Gwinnett County, Georgia, 30243, United States
[982/16883] osm-w1356374923: Cruse Road Northwest
[983/16883] osm-w1356375006: Old Norcross Road Northwest
[984/16883] osm-w1356375184: Gwinnett County, Georgia, 30243, United States
[985/16883] osm-w1356375255: Cruse Road Northwest
[986/16883] osm-w1356375378: Old Norcross Road
[987/16883] osm-w1356375533: Gwinnett County, Georgia, 30043, United States
[988/16883] osm-w1356682435: North Wellington
[989/16883] osm-w1358277301: Cole Creek Lane
[990/16883] osm-w1359092870: Blackland Drive Northwest
[991/16883] osm-w1359092875: Tuxedo Road Northwest
[992/16883] osm-w1363600789: Newton County, Georgia, United States
[993/16883] osm-w1363866662: Harvey Avenue
[994/16883] osm-w1366255353: Dancy Avenue
[995/16883] osm-w1366386746: Riverview Road
[996/16883] osm-w1366724402: Granite Drive
[997/16883] osm-w1367381465: Aldrich Drive
[998/16883] osm-w1370090944: Hampton-Locust Grove Road
[999/16883] osm-w1370107797: Red Cloud Drive
[1000/16883] osm-w1374361068: A P Roper Road
[1001/16883] osm-w1375160959: Sandy Creek Road
[1002/16883] osm-w1375567276: Monticello Highway
[1003/16883] osm-w1376787073: Warren Way
[1004/16883] osm-w1378096515: Annie P. Henderson Drive
[1005/16883] osm-w1379382520: Moseley Drive
[1006/16883] osm-w1381559765: Gillam Court
[1007/16883] osm-w1382632400: Clayton County, Georgia, 30273, United States
[1008/16883] osm-w1385660678: Heron Bay Boulevard
[1009/16883] osm-w1386460889: Osprey Loop & Sweet Gum Trail
[1010/16883] osm-w1387749171: Mount Zion Boulevard
[1011/16883] osm-w1388946077: Freemanville Road
[1012/16883] osm-w1390613595: Scotlandwell Place
[1013/16883] osm-w1390642209: Hembree Grove Overlook
[1014/16883] osm-w1390642963: Hembree Grove Tr
[1015/16883] osm-w1393451696: Lindbergh, Atlanta, Fulton County, Georgia, 30326, United St
[1016/16883] osm-w1393554212: Highland Park, Columbus, Muscogee County, Georgia, 31906, Un
[1017/16883] osm-w1393555325: Cedar Grove Road
[1018/16883] osm-w1393555489: New Providence Road
[1019/16883] osm-w1393555610: Tullamore Way
[1020/16883] osm-w1393558635: Manor Court
[1021/16883] osm-w1396586676: College View Street
[1022/16883] osm-w1412123542: Willow Club Drive
[1023/16883] osm-w1412570676: Summerchase Circle
[1024/16883] osm-w1414217702: Port Wentworth, Chatham County, Georgia, United States
[1025/16883] osm-w1414715036: Cobb Crossing Southeast
[1026/16883] osm-w1414715040: Calibre Lake Parkway
[1027/16883] osm-w1414715771: Harlington Road
[1028/16883] osm-w1414716139: Smyrna, Cobb County, Georgia, 30082, United States
[1029/16883] osm-w1414819178: Woodmont Drive
[1030/16883] osm-w1415594795: Canron Villas Road
[1031/16883] osm-w1415595381: Hillside Drive Southwest
[1032/16883] osm-w1415843287: Prior Station Road
[1033/16883] osm-w1416509950: Carrington Park Drive
[1034/16883] osm-w1416747655: Highland Lake Drive
[1035/16883] osm-w1416747867: Daylight Circle
[1036/16883] osm-w1418811171: Rockcrest Drive Northeast
[1037/16883] osm-w1419098404: Lake Circle
[1038/16883] osm-w1420067542: Clipper Lane
[1039/16883] osm-w1420612819: Paces Park Drive
[1040/16883] osm-w1420667662: Bouldercrest Park Road
[1041/16883] osm-w1422218281: Wilshire, Tucker, DeKalb County, Georgia, 30083, United Stat
[1042/16883] osm-w1422774433: Lavista Road Northeast
[1043/16883] osm-w1425911162: Rockbridge Drive
[1044/16883] osm-w1426123985: Meeting Street
[1045/16883] osm-w1426801800: Treetrail Parkway Northwest
[1046/16883] osm-w1426857418: Windsor Arms Apartment
[1047/16883] osm-w1427371656: Avonlea Place
[1048/16883] osm-w1427874081: Chase Lane
[1049/16883] osm-w1427874085: Martel Drive
[1050/16883] osm-w1428511795: Christiana Drive
[1051/16883] osm-w1429140630: Sandy Springs, Fulton County, Georgia, 30077, United States
[1052/16883] osm-w1429626984: Rivermont Parkway
[1053/16883] osm-w1429888740: Cunningham Road Southwest
[1054/16883] osm-w1430959002: Country Cove Way Southwest
[1055/16883] osm-w1431221569: Major Loring Way
[1056/16883] osm-w1431416762: Fredricks Cove
[1057/16883] osm-w1431416767: Harmony Church Road
[1058/16883] osm-w1431430462: The Village at Crown Mountain, Dahlonega, Lumpkin County, Ge
[1059/16883] osm-w1432072874: Old Park Court
[1060/16883] osm-w1432482405: Providence Boulevard
[1061/16883] osm-w1432608189: Wildwood Lane
[1062/16883] osm-w1434710788: Huntwick Place
[1063/16883] osm-w1435151272: Carondelett Cove Southwest
[1064/16883] osm-w1435918993: Avery Creek Drive
[1065/16883] osm-w1436373480: Mullberry Creek
[1066/16883] osm-w1436956353: Lake Drive Southeast
[1067/16883] osm-w1436959018: Charleston Lane
[1068/16883] osm-w1441676751: Dunhill Way Drive
[1069/16883] osm-w1441738452: Mother Goose Village
[1070/16883] osm-w1442197291: North Chestnut Grove Drive
[1071/16883] osm-w1442197432: Redbud Trail
[1072/16883] osm-w1442198988: Silver Ridge Drive
[1073/16883] osm-w1442500494: Duncan Memorial Highway
[1074/16883] osm-w1443732696: Camp Creek Estates, Trickum, Mountain Park, Gwinnett County,
[1075/16883] osm-w1444129425: Ryland Hills Drive
[1076/16883] osm-w1444340766: Johnson Circle
[1077/16883] osm-w1444340915: DeKalb County, Georgia, 30340, United States
[1078/16883] osm-w1445659915: Virginia Lane
[1079/16883] osm-w1445677486: Campbell Road Southeast
[1080/16883] osm-w1445677494: Crestlane Drive
[1081/16883] osm-w1445692163: Paces Ferry Road Northwest
[1082/16883] osm-w1445692177: Parian Ridge Road Northwest
[1083/16883] osm-w1445692181: Paces Ferry Road Northwest
[1084/16883] osm-w1445692185: Ridgewood Road Northwest
[1085/16883] osm-w1446192166: Bolero Drive
[1086/16883] osm-w1446192207: Mountain Creek, Tucker, DeKalb County, Georgia, 30084, Unite
[1087/16883] osm-w1446192313: Silver Hill Road
[1088/16883] osm-w1446192352: Silver Hill Road
[1089/16883] osm-w1446192377: Dunwoody, DeKalb County, Georgia, 30360, United States
[1090/16883] osm-w1446192443: Old Georgetown Trail
[1091/16883] osm-w1446192481: Herrington Drive Northeast
[1092/16883] osm-w1446259081: Towne Lake Way
[1093/16883] osm-w1446608144: Northcutt Drive
[1094/16883] osm-w1446608145: Chase Ridge Drive
[1095/16883] osm-w1446644711: Gracewood Parkway
[1096/16883] osm-w1447807344: Madison Street
[1097/16883] osm-w1449917475: Jennings Mill Parkway
[1098/16883] osm-w1451238337: Memorial Drive Southeast
[1099/16883] osm-w1452779332: Poplar Street
[1100/16883] osm-w1453465931: Cedar Mill Drive
[1101/16883] osm-w1453920102: Old Coffee Bluff Road
[1102/16883] osm-w1454512700: Punkintown Road
[1103/16883] osm-w1456774808: Lakeview Drive Southwest
[1104/16883] osm-w1458783557: Rock Branch Road
[1105/16883] osm-w1462180957: Hunter Lane
[1106/16883] osm-w1462348335: Maddox Road
[1107/16883] osm-w1462742688: Folkstone Circle
[1108/16883] osm-w1462745766: Hanover Place, Evans, Columbia County, Georgia, 30907, Unite
[1109/16883] osm-w1463021645: Devere Street
[1110/16883] osm-w1463023022: Woodhill Trail
[1111/16883] osm-w1463023229: Myer Drive
[1112/16883] osm-w1463023852: Elm Drive
[1113/16883] osm-w1463026843: Columbia County, Georgia, United States
[1114/16883] osm-w1464071600: North Summers Circle
[1115/16883] osm-w1464443189: Shiloh Road East
[1116/16883] osm-w1466606370: Barnett Shoals Road
[1117/16883] osm-w1466864741: Ebenezer Church Road
[1118/16883] osm-w1467183746: Leeds Garden Terrace
[1119/16883] osm-w1467485257: Waterside Drive
[1120/16883] osm-w1467716701: East Cherokee Drive
[1121/16883] osm-w1467736396: Holland Drive
[1122/16883] osm-w1467736397: Holland Drive
[1123/16883] osm-w1468125408: Carmichael Circle
[1124/16883] osm-w1468126299: Annandale Drive
[1125/16883] osm-w1469950949: Old Pretoria Road
[1126/16883] osm-w1470147533: Hogansville, Troup County, Georgia, 30230, United States
[1127/16883] osm-w1473221305: South Nelson Street
[1128/16883] osm-w1473221706: Club Drive
[1129/16883] osm-w1474288236: Friar Tuck Lane
[1130/16883] osm-w1474372640: Armory Circle
[1131/16883] osm-w1474376093: Cobblestone Drive
[1132/16883] osm-w1474377367: Schlatterville Road
[1133/16883] osm-w1475432567: Chadsford Road Southeast
[1134/16883] osm-w1480444171: Pilgrim Mill Circle
[1135/16883] osm-w1481627271: Dodd Faucett Path
[1136/16883] osm-w1484389090: Aberdeen Circle
[1137/16883] osm-w1485118148: Brookview Estates, Farmington, Columbus, Muscogee County, Ge
[1138/16883] osm-w1485118284: Whisperwood Drive
[1139/16883] osm-w1485118954: The Vinings, Columbus, Muscogee County, Georgia, 31820, Unit
[1140/16883] osm-w1485119236: GA 315
[1141/16883] osm-w1485917159: Colquitt Road
[1142/16883] osm-w1486205575: Riverside Drive Northwest
[1143/16883] osm-w1486419465: Bearcat Boulevard
[1144/16883] osm-w1486770985: Howell Bridge Road
[1145/16883] osm-w1486870066: Coachman Lane
[1146/16883] osm-w1487211378: Ebenezer Road
[1147/16883] osm-w1487211949: Varnedoe Avenue
[1148/16883] osm-w1487213917: Addie B Byers Drive
[1149/16883] osm-w1487221823: Marsh Harbour Parkway
[1150/16883] osm-w1487223407: Gardenia Drine
[1151/16883] osm-w1487360332: Greensboro Highway
[1152/16883] osm-w1487360684: Linton Road
[1153/16883] osm-w1487361014: Wright Drive
[1154/16883] osm-w1487363340: Springhaven Road
[1155/16883] osm-w1487841723: Orchard Road
[1156/16883] osm-w1488067066: Walthour Road
[1157/16883] osm-w1488407103: Stonebridge Circle
[1158/16883] osm-w1488408420: West Main Street
[1159/16883] osm-w1488416557: 1st Avenue
[1160/16883] osm-w1488436078: Calvin Drive
[1161/16883] osm-w1488641191: Highgate Lane
[1162/16883] osm-w1488642859: Joey Williamson Road
[1163/16883] osm-w1489948030: Preserve Lane
[1164/16883] osm-w1489948438: Rockingwood Lane
[1165/16883] osm-w1490330819: Ledbetter Road
[1166/16883] osm-w1490716541: Sugar Creek Golf Drive
[1167/16883] osm-w1491671596: McDaniel Road
[1168/16883] osm-w1492938588: Jason Drive
[1169/16883] osm-w1493129984: US 11;GA 58
[1170/16883] osm-w1493282098: Port Wentworth, Chatham County, Georgia, 31407, United State
[1171/16883] osm-w1493294848: Olde Towne Parkway
[1172/16883] osm-w1493988937: Vance Avenue
[1173/16883] osm-w1493991496: Plymouth Court
[1174/16883] osm-w1493992371: Mountainbrook Drive
[1175/16883] osm-w1493992881: Brookstone Drive Northwest
[1176/16883] osm-w1493993742: Kennworth Park Road
[1177/16883] osm-w1494018974: Saddlebrook Close
[1178/16883] osm-w1494019497: Hope Vine
[1179/16883] osm-w1494020400: Singletree Trace
[1180/16883] osm-w1494022924: Weycroft Circle
[1181/16883] osm-w1494030435: Riverview Court
[1182/16883] osm-w1494076661: Country Way
[1183/16883] osm-w1494096710: Hidden Harbor Drive
[1184/16883] osm-w1494096729: Lanier Drive
[1185/16883] osm-w1494377359: Edgewater Drive Northwest
[1186/16883] osm-w1494378027: Atlanta Bypass / The Perimeter
[1187/16883] osm-w1494385613: Pavilion Lane
[1188/16883] osm-w1494385696: Athletic Field Lane
[1189/16883] osm-w1494900009: Treyford Court
[1190/16883] osm-w1495326222: PATH400
[1191/16883] osm-w1495708757: Chapel Road
[1192/16883] osm-w1495709080: Camp Barney Way
[1193/16883] osm-w1495745578: Post Road
[1194/16883] osm-w1495746286: Kirkland Road
[1195/16883] osm-w1495950678: Bailey Drive
[1196/16883] osm-w1495954886: Fayetteville Road
[1197/16883] osm-w1496198276: Elder Road
[1198/16883] osm-w1496198280: Elder Road
[1199/16883] osm-w1496199608: Sunningdale Drive
[1200/16883] osm-w1496200349: Kara's Court
[1201/16883] osm-w1496203250: Vantage Drive
[1202/16883] osm-w1496204071: Lane Ridge Way Northeast
[1203/16883] osm-w1496208698: Candler School Spur PATH
[1204/16883] osm-w1496209606: Lenore Court
[1205/16883] osm-w1496214671: Melvin Drive Southwest
[1206/16883] osm-w1496215938: Stonecrest, DeKalb County, Georgia, 30058, United States
[1207/16883] osm-w1496216059: Rock Chapel Road
[1208/16883] osm-w1496216813: Springrock Hill Trail
[1209/16883] osm-w1496218273: Kolb's Farm West Trail
[1210/16883] osm-w1496218367: Walkers Ridge Trail
[1211/16883] osm-w1496218722: Fenwick Pointe
[1212/16883] osm-w1496220994: Stone Road
[1213/16883] osm-w1496220998: East Point, Fulton County, Georgia, 30344, United States
[1214/16883] osm-w1496221855: Sullivan Road
[1215/16883] osm-w1496222384: Marina Street
[1216/16883] osm-w1496234522: Beatie Avenue Southwest
[1217/16883] osm-w1496235542: Delano Drive Northeast
[1218/16883] osm-w1496236381: Calibre Woods Drive
[1219/16883] osm-w1496236644: Shoal Creek Road
[1220/16883] osm-w1496236801: Da Vinci Boulevard
[1221/16883] osm-w1496236857: Leeland Road
[1222/16883] osm-w1496325502: Peachtree Hills Avenue Northeast
[1223/16883] osm-w1496534764: Rockwood Way Southwest
[1224/16883] osm-w1496534936: Ivy Glen Circle
[1225/16883] osm-w1496536988: Devon Lane
[1226/16883] osm-w1496537264: Cedar Creek Parkway
[1227/16883] osm-w1496540733: Glenbarr Drive
[1228/16883] osm-w1496591643: Huddlestone Way
[1229/16883] osm-w1496592053: McGinnis Ferry Road
[1230/16883] osm-w1496593043: South Kimball Bridge Crossing
[1231/16883] osm-w1496595036: Glenhurst Pass
[1232/16883] osm-w1498675680: Kensington Farms Drive
[1233/16883] osm-w1499801030: Duluth, Gwinnett County, Georgia, 30097, United States
[1234/16883] osm-w1503806770: Greenhaven Drive Southeast
[1235/16883] osm-w1503812787: Morgans Landing Drive
[1236/16883] osm-w1506576059: Wood Road
[1237/16883] osm-w1508003960: Southeast 9th Street
[1238/16883] osm-w1509475113: Henderson Parkway
[1239/16883] osm-w1509667876: East Chambord Drive Northwest
[1240/16883] osm-w1509667878: Crest Valley Drive Northwest
[1241/16883] osm-w1509667879: North Powers Ferry Road Northwest
[1242/16883] osm-w1509670775: Danny Drive
[1243/16883] osm-w1509675418: Arlington Drive
[1244/16883] osm-w1509698787: Milton, Fulton County, Georgia, 30005, United States
[1245/16883] osm-w1510168005: Sandy Springs, Fulton County, Georgia, 30328, United States
[1246/16883] osm-w1510171381: Campground Road
[1247/16883] osm-w1510409307: Winding Branch Circle
[1248/16883] osm-w1510409313: Chamblee Dunwoody Road
[1249/16883] osm-w1510409320: Brentwood Way
[1250/16883] osm-w1510410651: Dorris Road
[1251/16883] osm-w1510412031: Stellata Circle
[1252/16883] osm-w1510921067: Bradley Point Road
[1253/16883] osm-w1511078077: Whitehawk Trail Northwest
[1254/16883] osm-w1511808893: Marsh Trail Circle Northeast
[1255/16883] osm-w1511809369: Milton, Fulton County, Georgia, 30075, United States
[1256/16883] osm-w1512185125: Walnut Mountain Road
[1257/16883] osm-w1512532138: Laina Bennett Road
[1258/16883] osm-w1512532546: Westhampton Way
[1259/16883] osm-w1512534196: Sports Club Drive
[1260/16883] osm-w1512540549: Rue Charlemagne Drive
[1261/16883] osm-w1512540636: Milton, Fulton County, Georgia, 30005, United States
[1262/16883] osm-w1512541193: Milton, Fulton County, Georgia, 30009, United States
[1263/16883] osm-w1512541970: Cogburn Ridge Road
[1264/16883] osm-w1512542161: Hopewell Road
[1265/16883] osm-w1512542165: Bethany Church Road
[1266/16883] osm-w1512542651: Broadwell Oaks Drive
[1267/16883] osm-w1512542684: Squirrel Run
[1268/16883] osm-w1512542831: Saddle Creek Circle
[1269/16883] osm-w1512543796: Wickerberry Lane
[1270/16883] osm-w1512543912: Willeo Road
[1271/16883] osm-w1512557609: Parkside Terrace
[1272/16883] osm-w1512557825: North Fayette Court
[1273/16883] osm-w1512559279: Queensdale Drive
[1274/16883] osm-w1512783364: Skyland Drive
[1275/16883] osm-w1513263195: Etowah Parkway
[1276/16883] osm-w1514324823: Connally Trail Southwest
[1277/16883] osm-w1514953807: Hollyfax Circle Northeast
[1278/16883] osm-w1514998762: Princeton Trace Northeast
[1279/16883] osm-w1515071335: Treeline Southeast Drive
[1280/16883] osm-w1515071413: Cowan Road Southeast
[1281/16883] osm-w1515076839: Chinaberry Drive
[1282/16883] osm-w1515076848: Oldbury Place
[1283/16883] osm-w1515487524: Cobb County, Georgia, 30064, United States
[1284/16883] osm-w1517277266: Token Chase
[1285/16883] osm-w1517309533: Burwick Lane
[1286/16883] osm-w1517309535: Campground Road
[1287/16883] osm-w1517309538: Westfallen Overlook
[1288/16883] osm-w1517309549: Fox Hollow Run
[1289/16883] osm-w1517309564: Lower Birmingham Road
[1290/16883] osm-w1517309575: East Cherokee Drive
[1291/16883] osm-w1517309607: Burlwood Drive
[1292/16883] osm-w1517628527: Greenway Drive
[1293/16883] osm-w1517648773: Dobbs Drive
[1294/16883] osm-w1517654276: Grand Litchfield Drive
[1295/16883] osm-w1517863275: Blackberry Run Trail
[1296/16883] osm-w1517863682: Highland Colony Drive
[1297/16883] osm-w1517878905: Polo Circle
[1298/16883] osm-w1517897833: Lumpkin, Dawson County, Georgia, 30534, United States
[1299/16883] osm-w1518534828: Madison Drive
[1300/16883] osm-w1518534867: Wyndham Farms Drive
[1301/16883] osm-w1518534877: South Thompson Road
[1302/16883] osm-w1518634838: Wenona, Crisp County, Georgia, 31015, United States
[1303/16883] osm-w1521054422: Peachtree Hills Avenue Northeast
[1304/16883] osm-w1521054428: Summit North Drive
[1305/16883] osm-w1521055835: Mayfair Place
[1306/16883] osm-w1521084651: Melbourne Trail
[1307/16883] osm-w1521094234: Blackstone Drive
[1308/16883] osm-w1522103756: Rutland Trace
[1309/16883] osm-w1522140896: Circlestone Drive
[1310/16883] osm-w1522182540: Treehills Parkway
[1311/16883] osm-w1523155922: Carlisle Club Drive
[1312/16883] osm-w1523156301: Tahoe Court
[1313/16883] osm-w1523243060: Spring Hill Drive
[1314/16883] osm-w1523243064: Walden Crossing Drive
[1315/16883] osm-w1523243343: Vulcan Drive
[1316/16883] osm-w1523243447: Washington Drive
[1317/16883] osm-w1523243481: Perimeter Road
[1318/16883] osm-w1523276697: Falstaff Court
[1319/16883] osm-w1523276708: Charles Hardy Parkway
[1320/16883] osm-w1523281945: Fieldstone Drive
[1321/16883] osm-w1523845646: Colony Ridge Drive
[1322/16883] osm-w1523850080: Sumac Drive
[1323/16883] osm-w1523850084: Maple Leaf Road Northwest
[1324/16883] osm-w1524271529: Walbury Drive
[1325/16883] osm-w1524271534: Village Court
[1326/16883] osm-w1524782065: Merrilaw Lane
[1327/16883] osm-w1524782795: Evergreen Trail
[1328/16883] osm-w1524790210: Bankstone Drive Southwest
[1329/16883] osm-w1524790215: Addie Pond Way
[1330/16883] osm-w1524790219: Cobb County, Georgia, 30064, United States
[1331/16883] osm-w1524790222: Due West Road Northwest
[1332/16883] osm-w1524790333: Morrison Road
[1333/16883] osm-w1524791385: Caledonian Circle
[1334/16883] osm-w1524793498: Brookefield Way
[1335/16883] osm-w1524793508: Danley Drive
[1336/16883] osm-w1524796429: Heards Ferry Road Northwest
[1337/16883] osm-w1524796430: Heards Ferry Road Northwest
[1338/16883] osm-w1524796431: Heards Ferry Road Northwest
[1339/16883] osm-w1524796433: Heards Ferry Road Northwest
[1340/16883] osm-w1524796434: Riverwood Drive Northwest
[1341/16883] osm-w1524796442: Wildercliff Drive Northwest
[1342/16883] osm-w1524798375: Village Green Drive
[1343/16883] osm-w1524798381: Ebenezer Road
[1344/16883] osm-w1524799436: Dr Bramblett Road
[1345/16883] osm-w1524809337: Mulberry Drive
[1346/16883] osm-w1524917905: Friendship Road
[1347/16883] osm-w1525013357: North Point Circle
[1348/16883] osm-w1525018335: Town Creek Circle
[1349/16883] osm-w1525021300: Rockdale County, Georgia, 30013, United States
[1350/16883] osm-w1525024412: windy mill Way
[1351/16883] osm-w1525048344: Flat Creek Trail
[1352/16883] osm-w1525587057: Thompson Creek Park Road
[1353/16883] osm-w1525632949: Laurel Park Road
[1354/16883] osm-w1525654672: Marie Drive
[1355/16883] osm-w1525976111: Old Floyd Road
[1356/16883] osm-w1525983466: Lakeview Drive
[1357/16883] osm-w1525985548: Lucky Place
[1358/16883] osm-w1526272423: Barrington Oaks Ridge
[1359/16883] osm-w1526280714: Omara Lane Southeast
[1360/16883] osm-w1526556246: Campbell Drive
[1361/16883] osm-w1526560575: Harris County, Georgia, 31807, United States
[1362/16883] osm-w1526659589: Old Peachtree Road
[1363/16883] osm-w1526666859: Treehills Parkway
[1364/16883] osm-w1527093728: North Peachtree Way
[1365/16883] osm-w1527093737: Dunwoody Club Crossing
[1366/16883] osm-w1527361555: Terrell Circle
[1367/16883] osm-w1527428179: Lost Mountain Road
[1368/16883] osm-w1527442486: County Line Road Northwest
[1369/16883] osm-w1527718481: Harmony Road
[1370/16883] osm-w1527745871: Harbor Court
[1371/16883] osm-w1529510547: Harris Trail Northwest
[1372/16883] osm-w1529510551: Harris Trail Northwest
[1373/16883] osm-w1529510552: Harris Trail Northwest
[1374/16883] osm-w1529510553: Indian Trail Northwest
[1375/16883] osm-w1529510563: Ascot Manor Northwest
[1376/16883] osm-w1529510566: Hastings Manor Northwest
[1377/16883] osm-w1529511369: Crest Valley Drive Northwest
[1378/16883] osm-w1529511370: Crest Valley Drive Northwest
[1379/16883] osm-w1529511371: Jett Forest Court Northwest
[1380/16883] osm-w1529511374: Misty Ridge Manor Northwest
[1381/16883] osm-w1529511376: Chevaux Court Northwest
[1382/16883] osm-w1529511377: Cross Gate Drive Northwest
[1383/16883] osm-w1529511378: Long Island Drive Northwest
[1384/16883] osm-w1529511379: Glen Lake Drive Northwest
[1385/16883] osm-w1529511380: Atlanta Bypass / The Perimeter
[1386/16883] osm-w1529511381: Sandy Springs, Fulton County, Georgia, 30328, United States
[1387/16883] osm-w1529511382: Johnson Ferry Road Northwest
[1388/16883] osm-w1529511383: Landfall Road Northwest
[1389/16883] osm-w1529519331: Batesville Road
[1390/16883] osm-w1529519332: Cherokee Court
[1391/16883] osm-w1529519342: Mill Creek Drive
[1392/16883] osm-w1529519348: Fred Bishop Drive
[1393/16883] osm-w1529519350: Towne Mill Avenue
[1394/16883] osm-w1532471934: Engelhard Way
[1395/16883] osm-w1532472627: A Dean Perry Lane
[1396/16883] osm-w1532478557: Lowndes County, Georgia, 31645, United States
[1397/16883] osm-w1532479408: Abbott Circle
[1398/16883] osm-w1535473086: Dug Gap Road
[1399/16883] osm-w1539746513: 8th Avenue East
[1400/16883] osm-w1546207060: Colonial Court
[1401/16883] osm-w1546729489: North Camelia Drive
[1402/16883] osm-w1553153809: Rock Creek Drive
[1403/16883] osm-w112171215: Hoonani Road
[1404/16883] osm-w147006936: Ka‘anapali Parkway
[1405/16883] osm-w155526507: Nalo Road
[1406/16883] osm-w155843519: Honoapiilani Highway
[1407/16883] osm-w155850844: Kekaa Drive
[1408/16883] osm-w156280663: Lower Honoapi‘ilani Road
[1409/16883] osm-w173011611: Kaanapali Shores Place
[1410/16883] osm-w173211278: Nohea Kai Drive
[1411/16883] osm-w173538772: Kapalua Coastal Trail
[1412/16883] osm-w173996900: Kai Ala Drive
[1413/16883] osm-w192388936: Keaau Homesteads Road
[1414/16883] osm-w192833966: Wells Street
[1415/16883] osm-w198505874: Kahakai Road
[1416/16883] osm-w219477218: Kauai Beach Road
[1417/16883] osm-w230155247: Poʻipū, Kauaʻi County, Hawaii, 96756, United States
[1418/16883] osm-w231657934: Kalopa Road
[1419/16883] osm-w238915890: Kiholo-Puako Trail
[1420/16883] osm-w256483404: Lanikuhana Place
[1421/16883] osm-w260059462: Puolo Road
[1422/16883] osm-w260535382: Mauna Loa Street
[1423/16883] osm-w287242203: Moffet Street
[1424/16883] osm-w300284232: Puu Lani Drive
[1425/16883] osm-w303721303: Noela Place
[1426/16883] osm-w303721385: Noela Street
[1427/16883] osm-w304037601: Kahakai Drive
[1428/16883] osm-w304744682: Punahou Street
[1429/16883] osm-w306192412: South Vineyard Boulevard
[1430/16883] osm-w311966492: Kamehameha V Highway
[1431/16883] osm-w317842552: Pikake Place
[1432/16883] osm-w320320508: Kepuhi Place
[1433/16883] osm-w325564975: Miller Street
[1434/16883] osm-w327011249: Wailua, Kauaʻi County, Hawaii, 96746, United States
[1435/16883] osm-w327011250: Pono Kai Street
[1436/16883] osm-w327493889: Kahala Avenue
[1437/16883] osm-w327493890: Kahala Avenue
[1438/16883] osm-w327493892: ʻAukai Avenue
[1439/16883] osm-w336932918: Makena Road
[1440/16883] osm-w336933100: Keonekai Road
[1441/16883] osm-w336933102: Maui Banyan Access Road
[1442/16883] osm-w336933280: Walaka Street
[1443/16883] osm-w338721643: Ala Koa Street
[1444/16883] osm-w340007128: Beach Path
[1445/16883] osm-w341322927: Makena Alanui
[1446/16883] osm-w359980394: Wailea Alanui Drive
[1447/16883] osm-w364574330: Puʻuanahulu
[1448/16883] osm-w388128937: Kamalu Road
[1449/16883] osm-w388180815: Kamoa Road
[1450/16883] osm-w415222236: Honoapiilani Highway
[1451/16883] osm-w447532486: North Kihei Road
[1452/16883] osm-w447859960: South Kihei Road
[1453/16883] osm-w447859961: Kihei, Maui County, Hawaii, 96753, United States
[1454/16883] osm-w450234292: South Kihei Road
[1455/16883] osm-w450613973: Kulipuu Street
[1456/16883] osm-w468516822: Kahoaloha Lane
[1457/16883] osm-w468569126: Kipaipai Street
[1458/16883] osm-w471551247: Honoapiilani Highway
[1459/16883] osm-w471551904: Lower Honoapi‘ilani Road
[1460/16883] osm-w480330684: Judd Hillside Road
[1461/16883] osm-w480330703: Puualii Place
[1462/16883] osm-w481856050: Makiki Heights Drive
[1463/16883] osm-w482373011: Makiki Heights Drive
[1464/16883] osm-w482373017: Pililani Place
[1465/16883] osm-w486915977: Round Top Drive
[1466/16883] osm-w487609412: Heulu Street
[1467/16883] osm-w489982383: Clark Street
[1468/16883] osm-w503102960: Lower Kula Road
[1469/16883] osm-w504481787: South Sidewinder Road
[1470/16883] osm-w505870849: Aliʻi Drive
[1471/16883] osm-w557201974: Lower Honoapi‘ilani Road
[1472/16883] osm-w589300049: Meaulu Street
[1473/16883] osm-w646283206: Kailua Road
[1474/16883] osm-w646538589: Kaanapali, Maui County, Hawaii, 96761, United States
[1475/16883] osm-w646805119: Kamahele Street
[1476/16883] osm-w662591985: Makanaa Street
[1477/16883] osm-w671751772: Puailima Place
[1478/16883] osm-w676603926: Edgewater Drive
[1479/16883] osm-w678265264: Aliʻi Drive
[1480/16883] osm-w694375893: Lahilahi Street
[1481/16883] osm-w802059298: Independence Road
[1482/16883] osm-w826320321: Kamapane Place
[1483/16883] osm-w830882556: Maniniowali Drive
[1484/16883] osm-w878258256: Lahainaluna Road
[1485/16883] osm-w878625091: Kaaahi Street
[1486/16883] osm-w879255011: Puapihi Street
[1487/16883] osm-w879471194: Thompson Road
[1488/16883] osm-w886491763: Kalaniana’ole Highway
[1489/16883] osm-w886573965: Hamilton Road
[1490/16883] osm-w913799582: Round Top Drive
[1491/16883] osm-w926960971: Arsenal Street
[1492/16883] osm-w935468917: Kaneohe Bay Drive
[1493/16883] osm-w950125098: Peʻe Road
[1494/16883] osm-w951535986: Linaka Road
[1495/16883] osm-w954930320: Iroquois Avenue Drive
[1496/16883] osm-w1001811742: Maluhia Road
[1497/16883] osm-w1039820190: Kolepa Place
[1498/16883] osm-w1052934495: Alaneo Street
[1499/16883] osm-w1061887011: Kauaʻi County
[1500/16883] osm-w1074415921: Aliianela Place
[1501/16883] osm-w1113756030: Kealohilani Avenue
[1502/16883] osm-w1132077813: Konawaena School Road
[1503/16883] osm-w1158872967: Hickam, Aiea, Honolulu County, Hawaii, 96860, United States
[1504/16883] osm-w1201560561: Kauhale Street
[1505/16883] osm-w1212158269: Beckley Street
[1506/16883] osm-w1216621418: Ahina Street
[1507/16883] osm-w1218841834: Kahala Avenue
[1508/16883] osm-w1218842172: Kahala Avenue
[1509/16883] osm-w1222106135: Royal Circle
[1510/16883] osm-w1222377462: ʻAukai Avenue
[1511/16883] osm-w1225136073: Diamond Head Road
[1512/16883] osm-w1226026370: Lower Honoapi‘ilani Road
[1513/16883] osm-w1226026490: Papaua Place
[1514/16883] osm-w1226026491: Lower Honoapi‘ilani Road
[1515/16883] osm-w1226895630: Queen Street
[1516/16883] osm-w1241845278: McGrew Loop
[1517/16883] osm-w1243814257: Kolapa Place
[1518/16883] osm-w1256619372: Vickers Avenue
[1519/16883] osm-w1330349121: Kona Bay Drive
[1520/16883] osm-w1330349215: Palani Road
[1521/16883] osm-w1361611828: Baldwin Avenue
[1522/16883] osm-w1423793406: Nohea Kai Drive
[1523/16883] osm-w1442140836: Hawane Place
[1524/16883] osm-w1442141355: Kainoa Place
[1525/16883] osm-w1442141502: Moaniala Street
[1526/16883] osm-w1442141514: Kalaniana’ole Highway
[1527/16883] osm-w1442141564: Kalaniana’ole Highway
[1528/16883] osm-w1442141680: Kalaniana’ole Highway
[1529/16883] osm-w1442141848: Kalaniana’ole Highway
[1530/16883] osm-w1442142097: Kalaniana’ole Highway
[1531/16883] osm-w1443446676: Poipu Kai Green Belt
[1532/16883] osm-w1446157094: Pawale Place
[1533/16883] osm-w1454594875: Bunker Avenue
[1534/16883] osm-w1471433641: Aliomanu Road
[1535/16883] osm-w1471434964: Kilauea, Kauaʻi County, Hawaii, 96754, United States
[1536/16883] osm-w1484753386: Hihimanu Street
[1537/16883] osm-w1503245397: Hao Kuni Street
[1538/16883] osm-w1504285839: Palani Junction, Kalaoa, Hawaiʻi County, Hawaii, 96740, Unit
[1539/16883] osm-w1504290108: Palani Junction, Kalaoa, Hawaiʻi County, Hawaii, 96740, Unit
[1540/16883] osm-w1504337553: Hao-Kuni Place
[1541/16883] osm-w1510451855: Hanalima Place
[1542/16883] osm-w1512245415: Kuhio Highway
[1543/16883] osm-w1530510667: Waipio Acres, Waipahu, Honolulu County, Hawaii, 96789, Unite
[1544/16883] osm-w1537521963: Lunalilo Home Road
[1545/16883] osm-w37926431: Harrison Drive
[1546/16883] osm-w73766823: Webb Street
[1547/16883] osm-w132844273: Cutty's Camp Ground
[1548/16883] osm-w165657289: 8th Street
[1549/16883] osm-w177679113: 8th Avenue Southwest
[1550/16883] osm-w183767362: Welch Avenue
[1551/16883] osm-w193043550: Sherwood Drive
[1552/16883] osm-w220239790: 4th Avenue East
[1553/16883] osm-w222559072: Lake Park, Dickinson County, Iowa, United States
[1554/16883] osm-w236733547: North 3rd Street
[1555/16883] osm-w242511533: 9th Avenue Southwest
[1556/16883] osm-w243012853: Park Avenue
[1557/16883] osm-w256743290: Elmhurst Court
[1558/16883] osm-w258035895: 2nd Avenue
[1559/16883] osm-w262080956: Ash Street
[1560/16883] osm-w264396682: 12th Avenue North
[1561/16883] osm-w267919954: North Canfield Street
[1562/16883] osm-w286687865: Fuller Road
[1563/16883] osm-w291970596: Crisman Street
[1564/16883] osm-w297224911: East Monroe Street
[1565/16883] osm-w300702709: US Highway 18
[1566/16883] osm-w307593517: 6th Avenue
[1567/16883] osm-w309584832: North Davis Street
[1568/16883] osm-w378589082: East Taylor Street
[1569/16883] osm-w381016805: West 1st Street
[1570/16883] osm-w384039989: East Carleton Street
[1571/16883] osm-w438346230: North 16th Street
[1572/16883] osm-w446196686: Jackson Street
[1573/16883] osm-w447098856: Bever Park Trail
[1574/16883] osm-w461505767: 42nd Street Northeast
[1575/16883] osm-w469312449: Emerson Street
[1576/16883] osm-w477127741: East May Street
[1577/16883] osm-w478648087: Woodbine City Park
[1578/16883] osm-w480613485: West Jefferson Street
[1579/16883] osm-w481041045: Ash Avenue
[1580/16883] osm-w481724925: Complex Drive
[1581/16883] osm-w481725653: Fox Avenue
[1582/16883] osm-w481726232: D Avenue
[1583/16883] osm-w536716903: Park Road
[1584/16883] osm-w635775816: West Elm Street
[1585/16883] osm-w769440337: 3rd Avenue Southwest
[1586/16883] osm-w803520344: Buffalo Avenue
[1587/16883] osm-w815445289: Glastonbury Street
[1588/16883] osm-w822921226: Frontage Road
[1589/16883] osm-w826316976: Ridgewood Drive
[1590/16883] osm-w850162992: Columbia Circle
[1591/16883] osm-w850647350: Linder Lane Northeast
[1592/16883] osm-w851818052: West 1st Street
[1593/16883] osm-w851818067: North 1st Street
[1594/16883] osm-w851818074: 3rd Street
[1595/16883] osm-w851900515: East Sycamore Street
[1596/16883] osm-w851902615: 8th Street
[1597/16883] osm-w851908164: Manhatten Boulevard
[1598/16883] osm-w852476306: 6th Street
[1599/16883] osm-w852476315: Oak Avenue
[1600/16883] osm-w854240635: East Welch Street
[1601/16883] osm-w854270009: Main Street
[1602/16883] osm-w855458461: Park Street
[1603/16883] osm-w855458486: East Johnson Street
[1604/16883] osm-w855925820: Spruce Street East
[1605/16883] osm-w856466201: Claiborne Drive
[1606/16883] osm-w856466213: Gisleson Drive
[1607/16883] osm-w856513594: 6th Street
[1608/16883] osm-w856513602: South State Street
[1609/16883] osm-w856513608: South League Road
[1610/16883] osm-w856836190: Hospital Avenue
[1611/16883] osm-w857539296: Country Club Drive
[1612/16883] osm-w857539304: Avenue F
[1613/16883] osm-w857539352: Fulton Street
[1614/16883] osm-w857643372: 3rd Street Northeast
[1615/16883] osm-w858181657: South College Street
[1616/16883] osm-w858541561: Park Street
[1617/16883] osm-w858541568: Park Avenue
[1618/16883] osm-w858541574: 3rd Avenue
[1619/16883] osm-w858541582: 4th Street
[1620/16883] osm-w858603803: South Elm Street
[1621/16883] osm-w858603814: Tower Street
[1622/16883] osm-w858649318: 3rd Street
[1623/16883] osm-w859307897: Park Street
[1624/16883] osm-w859329363: 100th Street
[1625/16883] osm-w859329386: Shin Bone Drive
[1626/16883] osm-w859894107: Redwing Hollow Southwest
[1627/16883] osm-w860087094: 11th Street Southeast
[1628/16883] osm-w860409662: A Street Southeast
[1629/16883] osm-w865127579: Temple Lane
[1630/16883] osm-w881514668: Wessex Drive
[1631/16883] osm-w888218819: Northwest 84th Avenue
[1632/16883] osm-w890193996: Northwest 66th Avenue
[1633/16883] osm-w894998411: Rapid Creek Road Northeast
[1634/16883] osm-w905935967: Collins Road Northeast
[1635/16883] osm-w922223244: Wisconsin Avenue
[1636/16883] osm-w941464227: Camanche Industrial Park Road
[1637/16883] osm-w942238737: Lake Shore Drive
[1638/16883] osm-w942238739: Lake Shore Drive
[1639/16883] osm-w963075781: Bailey Street
[1640/16883] osm-w969257588: 12th Avenue South
[1641/16883] osm-w987552981: Stoneybrook Court
[1642/16883] osm-w995886734: Adams Road Southeast
[1643/16883] osm-w995886757: Lakeside Rd
[1644/16883] osm-w995888734: Cottage Grove Avenue Southeast
[1645/16883] osm-w997744383: Bertram Road Southeast
[1646/16883] osm-w998591324: 210th Street
[1647/16883] osm-w1027434239: Rockingham Road
[1648/16883] osm-w1036400130: Blake Street
[1649/16883] osm-w1036865286: Lake Shore Drive
[1650/16883] osm-w1036865288: Lake Shore Drive
[1651/16883] osm-w1036865290: Iowa Great Lakes Trail
[1652/16883] osm-w1059954026: Ventura, Clear Lake Township, Cerro Gordo County, Iowa, 5048
[1653/16883] osm-w1189752018: Main Street
[1654/16883] osm-w1189778012: 2nd Street South
[1655/16883] osm-w1199360514: South 2nd Street
[1656/16883] osm-w1212153983: Waterloo, Black Hawk County, Iowa, 50701, United States
[1657/16883] osm-w1267608571: Competine Trail
[1658/16883] osm-w1290104759: Wanatee Creek Road
[1659/16883] osm-w1300624473: Blairs Ferry Road
[1660/16883] osm-w1301017899: Oak Street
[1661/16883] osm-w1302542038: Banak Court
[1662/16883] osm-w1313691856: Miller Avenue
[1663/16883] osm-w1346500366: 31st Street
[1664/16883] osm-w1348563941: Park Drive
[1665/16883] osm-w1354038693: 3rd Street Northwest
[1666/16883] osm-w1394025552: West Merrill Street
[1667/16883] osm-w1395890145: Jacoby Drive West
[1668/16883] osm-w1414494770: 16th Avenue Southwest
[1669/16883] osm-w1420466618: Smith Street
[1670/16883] osm-w1457672975: North Street
[1671/16883] osm-w1465117790: Indian Hills Drive
[1672/16883] osm-w1468647414: North 5th Avenue
[1673/16883] osm-w1468967672: State Highway 9
[1674/16883] osm-w1470101405: K Avenue
[1675/16883] osm-w1512534502: South Birch Drive
[1676/16883] osm-w1512534563: Cyclone Avenue
[1677/16883] osm-w1526462878: Ring Street
[1678/16883] osm-w248612458: Davis Avenue
[1679/16883] osm-w288580273: McCall Avenue North
[1680/16883] osm-w289134966: Lent Avenue
[1681/16883] osm-w290486312: National Forest Development Road 621
[1682/16883] osm-w319419457: West Lake Street
[1683/16883] osm-w319515857: Highway 40
[1684/16883] osm-w328308325: Nature Trail
[1685/16883] osm-w383146520: Railroad Avenue
[1686/16883] osm-w414261041: Arrowwood Condo Drive
[1687/16883] osm-w414261045: Arrowwood Condo Drive
[1688/16883] osm-w414266161: Camp Way
[1689/16883] osm-w442144595: South 3rd Street East
[1690/16883] osm-w580938557: Sunrise Way
[1691/16883] osm-w582834562: East 665 North
[1692/16883] osm-w587565687: Ridgewood Road
[1693/16883] osm-w587587834: Winning Way
[1694/16883] osm-w589975878: Cedar Hills Drive
[1695/16883] osm-w636854237: West Washington Avenue
[1696/16883] osm-w682514630: East Boise River Lane
[1697/16883] osm-w765263702: Glengary Bay Road
[1698/16883] osm-w821584284: Warren Wagon Road
[1699/16883] osm-w842409763: North Park Avenue
[1700/16883] osm-w884020731: 2nd Street
[1701/16883] osm-w914035862: North Peaceful Cove Lane
[1702/16883] osm-w918926636: Poplar Street
[1703/16883] osm-w935220570: Pronghorn Court
[1704/16883] osm-w960605939: Santa Ana Avenue
[1705/16883] osm-w972439462: East Terry Street
[1706/16883] osm-w1044526057: Toe of The Hill
[1707/16883] osm-w1063716150: Fish Haven, Bear Lake County, Idaho, 83287, United States
[1708/16883] osm-w1063716160: Bear Lake County, Idaho, 83287, United States
[1709/16883] osm-w1116096974: South 12th West
[1710/16883] osm-w1173529683: Reserve Dr
[1711/16883] osm-w1174057177: McKenna Road
[1712/16883] osm-w1197842034: West 100 North
[1713/16883] osm-w1207297612: Abby Road
[1714/16883] osm-w1227436805: City Park Road
[1715/16883] osm-w1233996612: North Curlew Lane
[1716/16883] osm-w1241781964: West Davis Lane
[1717/16883] osm-w1245422335: West Catalpa Drive
[1718/16883] osm-w1246169976: East Center Street
[1719/16883] osm-w1246200410: West Hollilynn Drive
[1720/16883] osm-w1246968418: North Cartwright Road
[1721/16883] osm-w1246968419: North Cartwright Road
[1722/16883] osm-w1251526217: ID 200
[1723/16883] osm-w1262627906: H Street
[1724/16883] osm-w1263883852: West Autumn Lane
[1725/16883] osm-w1263883995: Old US Highway 91
[1726/16883] osm-w1267517661: Mathison Drive
[1727/16883] osm-w1271292758: East Knotty Pine Lane
[1728/16883] osm-w1280822363: North Mellen Drive
[1729/16883] osm-w1289643524: US 30
[1730/16883] osm-w1291985539: South 2470 West
[1731/16883] osm-w1326268397: North Green Valley Lane
[1732/16883] osm-w1331135703: North Pit Lane
[1733/16883] osm-w1333972974: South Kansas Avenue
[1734/16883] osm-w1338926171: 1st Avenue North
[1735/16883] osm-w1342226611: Three Mile Road
[1736/16883] osm-w1343637760: East Sky Harbor Drive
[1737/16883] osm-w1347437218: Abes Chair Road
[1738/16883] osm-w1347453923: Beach Trail
[1739/16883] osm-w1350957987: Barlow Road
[1740/16883] osm-w1353998425: Upper Syringa Heights Road
[1741/16883] osm-w1353999716: Hawkins Road
[1742/16883] osm-w1377087955: Blackfoot, Bingham County, Idaho, 83221, United States
[1743/16883] osm-w1385711330: Marina Way
[1744/16883] osm-w1392332877: Bunker Avenue
[1745/16883] osm-w1411225625: Golden Eagle Drive
[1746/16883] osm-w1412546582: Audubon Place
[1747/16883] osm-w1414168642: Deer Run Road
[1748/16883] osm-w1414168648: Sutton Place
[1749/16883] osm-w1420451853: Canyon County, Idaho, United States
[1750/16883] osm-w1427418156: Rigby High Lane
[1751/16883] osm-w1429893182: North Vivian Avenue
[1752/16883] osm-w1432349198: East B Street
[1753/16883] osm-w1437034409: 1st Street
[1754/16883] osm-w1437034442: West 4th North
[1755/16883] osm-w1437034481: East 2nd North
[1756/16883] osm-w1437034559: East 105th North
[1757/16883] osm-w1437034800: 7th Street
[1758/16883] osm-w1442305933: Hampshire Court
[1759/16883] osm-w1442306037: Kinswood Street
[1760/16883] osm-w1442807193: Castlerock Lane
[1761/16883] osm-w1442807195: Castlerock Lane
[1762/16883] osm-w1448266897: Monroe Street East
[1763/16883] osm-w1454297909: West Lakeshore Road
[1764/16883] osm-w1454581791: Memorial Drive
[1765/16883] osm-w1456030826: East Harper Avenue
[1766/16883] osm-w1468606642: East Loch Maree Drive
[1767/16883] osm-w1468606944: East Loch Haven Drive
[1768/16883] osm-w1468607820: East Fernan Terrace Drive
[1769/16883] osm-w1468611993: Agency Street
[1770/16883] osm-w1468614134: North 1st West
[1771/16883] osm-w1468614204: East 3rd South
[1772/16883] osm-w1468617752: North Hayes Avenue
[1773/16883] osm-w1468619176: Phantom Avenue
[1774/16883] osm-w1468620086: South Theatre Lane
[1775/16883] osm-w1468621889: North Ten Mile Road
[1776/16883] osm-w1488893740: 18th Avenue
[1777/16883] osm-w1498890420: Lake Creek Meadows Road
[1778/16883] osm-w1498890429: Sun Valley Trail
[1779/16883] osm-w1498890432: Wall Street
[1780/16883] osm-w1498890434: Blaine County, Idaho, United States
[1781/16883] osm-w1498890435: Gin Ridge Road
[1782/16883] osm-w1498890438: Wall Street
[1783/16883] osm-w1498890440: Hailey, Blaine County, Idaho, United States
[1784/16883] osm-w1498890441: Hailey, Blaine County, Idaho, United States
[1785/16883] osm-w1498890443: Hailey, Blaine County, Idaho, United States
[1786/16883] osm-w1498890446: River Bend Lane
[1787/16883] osm-w1498890448: Shaun Lane
[1788/16883] osm-w1498890458: Valley Club Drive
[1789/16883] osm-w1498890474: Canyon Road
[1790/16883] osm-w1498890475: Canyon Road
[1791/16883] osm-w1502917236: Pine Knoll Street
[1792/16883] osm-w1512153054: South 4th Avenue
[1793/16883] osm-w1512153522: ID 75
[1794/16883] osm-w1516697386: Nez Perce National Historic Trail
[1795/16883] osm-w1528564058: Sandpoint, Bonner County, Idaho, 83852, United States
[1796/16883] osm-w1528565326: East Jackson Avenue
[1797/16883] osm-w1528565543: Jog Alley
[1798/16883] osm-w1528568278: North 4th Street
[1799/16883] osm-w1528571922: Caldwell, Canyon County, Idaho, 83605, United States
[1800/16883] osm-w1528573045: East Spruce Street
[1801/16883] osm-w1528573704: Blaine Avenue
[1802/16883] osm-w1528893153: North Bogus Basin Road
[1803/16883] osm-w1528893386: West Gillis Road
[1804/16883] osm-w1528902881: Barlow Road
[1805/16883] osm-w1528903039: Stadium Boulevard
[1806/16883] osm-w1528911998: South 3rd Street
[1807/16883] osm-w1528913249: University Drive
[1808/16883] osm-w1528914729: Teton, Fremont County, Idaho, 83451, United States
[1809/16883] osm-w23921848: North Jean Baptiste Point DuSable Lake Shore Drive
[1810/16883] osm-w27749989: Hunt Club Drive
[1811/16883] osm-w30034993: Mount Prospect, Elk Grove Township, Cook County, Illinois, 6
[1812/16883] osm-w48594431: Elk Grove Village, Elk Grove Township, Cook County, Illinois
[1813/16883] osm-w70108514: Bay Colony Drive
[1814/16883] osm-w70108516: Bay Colony Drive
[1815/16883] osm-w70218801: Heron Court
[1816/16883] osm-w72861725: Veterans Memorial Tollway
[1817/16883] osm-w95011444: Hampshire, Hampshire Township, Kane County, Illinois, 60140,
[1818/16883] osm-w97866396: Malmo Drive
[1819/16883] osm-w110307316: Highland Woods Boulevard
[1820/16883] osm-w110846641: Hayrack Drive
[1821/16883] osm-w110961142: Arlington Heights, Elk Grove Township, Cook County, Illinois
[1822/16883] osm-w115572704: West Algonquin Road
[1823/16883] osm-w118060866: Chicago Avenue
[1824/16883] osm-w120451546: West 1000 North Road
[1825/16883] osm-w120479824: East Wood Street
[1826/16883] osm-w120555141: Fairlane Drive
[1827/16883] osm-w120555142: Heron Avenue
[1828/16883] osm-w120555153: Mercury Drive
[1829/16883] osm-w123381565: East Main Street
[1830/16883] osm-w129223463: Illini Drive
[1831/16883] osm-w129241189: Cougar Village
[1832/16883] osm-w131552843: Saint Joseph Creek Road
[1833/16883] osm-w137433651: West Surrey Park Lane
[1834/16883] osm-w140148433: Weber Drive
[1835/16883] osm-w143792503: Shawnee Trail
[1836/16883] osm-w146388827: Chateau Drive
[1837/16883] osm-w163967355: Franklin Street
[1838/16883] osm-w170671079: Lorden Court
[1839/16883] osm-w174730644: Berglund Place
[1840/16883] osm-w175821484: Versailles Drive
[1841/16883] osm-w176193902: Magnolia Drive
[1842/16883] osm-w176408384: West Ford City Drive
[1843/16883] osm-w176881708: Michigan City Road
[1844/16883] osm-w177598119: Skokie Valley Trail
[1845/16883] osm-w177730752: Snedeker Street
[1846/16883] osm-w178423518: Gregory Street
[1847/16883] osm-w179220910: DeKalb High School Bicycle Path
[1848/16883] osm-w179657128: West Stearns Road
[1849/16883] osm-w179913900: Marion Rushing Lane
[1850/16883] osm-w181714634: West 53rd Street
[1851/16883] osm-w183639127: Venetian Lane
[1852/16883] osm-w184227655: Arbor Lane
[1853/16883] osm-w187487869: 1st Street
[1854/16883] osm-w188269198: West Fletcher Street
[1855/16883] osm-w190785766: East 3rd Street
[1856/16883] osm-w191786964: Stacy Circle
[1857/16883] osm-w194235831: Stadium Drive North
[1858/16883] osm-w196616954: 17th Street
[1859/16883] osm-w198389023: Central Road
[1860/16883] osm-w198736163: Game Farm Road
[1861/16883] osm-w198873998: Litchfield Way
[1862/16883] osm-w200192951: North Diamond Street
[1863/16883] osm-w202145111: South Rosewood Drive
[1864/16883] osm-w202515350: Lake Cook Road
[1865/16883] osm-w202517071: Revere Drive
[1866/16883] osm-w213990184: Quincy, Adams County, Illinois, 62305, United States
[1867/16883] osm-w215145585: West Grove Avenue
[1868/16883] osm-w215170663: East Main Street
[1869/16883] osm-w226299155: East 1st Street
[1870/16883] osm-w231778301: Oak Knoll Drive
[1871/16883] osm-w231930484: Landings Lane
[1872/16883] osm-w233075425: Centennial Way
[1873/16883] osm-w235761525: Putnum Road
[1874/16883] osm-r18135329: North Morton Avenue
[1875/16883] osm-w238565037: Cider Court
[1876/16883] osm-w239562940: Big Sky Trail
[1877/16883] osm-w239945799: West 129th Street
[1878/16883] osm-w243703175: Shiloh, Saint Clair County, Illinois, 62225, United States
[1879/16883] osm-w243703176: Ash Creek Drive
[1880/16883] osm-w245526891: Crooked Lake Lane
[1881/16883] osm-w246090117: Circle Drive
[1882/16883] osm-w246257185: East Oak Street
[1883/16883] osm-w246909163: North Baldwin Road
[1884/16883] osm-w247070493: Woodhaven Circle
[1885/16883] osm-w249576624: Campbell Street
[1886/16883] osm-w252631462: Michigan Avenue
[1887/16883] osm-w262587286: Matteson Avenue
[1888/16883] osm-w262723571: Lindsay Lane
[1889/16883] osm-w262753690: 171st Street
[1890/16883] osm-w263419396: Beau Monde Boulevard
[1891/16883] osm-w264313994: Cougar Lake Road
[1892/16883] osm-w274084647: Hidden Lake Road
[1893/16883] osm-w275858685: Belvidere Township, Boone County, Illinois, 61008, United St
[1894/16883] osm-w279663449: Triumph Court
[1895/16883] osm-w280416817: North Soangetaha Road
[1896/16883] osm-w286441111: 55th Avenue
[1897/16883] osm-w295949940: Garfield Avenue
[1898/16883] osm-w296130278: Gavin Court
[1899/16883] osm-w297123142: 7th Avenue
[1900/16883] osm-w297550868: North Kelsey Road
[1901/16883] osm-w299383100: Schoenbeck Road
[1902/16883] osm-w299619455: Gregory Street
[1903/16883] osm-w306265667: Daylily Drive
[1904/16883] osm-w317253511: Prairie Walk Subdivision Trail
[1905/16883] osm-w317570534: Brookside Drive
[1906/16883] osm-w321397088: Edna Circle
[1907/16883] osm-w322998316: Klein Creek Court
[1908/16883] osm-w327819481: Plum Creek Drive
[1909/16883] osm-w327820456: Foxboro Drive
[1910/16883] osm-w333375689: West Wadsworth Road
[1911/16883] osm-w333749096: Golf Road
[1912/16883] osm-w334789927: Cambridge Boulevard
[1913/16883] osm-w334840813: North Emerald Avenue
[1914/16883] osm-w338049328: Greenbrier Terrace
[1915/16883] osm-w343599905: Kirk-Fabyan Regional Trail
[1916/16883] osm-w344316821: Pleasant Run Drive
[1917/16883] osm-w344320341: Oak Creek Drive
[1918/16883] osm-w344321608: Inwood Drive
[1919/16883] osm-w344322807: Wood Creek Road
[1920/16883] osm-w347411567: West Yearling Lane
[1921/16883] osm-w350637407: Pheasant Run
[1922/16883] osm-w351472649: West 118th Street
[1923/16883] osm-w352414746: Linden Square
[1924/16883] osm-w355195204: Franklin Street
[1925/16883] osm-w355896038: Salem Walk
[1926/16883] osm-w360437373: North Kilbourn Road
[1927/16883] osm-w361222967: Greenview Drive
[1928/16883] osm-w361480705: West Hickory Road
[1929/16883] osm-w369067801: West Egidi Lane
[1930/16883] osm-w373355026: Alexandra Dr
[1931/16883] osm-w373355029: East Onwentsia Road
[1932/16883] osm-w373745249: West Pedersen Drive South
[1933/16883] osm-w373751841: Hanlon Road
[1934/16883] osm-w374476895: Brookwood Lane
[1935/16883] osm-w374484723: West Edwards Road
[1936/16883] osm-w376306069: Gilmer Road
[1937/16883] osm-w376586419: Tennaqua Lane
[1938/16883] osm-w377654943: Fairway Drive
[1939/16883] osm-w378638678: East Royal Ridge Drive
[1940/16883] osm-w384913798: Split Rock
[1941/16883] osm-w385046751: West Waverly Street
[1942/16883] osm-w385046755: South Henderson Street
[1943/16883] osm-w390112770: Pheasant Lane
[1944/16883] osm-w392363446: River Road
[1945/16883] osm-w406089716: Norwood Avenue
[1946/16883] osm-w414043929: Pheasant Lane
[1947/16883] osm-w414044370: We-Go Court
[1948/16883] osm-w414886569: South White Oak Drive
[1949/16883] osm-w414892513: Trinity Drive
[1950/16883] osm-w419875255: Sedgebrook Drive
[1951/16883] osm-w429708781: Matilda Street
[1952/16883] osm-w432890584: Dot Street
[1953/16883] osm-w432932801: Trey Road
[1954/16883] osm-w432932806: Bull Valley Road
[1955/16883] osm-w435877089: Bull Valley Road
[1956/16883] osm-w435978700: 12th Street
[1957/16883] osm-w436929261: Buckingham Drive
[1958/16883] osm-w439763859: North Lotus Drive
[1959/16883] osm-w443054737: Knollwood Drive
[1960/16883] osm-w446527409: Cherry Valley Road
[1961/16883] osm-w446590154: Valley Hill Road
[1962/16883] osm-w446744402: Four Seasons Boulevard
[1963/16883] osm-w448042731: Commons Drive
[1964/16883] osm-w448045094: Alden Road
[1965/16883] osm-w452757126: Allerton Drive
[1966/16883] osm-w453042828: Bay Oaks Drive
[1967/16883] osm-w453042830: Bay Road
[1968/16883] osm-w453042831: Bay Road
[1969/16883] osm-w453042832: Manitou
[1970/16883] osm-w453042835: West Country Walk Drive
[1971/16883] osm-w454601690: H.U.M. Trail
[1972/16883] osm-w455175388: Wilson Road
[1973/16883] osm-w455411667: South Country Club Road
[1974/16883] osm-w455411670: South Cherry Valley Road
[1975/16883] osm-w456485176: Crystal Springs Road
[1976/16883] osm-w463694163: West University Drive
[1977/16883] osm-w467310254: Leah Lane
[1978/16883] osm-w467434444: West Wooster Lake Drive
[1979/16883] osm-w467434446: Silver Leaf Glen, Round Lake, Lake County, Illinois, 60041, 
[1980/16883] osm-w468548258: Knob Hill Road
[1981/16883] osm-w469262234: South Will Cook Road
[1982/16883] osm-w469533741: Timber Ridge Drive
[1983/16883] osm-w470852920: Red Leaf Circle
[1984/16883] osm-w470852926: Ballard Road
[1985/16883] osm-w471941603: Bay Ridge Lane
[1986/16883] osm-w472340680: Shadow Lane
[1987/16883] osm-w473130357: North Trainer Road
[1988/16883] osm-w473649710: West 117th Street
[1989/16883] osm-w474988155: Justin Drive
[1990/16883] osm-w480283265: Cove Court
[1991/16883] osm-w482668940: Lombard, DuPage County, Illinois, 60148, United States
[1992/16883] osm-w489945896: 20th Street
[1993/16883] osm-w492432395: Rogers Street
[1994/16883] osm-w493592658: Greenwood Road
[1995/16883] osm-w493969652: Canyon Club Drive
[1996/16883] osm-w495432835: Bernadotte Street
[1997/16883] osm-w495644938: West Happfield Drive
[1998/16883] osm-w502558849: 1800 East Shelby County Road
[1999/16883] osm-w507621209: South Newtowne Drive
[2000/16883] osm-w512113202: West College Street
[2001/16883] osm-w512666682: Ken Gray Expressway
[2002/16883] osm-w512694719: North Chamberlain Drive
[2003/16883] osm-w518176478: Great Western Trail
[2004/16883] osm-w518418204: Sycamore Lane
[2005/16883] osm-w544355071: East Locust Street
[2006/16883] osm-w546488898: West Main Street
[2007/16883] osm-w546664968: North Street
[2008/16883] osm-w547508772: West Belleville Bikeway
[2009/16883] osm-w550089040: North Melvin Street
[2010/16883] osm-w550533695: Stroble Avenue
[2011/16883] osm-w551173955: Ogden Avenue
[2012/16883] osm-w554735696: Plainfield Road
[2013/16883] osm-w556793659: Lorraine Drive
[2014/16883] osm-w557148899: Prairie Ridge Court
[2015/16883] osm-w565157090: West Fletcher Street
[2016/16883] osm-w565563653: Woodridge, DuPage County, Illinois, 60517, United States
[2017/16883] osm-w571800270: Indian Trail Road
[2018/16883] osm-w573800083: Willow View Road
[2019/16883] osm-w575676347: Eldon Street
[2020/16883] osm-w586671514: East US Highway 40
[2021/16883] osm-w587602122: Northeast Railroad Street
[2022/16883] osm-w598421551: Lindenhurst, Lake County, Illinois, 60046, United States
[2023/16883] osm-w603108487: Birks Court
[2024/16883] osm-w609831967: Constitution Trail Collegiate Branch
[2025/16883] osm-w612517990: North Port Drive
[2026/16883] osm-w619411373: Blackberry Drive
[2027/16883] osm-w619411450: Bull Valley Road
[2028/16883] osm-w624346609: Fairbank Road
[2029/16883] osm-w627452539: Obrien Road
[2030/16883] osm-w642418581: West Wapella Street
[2031/16883] osm-w653836608: Moultrie County, Illinois, United States
[2032/16883] osm-w656880644: South Harlan Street
[2033/16883] osm-w681553271: Virginia, Cass County, Illinois, 62691, United States
[2034/16883] osm-w682087537: Homan Falls Drive
[2035/16883] osm-w685200241: North Harrison Street
[2036/16883] osm-w685200242: Adams Street
[2037/16883] osm-w685860284: West Prairie Avenue
[2038/16883] osm-w689756380: Indianwood Boulevard
[2039/16883] osm-w695806906: East McKinley Street
[2040/16883] osm-w696790130: Carillon Drive
[2041/16883] osm-w709082348: Paulson Road
[2042/16883] osm-w724646721: Chesapeake Drive
[2043/16883] osm-w732382030: Tomlin Drive
[2044/16883] osm-w736257614: East 1150th Avenue
[2045/16883] osm-w744464261: Mc Kinley Street
[2046/16883] osm-w771466409: Danforth Road
[2047/16883] osm-w776308461: West Wood Street
[2048/16883] osm-w776652890: Liberty Street
[2049/16883] osm-w800110189: Windsor Drive
[2050/16883] osm-w803515732: Waukegan Road
[2051/16883] osm-w823301520: Stony Creek Drive
[2052/16883] osm-w823629008: North Vale Avenue
[2053/16883] osm-w825459665: North Church Street
[2054/16883] osm-w826594863: Gingeridge Lane
[2055/16883] osm-w827746212: Bixler Road
[2056/16883] osm-w829903233: Campus Drive
[2057/16883] osm-w830751563: Fyre Lake Drive
[2058/16883] osm-w837296081: Spring Street
[2059/16883] osm-w847273998: Memorial Drive
[2060/16883] osm-w849088588: East Fairfield Road
[2061/16883] osm-w874059423: Westwood Road
[2062/16883] osm-w882013290: 11th Street
[2063/16883] osm-w900165903: Kingsridge Drive
[2064/16883] osm-w900245382: Valley Forge Road
[2065/16883] osm-w908163738: West 3rd Street
[2066/16883] osm-w910319694: Morgan Street
[2067/16883] osm-w911702386: Crab Apple Lane
[2068/16883] osm-w915753163: Walnut Grove Lane
[2069/16883] osm-w917837865: West Railroad Street
[2070/16883] osm-w920974987: Park Avenue West
[2071/16883] osm-w921079862: Founders Field Boulevard
[2072/16883] osm-w922450487: North B Street
[2073/16883] osm-w943899163: May Township, Lee County, Illinois, 61367, United States
[2074/16883] osm-w943899166: May Township, Lee County, Illinois, United States
[2075/16883] osm-w958715748: Lincoln Oaks Drive
[2076/16883] osm-w963439103: Normantown, Plainfield, Wheatland Township, Will County, Ill
[2077/16883] osm-w966328759: Weaver Parkway
[2078/16883] osm-w970663343: Willow Lane
[2079/16883] osm-w970694968: 5th Avenue East
[2080/16883] osm-w970751738: Crawford Street
[2081/16883] osm-w970969855: North Grand View Drive
[2082/16883] osm-w972302191: Ross Street
[2083/16883] osm-w972306872: South State Street
[2084/16883] osm-w972306892: South East Road
[2085/16883] osm-w972701555: Park Street
[2086/16883] osm-w972705126: West Olive Street
[2087/16883] osm-w972705144: West 3rd Street
[2088/16883] osm-w972705157: 2nd South Street
[2089/16883] osm-w973092437: 3rd Street
[2090/16883] osm-w973102649: Washington Street
[2091/16883] osm-w974454947: North Lakeview Drive
[2092/16883] osm-w974825525: Park Ridge Estates, Pekin, Tazewell County, Illinois, 61554,
[2093/16883] osm-w974832085: Garber Lane
[2094/16883] osm-w992589653: 103rd Street
[2095/16883] osm-w995098820: Phillip Court
[2096/16883] osm-w996890379: Knightsbridge Court
[2097/16883] osm-w998173592: Great River Trail
[2098/16883] osm-w1006794875: Centennial Expressway
[2099/16883] osm-w1011572159: Old Barn Road
[2100/16883] osm-w1011853553: Maple Avenue
[2101/16883] osm-w1016658992: Springfield Road
[2102/16883] osm-w1017631996: North Main Street
[2103/16883] osm-w1025958968: East Ash Street
[2104/16883] osm-w1025958975: Rocket Drive
[2105/16883] osm-w1025959009: North Amos Avenue
[2106/16883] osm-w1025959023: North Cotton Hill Road
[2107/16883] osm-w1025959035: East Plummer Boulevard
[2108/16883] osm-w1026014988: Windy Hill Drive
[2109/16883] osm-w1033950830: Madison Street
[2110/16883] osm-w1058700804: Weslake Parkway
[2111/16883] osm-w1058949219: Studio Drive
[2112/16883] osm-w1058952710: Hapner Way
[2113/16883] osm-w1059064911: Tree Ridge Drive
[2114/16883] osm-w1064227825: River Mist Court
[2115/16883] osm-w1071401564: Laguna Court
[2116/16883] osm-w1071401581: Arlington Drive
[2117/16883] osm-w1075239984: 74th Street
[2118/16883] osm-w1075423959: Bloomingdale, Bloomingdale Township, DuPage County, Illinois
[2119/16883] osm-w1075890336: Black Oak Drive
[2120/16883] osm-w1077854047: Illinois Prairie Path Geneva Spur
[2121/16883] osm-w1086321436: Galena Road
[2122/16883] osm-w1089944025: Southern Dupage Regional Trail
[2123/16883] osm-w1091129130: Emerald Green Drive
[2124/16883] osm-w1092949159: Walnut Avenue
[2125/16883] osm-w1099965476: Sundance Court
[2126/16883] osm-w1103458827: Stockton Street
[2127/16883] osm-w1107126710: Jersey County, Illinois, United States
[2128/16883] osm-w1116108912: Vermilion County, Illinois, 61832, United States
[2129/16883] osm-w1117016595: Bentley Road
[2130/16883] osm-w1117279112: Mill Trail
[2131/16883] osm-w1117279113: Mill Trail
[2132/16883] osm-w1121040410: Summerfield Drive
[2133/16883] osm-w1121040411: Richfield Trail
[2134/16883] osm-w1132042065: Cosman Road
[2135/16883] osm-w1132601858: Wellington Avenue
[2136/16883] osm-w1137722457: Miller Road
[2137/16883] osm-w1149524212: East Edgar Street
[2138/16883] osm-w1154865371: Lake Eleanor Drive
[2139/16883] osm-w1154865410: Wilmot Road
[2140/16883] osm-w1161285299: West Montrose Avenue
[2141/16883] osm-w1171742406: Park Haven Boulevard
[2142/16883] osm-w1171742448: Danville, Vermilion County, Illinois, 61834, United States
[2143/16883] osm-w1172641210: West Keslinger Road
[2144/16883] osm-w1173076446: Thornhill Drive
[2145/16883] osm-w1173222827: Winchester Place
[2146/16883] osm-w1175815417: Palmer Lane
[2147/16883] osm-w1178732421: Franklin County, Illinois, 62897, United States
[2148/16883] osm-w1178753517: Warrior Way
[2149/16883] osm-w1179702256: East Windy Lane
[2150/16883] osm-w1183811544: Irish Road
[2151/16883] osm-w1189247963: Waukegan Road
[2152/16883] osm-w1199630317: North Sheridan Road
[2153/16883] osm-w1204729675: Red Oak Lane
[2154/16883] osm-w1210848994: Tower Place
[2155/16883] osm-w1214394263: Wedgewood Drive
[2156/16883] osm-w1221598341: Byron Drive
[2157/16883] osm-w1222159964: Pines Drive
[2158/16883] osm-w1222677356: Pauly Drive
[2159/16883] osm-w1222873704: Kimberwick Lane
[2160/16883] osm-w1227471252: Filson Street
[2161/16883] osm-w1247963504: West Haymeadow Place
[2162/16883] osm-w1255781995: Old Lake Road
[2163/16883] osm-w1263130180: Dogwood Place
[2164/16883] osm-w1271081296: Jon Street
[2165/16883] osm-w1283755800: South Meissner Street
[2166/16883] osm-w1286344453: Faith Street
[2167/16883] osm-w1295547071: Little Saint Marys Road
[2168/16883] osm-w1299135366: Woodbridge Road
[2169/16883] osm-w1300636909: Wheeling, Wheeling Township, Cook County, Illinois, 60090, U
[2170/16883] osm-w1300637702: Wheeling, Wheeling Township, Cook County, Illinois, 60090, U
[2171/16883] osm-w1304358643: Abbey Road
[2172/16883] osm-w1307738879: Park Road
[2173/16883] osm-w1309095191: Louisville, Louisville Township, Clay County, Illinois, 6285
[2174/16883] osm-w1309099649: Liberty Drive
[2175/16883] osm-w1314363676: Lake Indian Hills Circle
[2176/16883] osm-w1314965505: Winwood Drive
[2177/16883] osm-w1314965568: Symphony Street
[2178/16883] osm-w1314966020: Waukegan Road
[2179/16883] osm-w1314967107: Clover Lane
[2180/16883] osm-w1314967112: Pebblefork Lane
[2181/16883] osm-w1314967168: Tower Road
[2182/16883] osm-w1314967654: Mississippi Avenue
[2183/16883] osm-w1323078005: West River Oaks Road
[2184/16883] osm-w1329889370: Bloomfield Parkway
[2185/16883] osm-w1333196471: 158th Street West
[2186/16883] osm-w1333198272: Smith Road
[2187/16883] osm-w1333198337: Crane Road
[2188/16883] osm-w1333198355: Middlecreek Lane
[2189/16883] osm-w1333198365: Crestwood Drive
[2190/16883] osm-w1333198470: Valley Road
[2191/16883] osm-w1333198522: West Bloomingdale Road
[2192/16883] osm-w1333198680: Duffey Road
[2193/16883] osm-w1333223628: 7th North Street
[2194/16883] osm-w1333223960: West Hampton Trace
[2195/16883] osm-w1333224117: Jerome Lane
[2196/16883] osm-w1340644360: Perimeter Road
[2197/16883] osm-w1341068291: Army Trail Road
[2198/16883] osm-w1346646400: Borah Avenue
[2199/16883] osm-w1353981860: Voltz Road
[2200/16883] osm-w1353982017: South Lane
[2201/16883] osm-w1353982140: Old Hunt Road
[2202/16883] osm-w1353982311: South Lane
[2203/16883] osm-w1353982344: Summerfield Road
[2204/16883] osm-w1353982446: Old Farm Road
[2205/16883] osm-w1353986918: Somerset Lane
[2206/16883] osm-w1354013346: Norfork Road
[2207/16883] osm-w1354013548: Middlefork Road
[2208/16883] osm-w1354013582: Briar Lane
[2209/16883] osm-w1354013688: Drury Lane
[2210/16883] osm-w1354013733: Red Barn Lane
[2211/16883] osm-w1354013766: Sunset Ridge Road
[2212/16883] osm-w1354013857: Ammer Ridge Court
[2213/16883] osm-w1354013946: Ammer Road
[2214/16883] osm-w1354013995: Winnetka Road
[2215/16883] osm-w1354014163: Bristol Road
[2216/16883] osm-w1354058209: East 275 North Road
[2217/16883] osm-w1354490592: Main Street
[2218/16883] osm-w1356675999: Troxler Avenue
[2219/16883] osm-w1360166818: Knight Street
[2220/16883] osm-w1360246804: Sheridan Road
[2221/16883] osm-w1360486726: Devonshire Court
[2222/16883] osm-w1361610515: North 2300 Boulevard
[2223/16883] osm-w1361747101: Willowbrook, DuPage County, Illinois, 60514, United States
[2224/16883] osm-w1370109670: Green Trail
[2225/16883] osm-w1371346743: Lincoln Circle
[2226/16883] osm-w1371368059: Southwest Frontage Road
[2227/16883] osm-w1374851288: Comet Drive
[2228/16883] osm-w1377677231: Carillon Lakes Drive
[2229/16883] osm-w1379207154: Grand Haven Road
[2230/16883] osm-w1381861284: Callaway Drive North
[2231/16883] osm-w1383089094: Plank Road
[2232/16883] osm-w1387110388: Skyridge Drive
[2233/16883] osm-w1387913624: West Scott Road
[2234/16883] osm-w1388100414: Mission Township, LaSalle County, Illinois, United States
[2235/16883] osm-w1389201869: Andrew Boulevard
[2236/16883] osm-w1389388589: La Grange Park, Proviso Township, Cook County, Illinois, 605
[2237/16883] osm-w1395034035: Fox Bend Drive
[2238/16883] osm-w1395101893: North Signal Hill Road
[2239/16883] osm-w1412350347: West Sunset Drive
[2240/16883] osm-w1416739630: College Street
[2241/16883] osm-w1416741973: Laura Lane
[2242/16883] osm-w1416743104: Buell Avenue
[2243/16883] osm-w1421303407: Indiana Street
[2244/16883] osm-w1422756120: Woodduck Lane
[2245/16883] osm-w1425507942: Jessica Drive
[2246/16883] osm-w1425508091: Williamsburg Road
[2247/16883] osm-w1425508178: Village Drive
[2248/16883] osm-w1425508423: Maryland Avenue
[2249/16883] osm-w1430168059: Meadowbrook Drive
[2250/16883] osm-w1434061140: Candlewick Drive Southwest
[2251/16883] osm-w1437020950: Oxford Road
[2252/16883] osm-w1442429512: Bel Aire Drive
[2253/16883] osm-w1442429515: Twin Lake Drive
[2254/16883] osm-w1442429521: Ashbury Lane
[2255/16883] osm-w1442900440: Golf Course Road
[2256/16883] osm-w1445364044: Joslyn Drive
[2257/16883] osm-w1445364134: Carriage Way
[2258/16883] osm-w1447188885: Ryan Road West
[2259/16883] osm-w1447189167: Northfield Avenue
[2260/16883] osm-w1462722073: Cour Caravelle
[2261/16883] osm-w1462722077: Willow Drive
[2262/16883] osm-w1462734871: Brook Lane
[2263/16883] osm-w1464444409: Marina Drive
[2264/16883] osm-w1465778347: Goldenrod Lane
[2265/16883] osm-w1469616483: Marigold Drive
[2266/16883] osm-w1475110333: Ginger Lake Drive South
[2267/16883] osm-w1475110452: Bermuda Drive
[2268/16883] osm-w1475110886: George Washington
[2269/16883] osm-w1478686756: South Michigan Avenue
[2270/16883] osm-w1478687571: Litchfield, Montgomery County, Illinois, 62056, United State
[2271/16883] osm-w1478696540: East Buffalo Street
[2272/16883] osm-w1478698757: North West Street
[2273/16883] osm-w1480341297: North Western Avenue
[2274/16883] osm-w1481564782: Poplar Grove Road
[2275/16883] osm-w1481565106: Hill Street
[2276/16883] osm-w1481565495: Carroll County, Illinois, 61046, United States
[2277/16883] osm-w1481573683: East Grand Avenue
[2278/16883] osm-w1482570403: West Lakeview Parkway
[2279/16883] osm-w1486099492: West Brayton Road
[2280/16883] osm-w1486823247: East 2279th Road
[2281/16883] osm-w1486827176: Walnut Street
[2282/16883] osm-w1486832281: Hemlock Place
[2283/16883] osm-w1488448052: Springhill Drive
[2284/16883] osm-w1489326217: Carriage Way
[2285/16883] osm-w1489970051: Ryan Street
[2286/16883] osm-w1490207873: Sterling Avenue
[2287/16883] osm-w1490210285: Old McHenry Road
[2288/16883] osm-w1490210869: Mount Prospect, Elk Grove Township, Cook County, Illinois, 6
[2289/16883] osm-w1490214884: Senate Drive
[2290/16883] osm-w1490880239: North Columbia Avenue
[2291/16883] osm-w1491056759: Mill Gate Lane
[2292/16883] osm-w1491056763: Oak Brook Road
[2293/16883] osm-w1493779811: LaSalle, LaSalle County, Illinois, 61301, United States
[2294/16883] osm-w1498099631: Ava, Jackson County, Illinois, 62907, United States
[2295/16883] osm-w1498676118: Wortham Drive
[2296/16883] osm-w1498879805: Residential Road
[2297/16883] osm-w1498879841: Dana Lane
[2298/16883] osm-w1498888517: West County Line Road
[2299/16883] osm-w1498888545: Otis Road
[2300/16883] osm-w1498897793: South East Street
[2301/16883] osm-w1498914755: West Cuba Road
[2302/16883] osm-w1498914762: West Apple Tree Lane
[2303/16883] osm-w1498914815: Prairie Ridge Road
[2304/16883] osm-w1502806261: 3rd Street
[2305/16883] osm-w1508257909: Livingston Street
[2306/16883] osm-w1509568416: Country Place
[2307/16883] osm-w1509568442: Mount Vernon Avenue
[2308/16883] osm-w1509568451: Woodstream Court
[2309/16883] osm-w1509844293: Meadow Lane
[2310/16883] osm-w1509844372: Broadsmore Drive
[2311/16883] osm-w1510042539: South Ridge Road
[2312/16883] osm-w1511780868: Middle Fork Road
[2313/16883] osm-w1511781387: North Barrington Road
[2314/16883] osm-w1513091309: West Old Mill Road
[2315/16883] osm-w1513146057: Surrey Lane
[2316/16883] osm-w1513146084: Millburne Road
[2317/16883] osm-w1513146151: Millburne Road
[2318/16883] osm-w1513146171: Shawford Way
[2319/16883] osm-w1513146174: Shawford Way
[2320/16883] osm-w1514999203: Manor Street
[2321/16883] osm-w1517788598: Bayberry Lane
[2322/16883] osm-w1517791895: 31st Street
[2323/16883] osm-w1526540561: Barrington Hills, Barrington Township, Cook County, Illinois
[2324/16883] osm-w1526693068: Dundee Lane
[2325/16883] osm-w1541866169: East North Avenue
[2326/16883] osm-w1543052979: Olive Hill Drive
[2327/16883] osm-w1548744673: Spruce Street
[2328/16883] osm-w1550665481: Wood Road
[2329/16883] osm-w39818569: Schuman Road
[2330/16883] osm-w54687764: Owen County, Indiana, 47460, United States
[2331/16883] osm-w54687789: Trail 4
[2332/16883] osm-w69074463: Bob Babbs Drive
[2333/16883] osm-w82293931: Hospital Road
[2334/16883] osm-w82294001: Herriott Street
[2335/16883] osm-w89699649: West 300 North
[2336/16883] osm-w111633868: West Whiteland, Whiteland, Johnson County, Indiana, 46184, U
[2337/16883] osm-w121060454: 4th Street
[2338/16883] osm-w135565767: Briscoe Drive
[2339/16883] osm-w152800671: South Fairfax Road
[2340/16883] osm-w153030666: Old State Road 3
[2341/16883] osm-w153044164: Henryville, Clark County, Indiana, 47126, United States
[2342/16883] osm-w155097193: Mountain Bike Trail
[2343/16883] osm-w155182513: Pin Oak
[2344/16883] osm-w169685952: North 400 East
[2345/16883] osm-w178418849: Bulldog Way
[2346/16883] osm-w183426118: North 5th Street
[2347/16883] osm-w186974201: South 24th Street
[2348/16883] osm-w202150184: West 75th Avenue
[2349/16883] osm-w209482929: Walkway
[2350/16883] osm-w218027181: West County Road 200 North
[2351/16883] osm-w218273193: South 4th Street
[2352/16883] osm-w220567758: Amstutz Road Trail
[2353/16883] osm-w223445970: Cane Ridge Court
[2354/16883] osm-w225080356: Colby Boulevard
[2355/16883] osm-w229156713: Robin Run Trail
[2356/16883] osm-w231312701: Village Trace Boulevard
[2357/16883] osm-w231881977: Tryall Lane
[2358/16883] osm-w232196701: Old Porter Road
[2359/16883] osm-w232196702: Saint Joe River Drive
[2360/16883] osm-w232455905: Vera Drive
[2361/16883] osm-w233729536: Seneca Drive
[2362/16883] osm-w234994693: East Chestnut Drive
[2363/16883] osm-w235110407: West Hill Drive
[2364/16883] osm-w240073720: USS Indianapolis Memorial Highway
[2365/16883] osm-w240367693: Jaffa Court West Drive
[2366/16883] osm-w240537205: Timber Creek Drive
[2367/16883] osm-w242736402: Crosspoint Boulevard
[2368/16883] osm-w242890957: Harbour Isle
[2369/16883] osm-w243930964: East State Street
[2370/16883] osm-w244789487: Hornet Avenue
[2371/16883] osm-w244789490: Belle Union Drive
[2372/16883] osm-w245216009: Devonshire Court
[2373/16883] osm-w245384271: Reeves Road
[2374/16883] osm-w246196683: Banta Trail
[2375/16883] osm-w246196687: South Grant Street
[2376/16883] osm-w246718878: Husky Circle
[2377/16883] osm-w246718884: Lincoln Street
[2378/16883] osm-w246862888: Fairmead Road
[2379/16883] osm-w251029707: Strawberry Valley Cultural Trail
[2380/16883] osm-w253001493: South Brown Street
[2381/16883] osm-w256765677: Elm Ridge Drive
[2382/16883] osm-w256789175: East Alley
[2383/16883] osm-w261704440: Sand Track Walking Trail
[2384/16883] osm-w261801580: Carroll County, Indiana, United States
[2385/16883] osm-w261880995: North Lakeside Cabin Road
[2386/16883] osm-w261881286: South 800 East
[2387/16883] osm-w262275727: Millpond Road
[2388/16883] osm-w263912078: Franklin Greenway Trail
[2389/16883] osm-w263913316: South Eisenhower Drive
[2390/16883] osm-w263974112: Lismore Lane
[2391/16883] osm-w263979014: Fairgrove Drive
[2392/16883] osm-w263988381: Calumet Court
[2393/16883] osm-w264156029: Harry Street
[2394/16883] osm-w264231301: Kosciusko County, Indiana, 46555, United States
[2395/16883] osm-w264247198: East Albion Street
[2396/16883] osm-w264341106: Live Oak Boulevard
[2397/16883] osm-w264351726: Dockshire Lane
[2398/16883] osm-w264352319: Stockbride Place
[2399/16883] osm-w264354241: Chimney Hill Place
[2400/16883] osm-w264355724: Covington Road
[2401/16883] osm-w264497086: Gregory Avenue
[2402/16883] osm-w264517604: Goldersgreen Drive
[2403/16883] osm-w264524829: South Park Road
[2404/16883] osm-w265417924: Winterfield Run
[2405/16883] osm-w265423206: East South Street
[2406/16883] osm-w266069675: West 55th Avenue
[2407/16883] osm-w272761668: Oelker Drive
[2408/16883] osm-w277038230: Ramblewood Drive
[2409/16883] osm-w279629899: Golf Lane
[2410/16883] osm-w280984200: SR 262
[2411/16883] osm-w283069988: Purdue Outer XC Trail
[2412/16883] osm-w287643711: Naples Drive
[2413/16883] osm-w294860152: Knickerbocker Place
[2414/16883] osm-w295399888: Seth Ward Road
[2415/16883] osm-w295505691: Ballard Drive
[2416/16883] osm-w297779996: Charlesmac Village, Indianapolis, Marion County, Indiana, 46
[2417/16883] osm-w298733664: North County Road 700 West
[2418/16883] osm-w301063695: 250 N
[2419/16883] osm-w306193081: North Grant Street
[2420/16883] osm-w307433359: North Franklin Street
[2421/16883] osm-w307602230: Campbell Drive
[2422/16883] osm-w308931409: Hillside Drive
[2423/16883] osm-w309459606: West 300 S
[2424/16883] osm-w310209311: East North Street
[2425/16883] osm-w311989806: Pemberton Lane
[2426/16883] osm-w312174647: East 100 S
[2427/16883] osm-w312353728: National Road
[2428/16883] osm-w313814072: Delaware Street
[2429/16883] osm-w313816303: Lacy Road
[2430/16883] osm-w314108167: Pleasant Plain Road
[2431/16883] osm-w314110744: West Wallace Road
[2432/16883] osm-w318163021: 200 W
[2433/16883] osm-w319188561: Hornaday Road
[2434/16883] osm-w322308485: Commerce Drive
[2435/16883] osm-w325400147: Fortville Pike
[2436/16883] osm-w327878860: Greenwood, Johnson County, Indiana, 42667, United States
[2437/16883] osm-w330825272: West 10th Street
[2438/16883] osm-w333901492: East 100 South
[2439/16883] osm-w336730493: Bittersweet Drive
[2440/16883] osm-w343448303: West 1100 N
[2441/16883] osm-w348443200: South Parkside Drive
[2442/16883] osm-w350226947: West 600 South; West 1200 North
[2443/16883] osm-w352649760: High School Road
[2444/16883] osm-w363196943: East Main Street
[2445/16883] osm-w363541250: Saint John Street
[2446/16883] osm-w363811304: Monon Trail
[2447/16883] osm-w364281568: Port Royal
[2448/16883] osm-w365762272: Glencary Crest
[2449/16883] osm-w374916512: Liberty Mills Road
[2450/16883] osm-w374916513: Glen Lake Drive
[2451/16883] osm-w379941312: Carroll Ridge Drive
[2452/16883] osm-w390454970: Beckham Court
[2453/16883] osm-w390587075: North Illinois Street
[2454/16883] osm-w390587078: One West Drive
[2455/16883] osm-w392691428: West 600 N
[2456/16883] osm-w401050076: Rams Gates Road
[2457/16883] osm-w401200521: North Morgantown Road
[2458/16883] osm-w408955363: Morning Side Drive
[2459/16883] osm-w423679794: Stone Mill Drive
[2460/16883] osm-w437690372: Shank Lane
[2461/16883] osm-w441361820: County Road 17
[2462/16883] osm-w444687892: Fallingbrook Drive
[2463/16883] osm-w464058064: East 3rd Street
[2464/16883] osm-w469321683: Devils Hollow Road
[2465/16883] osm-w469852352: East Road
[2466/16883] osm-w476467049: I 65
[2467/16883] osm-w477007003: South Harvey Road
[2468/16883] osm-w477007004: West White River Boulevard
[2469/16883] osm-w479774547: South 700 East
[2470/16883] osm-w481371387: Lakeside Quarry Drive
[2471/16883] osm-w482121875: Clifty Hollow Road
[2472/16883] osm-w482307881: East 8th Street
[2473/16883] osm-w482307911: North Fee Lane
[2474/16883] osm-w482335522: South Basswood Drive
[2475/16883] osm-w482335539: South Gran Haven Drive
[2476/16883] osm-w482335540: North Prairie Green Court
[2477/16883] osm-w482335542: East 7th Street
[2478/16883] osm-w482335544: East Covenanter Drive
[2479/16883] osm-w482335547: South Woodscrest Drive
[2480/16883] osm-w482335548: South Woodscrest Drive
[2481/16883] osm-w482335549: South Gran Haven Drive
[2482/16883] osm-w482335550: South Judee Drive
[2483/16883] osm-w482568331: West McKay Road
[2484/16883] osm-w482575635: North Sexton Street
[2485/16883] osm-w482584727: South Clarizz Boulevard
[2486/16883] osm-w482728637: West Carlisle Street
[2487/16883] osm-w482796075: South Snoddy Road
[2488/16883] osm-w482847019: Watermead Drive
[2489/16883] osm-w482892070: Stogdill Road
[2490/16883] osm-w483064230: Euclid Avenue
[2491/16883] osm-w483286556: Clark Place
[2492/16883] osm-w484459404: Park Avenue
[2493/16883] osm-w484710392: East 9th Street
[2494/16883] osm-w492145619: West Abbeydell Pike
[2495/16883] osm-w492852832: Decatur Commons
[2496/16883] osm-w496125577: Island Club Circle
[2497/16883] osm-w499193401: West Amaryllis Drive
[2498/16883] osm-w507348175: Independence Way
[2499/16883] osm-w507375345: Carwinion Way
[2500/16883] osm-w509704473: Trade Winds Drive
[2501/16883] osm-w515549520: Stony Brook Drive
[2502/16883] osm-w518438618: Fairmount Street
[2503/16883] osm-w518691051: South Tiger Drive
[2504/16883] osm-w518696656: East Clyde Street
[2505/16883] osm-w519181598: USS Indianapolis Memorial Highway
[2506/16883] osm-w521954106: West 100 N
[2507/16883] osm-w523819868: East Middletown Road
[2508/16883] osm-w528240180: North 19th Street
[2509/16883] osm-w531652083: North Union Street
[2510/16883] osm-w531837078: Vann Road
[2511/16883] osm-w533928729: Home Avenue
[2512/16883] osm-w541149460: Thornybrook Drive
[2513/16883] osm-w544437984: Beechmont Drive Northeast
[2514/16883] osm-w544692724: North Wells Street
[2515/16883] osm-w546896520: Castle Rock Drive
[2516/16883] osm-w547364267: North 600 West
[2517/16883] osm-w548990916: Drop Off Lane
[2518/16883] osm-w550284533: Central Canal Towpath
[2519/16883] osm-w550485925: Columbus, Bartholomew County, Indiana, 47201, United States
[2520/16883] osm-w551306779: 3rd Street
[2521/16883] osm-w552161200: Long Ridge Boulevard
[2522/16883] osm-w552165624: West 96th Street
[2523/16883] osm-w552165633: Kings Court
[2524/16883] osm-w552239432: North Oakland Avenue
[2525/16883] osm-w552239439: Sylvan Ridge Road
[2526/16883] osm-w553073222: Benchview Drive
[2527/16883] osm-w553145672: Redhaven Drive
[2528/16883] osm-w554320999: Pimlico Circle
[2529/16883] osm-w554626343: Village Parkway Drive South
[2530/16883] osm-w554626373: Eagle Creek Parkway
[2531/16883] osm-w554652740: Dukane Way
[2532/16883] osm-w554874039: Aruba Lane
[2533/16883] osm-w554874043: Beluga Lane
[2534/16883] osm-w556007938: Martin County, Indiana, United States
[2535/16883] osm-w556371287: West County Road 725 North
[2536/16883] osm-w556788601: Maple Ridge, Indianapolis, Marion County, Indiana, 46183, Un
[2537/16883] osm-w556808901: Hervey Street
[2538/16883] osm-w570813400: Windsor Drive
[2539/16883] osm-w585269500: Garb 9
[2540/16883] osm-w586455544: North 1st Avenue
[2541/16883] osm-w587732874: Erie Rail Trail
[2542/16883] osm-w590876383: Creekside Drive
[2543/16883] osm-w592231643: Arbor Lakes Apts
[2544/16883] osm-w592469602: Lake Avenue
[2545/16883] osm-w594755430: Lima Road
[2546/16883] osm-w596703351: West 400 N
[2547/16883] osm-w601317101: East 41st Street
[2548/16883] osm-w601903356: Woodwind Drive
[2549/16883] osm-w603201044: West Jefferson Boulevard
[2550/16883] osm-w604718724: Covington Creek Trail
[2551/16883] osm-w610312624: Woodfield Court
[2552/16883] osm-w617814777: US 231
[2553/16883] osm-w619323308: Reyome Drive
[2554/16883] osm-w619335341: East 40th Avenue
[2555/16883] osm-w620378075: Buffalo Run Drive
[2556/16883] osm-w620392037: Remington Point
[2557/16883] osm-w622706704: Countryside Drive
[2558/16883] osm-w627865682: Carson Way
[2559/16883] osm-w627880728: Bexley Drive
[2560/16883] osm-w628134519: Beechmill Lane
[2561/16883] osm-w633047084: Beech Tree Road
[2562/16883] osm-w639258862: Monticello Drive
[2563/16883] osm-w639432343: Paz Drive North
[2564/16883] osm-w641038531: Ewing, Brownstown, Jackson County, Indiana, 47220, United St
[2565/16883] osm-w652253903: Pocket Road
[2566/16883] osm-w652742101: Five Point Road
[2567/16883] osm-w654488101: Central Elementary Access Road
[2568/16883] osm-w654728924: Countryside Lane
[2569/16883] osm-w654728938: Champion Drive
[2570/16883] osm-w655366963: SR 218
[2571/16883] osm-w655559648: Wilson Creek Road
[2572/16883] osm-w655837494: Delaware Avenue
[2573/16883] osm-w661296086: Catherine Avenue
[2574/16883] osm-w664142609: West Main Street
[2575/16883] osm-w664432732: Collamer Road
[2576/16883] osm-w664442084: Park Street
[2577/16883] osm-w667230901: Bee Hive Avenue
[2578/16883] osm-w667260068: East Paulding Road
[2579/16883] osm-w667276892: Bauer Drive
[2580/16883] osm-w668478274: East Maumee Street
[2581/16883] osm-w669166338: South Cross Lake Circle
[2582/16883] osm-w669718292: High School Drive
[2583/16883] osm-w670256121: SR 46
[2584/16883] osm-w670486758: Circle T Drive
[2585/16883] osm-w670553706: SR 58
[2586/16883] osm-w670776117: SR 3
[2587/16883] osm-w671328138: Harrison County, Indiana, 47112, United States
[2588/16883] osm-w671337811: Parkview Drive
[2589/16883] osm-w671562745: SR 135
[2590/16883] osm-w671578238: South County Road 300 West
[2591/16883] osm-w671578263: Somerset Boulevard
[2592/16883] osm-w673593366: SR 1
[2593/16883] osm-w673596616: Maplewood
[2594/16883] osm-w674875980: Ettel Lane
[2595/16883] osm-w676623572: Lois Lane
[2596/16883] osm-w677669281: Phillips Street
[2597/16883] osm-w677701292: East Division Line Road
[2598/16883] osm-w678132352: County Road East 50 South
[2599/16883] osm-w678153664: South Franklin Street
[2600/16883] osm-w678457529: Robert Egly Drive
[2601/16883] osm-w679164640: West 96th Street
[2602/16883] osm-w679219599: Park Avenue
[2603/16883] osm-w679437693: East 76th Street
[2604/16883] osm-w679537876: Maynard Drive
[2605/16883] osm-w679759717: Cleveland Drive
[2606/16883] osm-w679768799: SR 32
[2607/16883] osm-w679772837: Glyn Ellen, Anderson, Madison County, Indiana, 46012, United
[2608/16883] osm-w683446416: County Road 200 North
[2609/16883] osm-w683604836: EMS T36 Lane
[2610/16883] osm-w684441775: SR 14
[2611/16883] osm-w685464575: SR 47
[2612/16883] osm-w685499785: Adams Street
[2613/16883] osm-w685673115: East College Avenue
[2614/16883] osm-w685735341: Morningside Drive
[2615/16883] osm-w685739397: West 129th Avenue
[2616/16883] osm-w686704752: Washington, Daviess County, Indiana, 47501, United States
[2617/16883] osm-w687103781: North Harrison Street
[2618/16883] osm-w687216379: State Road 61
[2619/16883] osm-w688175969: North Poplar Street
[2620/16883] osm-w689154928: Shell Lane Northwest
[2621/16883] osm-w689353603: Raider Drive
[2622/16883] osm-w689740660: East Administration Road
[2623/16883] osm-w690227559: West Gibson Street
[2624/16883] osm-w690786295: 5th Street
[2625/16883] osm-w693322944: Marshall County, Indiana, 46511, United States
[2626/16883] osm-w693373172: South 50 East
[2627/16883] osm-w693769918: River Walk Drive
[2628/16883] osm-w694501882: Greene County
[2629/16883] osm-w694501884: SR 157
[2630/16883] osm-w697186397: Mackey Road
[2631/16883] osm-w697187601: Fall Creek Drive
[2632/16883] osm-w702522087: Triton Drive
[2633/16883] osm-w713120124: US 20
[2634/16883] osm-w713707516: East Lincoln Street
[2635/16883] osm-w724331087: East Apache Lane
[2636/16883] osm-w731152730: East Washington Street
[2637/16883] osm-w732361698: US 31
[2638/16883] osm-w735306415: West King Street
[2639/16883] osm-w747448704: Pleasant Drive
[2640/16883] osm-w749899873: South Maple Street
[2641/16883] osm-w763223064: Silverbell Drive
[2642/16883] osm-w769400246: Jaquelyn Court
[2643/16883] osm-w771727745: Lincolnway South
[2644/16883] osm-w772318344: Penn Railroad
[2645/16883] osm-w772318448: Woodfield Lane
[2646/16883] osm-w777090729: Racquet Club North Drive
[2647/16883] osm-w780610240: Midnight Pass
[2648/16883] osm-w782846476: Rivergreenway
[2649/16883] osm-w783109553: Catlin Lane
[2650/16883] osm-w792174919: South Elm Street
[2651/16883] osm-w794541562: Cliftwood Drive
[2652/16883] osm-w808914464: Southmont Street
[2653/16883] osm-w810556934: West 580 North
[2654/16883] osm-w823566571: Indianapolis, Marion County, Indiana, 46268, United States
[2655/16883] osm-w823982632: Braeburn Drive
[2656/16883] osm-w835943449: West Dragoon Trail
[2657/16883] osm-w841500302: Northeast 4th Street
[2658/16883] osm-w842801884: I 65
[2659/16883] osm-w842891049: East 4th Street
[2660/16883] osm-w874194600: Fawn Ridge Drive
[2661/16883] osm-w882527571: Vicksburg Drive
[2662/16883] osm-w885972715: Autumn Lane North
[2663/16883] osm-w892805357: East Riverside Drive
[2664/16883] osm-w893855697: West Old US Highway 41
[2665/16883] osm-w905989846: East Taylor Court
[2666/16883] osm-w908031043: Beacon Woods Place
[2667/16883] osm-w915062766: South Greene Road
[2668/16883] osm-w921446701: West Washington Street
[2669/16883] osm-w925519991: La Charmant
[2670/16883] osm-w932091689: Bittersweet Lakes Run
[2671/16883] osm-w932492521: Lane 110A Big Otter Lake
[2672/16883] osm-w934711160: Northtown Trail
[2673/16883] osm-w935446124: Greentree Drive
[2674/16883] osm-w945906299: Portsmouth Drive
[2675/16883] osm-w948486693: East 96th Street
[2676/16883] osm-w954073099: Fountain Avenue
[2677/16883] osm-w954073400: West 48th Street
[2678/16883] osm-w954132602: East 41st Street
[2679/16883] osm-w958918136: East Road
[2680/16883] osm-w965737824: Horsey Dorsey Drive
[2681/16883] osm-w967676294: Lancaster Court
[2682/16883] osm-w973182957: North Mill Street
[2683/16883] osm-w984793981: Wells Avenue
[2684/16883] osm-w991726733: Saint Alban Court
[2685/16883] osm-w992525471: Burberry Drive North
[2686/16883] osm-w992767717: Shelborne Road
[2687/16883] osm-w997278330: Park Boulevard
[2688/16883] osm-w998908691: County Road West 350 North
[2689/16883] osm-w1007774876: Corniche Drive
[2690/16883] osm-w1010083110: River Road
[2691/16883] osm-w1014475757: Prosperity Circle
[2692/16883] osm-w1016483812: The Springs Drive
[2693/16883] osm-w1016493169: Willow Lake Drive
[2694/16883] osm-w1016493173: Arbor Lake Drive
[2695/16883] osm-w1017491119: Brantford Court
[2696/16883] osm-w1017518773: Nobscot Drive
[2697/16883] osm-w1017518818: Middlefield Drive
[2698/16883] osm-w1020907531: Foxland Run
[2699/16883] osm-w1020939739: Roanoke Drive
[2700/16883] osm-w1020942115: Monahan Road
[2701/16883] osm-w1023452204: Guion Road
[2702/16883] osm-w1024378858: South Walnut Street Pike
[2703/16883] osm-w1024624714: East 17th Street
[2704/16883] osm-w1025006468: East Secretariat Court
[2705/16883] osm-w1028264601: East 14th Street
[2706/16883] osm-w1029940833: Rue Riviera
[2707/16883] osm-w1034289433: Sedgemoor Circle
[2708/16883] osm-w1042657539: West Stones Crossing Road
[2709/16883] osm-w1043276457: Margesson Crossing
[2710/16883] osm-w1043433276: Independence Avenue
[2711/16883] osm-w1047125043: South Franklin Street
[2712/16883] osm-w1049445595: Tipton Lakes Boulevard
[2713/16883] osm-w1057052697: Dubois County, Indiana, United States
[2714/16883] osm-w1068602405: East Wallen Road
[2715/16883] osm-w1074687324: Elm Street
[2716/16883] osm-w1080423313: Lawrence County, Indiana, 47451, United States
[2717/16883] osm-w1085376785: Connersville, Fayette County, Indiana, 47331, United States
[2718/16883] osm-w1085443122: Franklin Court
[2719/16883] osm-w1087737423: Pottawattomie Trail
[2720/16883] osm-w1090889677: Sunset Drive
[2721/16883] osm-w1092489806: Feldmeier Road
[2722/16883] osm-w1092661686: South 1100 West
[2723/16883] osm-w1093401699: East Hall Avenue
[2724/16883] osm-w1100625758: North 525 West
[2725/16883] osm-w1112777153: Heron Cove
[2726/16883] osm-w1118730964: New Albany, Floyd County, Indiana, 47150, United States
[2727/16883] osm-w1119238095: Lafayette Park Way
[2728/16883] osm-w1122407053: Beacon Pointe Drive
[2729/16883] osm-w1123013400: Riverview Acres, Columbus, Bartholomew County, Indiana, 4720
[2730/16883] osm-w1125611086: Yogi Boulevard
[2731/16883] osm-w1126953584: West Bureau Drive
[2732/16883] osm-w1133458783: Cedar Circle
[2733/16883] osm-w1133770422: Rehoboth, Harrison County, Indiana, 47117, United States
[2734/16883] osm-w1133952231: Crestview, Porter County, Indiana, 46383, United States
[2735/16883] osm-w1134398633: Trail 2
[2736/16883] osm-w1144239939: Flowermound Drive
[2737/16883] osm-w1145156770: West York Prairie Way
[2738/16883] osm-w1147433216: Chesterton, Porter County, Indiana, 46304, United States
[2739/16883] osm-w1147434133: Shute Circle
[2740/16883] osm-w1148097466: Robin Hood Drive
[2741/16883] osm-w1162820090: Fox Lane
[2742/16883] osm-w1163749189: West 8th Street
[2743/16883] osm-w1164196779: Westfield, Hamilton County, Indiana, 46074, United States
[2744/16883] osm-w1175032301: Shadow Creek People Trail
[2745/16883] osm-w1175407677: East Foxcliff Drive South
[2746/16883] osm-w1176088541: Birch Avenue
[2747/16883] osm-w1176345236: F L Wilson Drive
[2748/16883] osm-w1176350808: North 3rd Avenue
[2749/16883] osm-w1176820833: East Kings Road
[2750/16883] osm-w1177413876: North Palomino Drive
[2751/16883] osm-w1178211622: Harrison Street
[2752/16883] osm-w1198097673: Wilshire Court
[2753/16883] osm-w1199652492: Saint Marys Road
[2754/16883] osm-w1208883811: North Lisa Drive
[2755/16883] osm-w1209645749: Bartholomew County, Indiana, United States
[2756/16883] osm-w1221599192: Ripley County, Indiana, 47037, United States
[2757/16883] osm-w1222536817: Willow Grove Road
[2758/16883] osm-w1240838062: Academy Drive
[2759/16883] osm-w1244092437: West 9th Street
[2760/16883] osm-w1248697347: Spruce Ridge Drive
[2761/16883] osm-w1249574382: Monroe Street
[2762/16883] osm-w1256499607: Rock Lake Road
[2763/16883] osm-w1258915963: West River Road
[2764/16883] osm-w1260623232: Vermillion County, Indiana, 47842, United States
[2765/16883] osm-w1264853462: South Main Street
[2766/16883] osm-w1268417104: Iowa Street
[2767/16883] osm-w1274420538: Ash Road;West County Line Road
[2768/16883] osm-w1283619691: West Jefferson Street
[2769/16883] osm-w1286957934: Notting Hill Court
[2770/16883] osm-w1287679912: South 10th 1/2 Street
[2771/16883] osm-w1288205354: Huntingburg, Dubois County, Indiana, 47542, United States
[2772/16883] osm-w1288425077: West 6th Street
[2773/16883] osm-w1290043042: East Edgewood Avenue
[2774/16883] osm-w1293976390: Eagle Valley Pass
[2775/16883] osm-w1295422119: Jonathan Moore Pike
[2776/16883] osm-w1296122830: West 10th Street
[2777/16883] osm-w1305617357: East Timbercrest Drive
[2778/16883] osm-w1314717609: Michael Drive
[2779/16883] osm-w1314962678: Stony Creek Circle
[2780/16883] osm-w1314962708: Winding Way Lane
[2781/16883] osm-w1314962741: Alsuda Drive
[2782/16883] osm-w1314962801: Edwardian Circle
[2783/16883] osm-w1314962884: County Road West 250 South
[2784/16883] osm-w1319138375: Saint Meinrad, Spencer County, Indiana, 47577, United States
[2785/16883] osm-w1331845936: Forrest Court
[2786/16883] osm-w1332924372: Ivydale Drive
[2787/16883] osm-w1334988617: Dwight D Eisenhower Highway
[2788/16883] osm-w1336355472: Wilderness Trail
[2789/16883] osm-w1339963919: Franklin, Johnson County, Indiana, 46131, United States
[2790/16883] osm-w1342537324: Irene Bartelt Dutch Trail
[2791/16883] osm-w1350304347: Harrodsburg Road
[2792/16883] osm-w1353544217: US 50
[2793/16883] osm-w1354041210: Blackstone Drive
[2794/16883] osm-w1354041260: Winding Way
[2795/16883] osm-w1362356706: Auburn Lane
[2796/16883] osm-w1368010249: Joliet Street
[2797/16883] osm-w1375139868: West State Road 10
[2798/16883] osm-w1380173550: East Wesley Lane
[2799/16883] osm-w1389210329: Willow Bend Drive
[2800/16883] osm-w1416741713: Porte de L'eau Drive
[2801/16883] osm-w1422755861: Pinebark Court
[2802/16883] osm-w1428911037: East Diamond Street
[2803/16883] osm-w1429406184: East Beechwood Drive
[2804/16883] osm-w1431212014: Clay Center Road
[2805/16883] osm-w1432110145: North County Road 575 East
[2806/16883] osm-w1433891616: Jefferson Park Offices
[2807/16883] osm-w1436577837: Union Chapel Road
[2808/16883] osm-w1442143444: Paul Stemmler Parkway
[2809/16883] osm-w1444340565: Sedgemoor Circle
[2810/16883] osm-w1444340567: Sedgemoor Circle
[2811/16883] osm-w1444340568: Sedgemoor Circle
[2812/16883] osm-w1447809588: Sterling Ridge Cove
[2813/16883] osm-w1455541133: West Street
[2814/16883] osm-w1455841784: Industrial Drive
[2815/16883] osm-w1457865355: Waterworks Road
[2816/16883] osm-w1460870455: East 83rd Street
[2817/16883] osm-w1463188246: Deer Wood Parkway
[2818/16883] osm-w1463188247: Brenda Boulevard
[2819/16883] osm-w1463270393: West Smith Valley Road
[2820/16883] osm-w1464008718: Lord Murphy Drive
[2821/16883] osm-w1465205107: County Road 400 West
[2822/16883] osm-w1466283946: Bono Road
[2823/16883] osm-w1466333227: West Stones Crossing Road
[2824/16883] osm-w1471508714: Buckmoor Parkway
[2825/16883] osm-w1471833136: Lakeview Drive
[2826/16883] osm-w1472111627: Eagle Trace Court
[2827/16883] osm-w1472111638: Bent Tree Lane
[2828/16883] osm-w1475120756: North Street
[2829/16883] osm-w1475122392: Walnut Street
[2830/16883] osm-w1475432655: Johnson County Route 144
[2831/16883] osm-w1475434293: County Road 400 West
[2832/16883] osm-w1478685088: South Cross Street
[2833/16883] osm-w1478685125: Grant Street
[2834/16883] osm-w1478685226: Rush Ridge Road
[2835/16883] osm-w1478708383: Jackson Street
[2836/16883] osm-w1478708747: Trail 1
[2837/16883] osm-w1480340956: Jefferson County, Indiana, 47052, United States
[2838/16883] osm-w1480360586: Mollenkopf Road
[2839/16883] osm-w1480363908: Power Drive
[2840/16883] osm-w1480364349: Lakeshore Drive West
[2841/16883] osm-w1480366296: Carmel, Hamilton County, Indiana, 46033, United States
[2842/16883] osm-w1480370877: Creekstone Way
[2843/16883] osm-w1480440947: Eagle Creek Parkway
[2844/16883] osm-w1480444340: Indianapolis, Marion County, Indiana, 46254, United States
[2845/16883] osm-w1480449269: Harcourt Road
[2846/16883] osm-w1480878605: Fulbrook Drive
[2847/16883] osm-w1480881029: Florence Street
[2848/16883] osm-w1480882480: Colony Bay Apartments
[2849/16883] osm-w1480882660: Fox Hound Way
[2850/16883] osm-w1480883273: Lakeridge Drive
[2851/16883] osm-w1480886101: East 1120 North
[2852/16883] osm-w1480968553: Switzerland County
[2853/16883] osm-w1481010039: North Benjamin Street
[2854/16883] osm-w1482575616: EMS D16C Lane
[2855/16883] osm-w1482576102: North 700 West
[2856/16883] osm-w1482577686: East Marmont Street
[2857/16883] osm-w1482578176: West Eliza Street
[2858/16883] osm-w1482578912: Wexford Road
[2859/16883] osm-w1482579267: East 4th Street
[2860/16883] osm-w1482590504: West Albion Street
[2861/16883] osm-w1486903462: North Merrill Street
[2862/16883] osm-w1487363869: West Glenview Drive
[2863/16883] osm-w1491346934: Allen County, Indiana, 46845, United States
[2864/16883] osm-w1497082797: Abbey Lane
[2865/16883] osm-w1498520430: East 156th Street
[2866/16883] osm-w1498677461: Falcons Fire Drive
[2867/16883] osm-w1499498261: I 70
[2868/16883] osm-w1502001844: Lost Run Farms, Eagle Village, Zionsville, Boone County, Ind
[2869/16883] osm-w1502001859: Raintree Drive
[2870/16883] osm-w1502855827: East County Road 100 South
[2871/16883] osm-w1503607892: Monon Trail
[2872/16883] osm-w1509644123: East 151st Street
[2873/16883] osm-w1510523688: East 169th Street
[2874/16883] osm-w1511789761: Chateau Way
[2875/16883] osm-w1512539049: Egret Lane
[2876/16883] osm-w1514078703: Bridgewater Club Boulevard
[2877/16883] osm-w1518525007: US 36
[2878/16883] osm-w1520259651: Bloomington Rail Trail
[2879/16883] osm-w1537046789: South 1450 West
[2880/16883] osm-w1544363174: Estancia Way
[2881/16883] osm-w1544579828: Laurelwood
[2882/16883] osm-w1544579861: Hussey Lane
[2883/16883] osm-w1545097867: Stoneridge Court
[2884/16883] osm-w1545862564: Boone County, Indiana, United States
[2885/16883] osm-w1546309918: Boone County, Indiana, 46077, United States
[2886/16883] osm-w1546637189: Saint Charles Way
[2887/16883] osm-w1546758316: Oak Park Vista
[2888/16883] osm-w1549187506: North Key Drive
[2889/16883] osm-w1550033047: Quiet Road
[2890/16883] osm-w1551527657: Lion's Creek Boulevard
[2891/16883] osm-r21276452: Oakview Drive
[2892/16883] osm-w1552156936: South Locust Street
[2893/16883] osm-w1553152378: East 97th Avenue
[2894/16883] osm-w13064184: Melencamp Avenue
[2895/16883] osm-w58755786: 104th Terrace
[2896/16883] osm-w91734254: East Country Walk Street
[2897/16883] osm-w91818399: North Rock Road
[2898/16883] osm-w94455718: East 29th Street North
[2899/16883] osm-w100418826: Crescent Boulevard
[2900/16883] osm-w110461523: West 103rd Street
[2901/16883] osm-w118005668: Zenaide Street
[2902/16883] osm-w121477250: South Haskel Street
[2903/16883] osm-w124161826: East Olson Street
[2904/16883] osm-w126171360: 5th Street
[2905/16883] osm-w127845031: East 153rd Terrace
[2906/16883] osm-w133159957: West Lost Creek Circle
[2907/16883] osm-w133244474: North Main Street
[2908/16883] osm-w133265013: North Street
[2909/16883] osm-w157167784: West 117th Street
[2910/16883] osm-w170559982: Wilson Avenue
[2911/16883] osm-w184026993: Mission, Johnson County, Kansas, 66202, United States
[2912/16883] osm-w184369564: Mission, Johnson County, Kansas, 66202, United States
[2913/16883] osm-w184369565: Mission, Johnson County, Kansas, 66202, United States
[2914/16883] osm-w184372977: Barkley Street
[2915/16883] osm-w199784820: North C Street
[2916/16883] osm-w200674188: East 3rd Street
[2917/16883] osm-w203709041: West Radio Lane
[2918/16883] osm-w204874586: Southeast 6th Avenue
[2919/16883] osm-w266988106: Park Road
[2920/16883] osm-w271171778: Eicher Drive
[2921/16883] osm-w276814522: 8th Street
[2922/16883] osm-w318899173: Hemlock Street
[2923/16883] osm-w320357097: East 9th Street
[2924/16883] osm-w361097372: Metropolitan Avenue
[2925/16883] osm-w400470314: South Daily Street
[2926/16883] osm-w438958138: South Iowa Avenue
[2927/16883] osm-w449591157: Lost River Drive
[2928/16883] osm-w452884508: Sherman Street
[2929/16883] osm-w454067436: North Cedar Street
[2930/16883] osm-w454513485: Bittersweet Drive
[2931/16883] osm-w469230634: Tank Avenue
[2932/16883] osm-w470262119: North Bluegrass Drive
[2933/16883] osm-w470262230: North Hungerford Avenue
[2934/16883] osm-w480113633: Jaguar Drive
[2935/16883] osm-w483224464: Monroe Street
[2936/16883] osm-w485045623: West 9th Street
[2937/16883] osm-w490451894: Shawnee, Johnson County, Kansas, 66217, United States
[2938/16883] osm-w490646667: Hunt Loop
[2939/16883] osm-w526006156: Overland Park, Johnson County, Kansas, United States
[2940/16883] osm-w533092760: East 8th Avenue
[2941/16883] osm-w539392260: Ward Avenue
[2942/16883] osm-w541689561: South 7th Street
[2943/16883] osm-w542461729: 2nd Street
[2944/16883] osm-w542529692: East 9th Street
[2945/16883] osm-w542603081: West 9th Street
[2946/16883] osm-w544645840: West 49th Terrace
[2947/16883] osm-w547364558: Warren Avenue
[2948/16883] osm-w547364560: North 2nd Street
[2949/16883] osm-w547465299: East 13th Street
[2950/16883] osm-w562654190: West 5th Street
[2951/16883] osm-w562654203: East 9th Street
[2952/16883] osm-w564436354: McPherson County, Kansas, United States
[2953/16883] osm-w566529855: Douglas Street
[2954/16883] osm-w577688375: 10th Street
[2955/16883] osm-w578453457: Office Parkway
[2956/16883] osm-w582243506: Court Avenue
[2957/16883] osm-w582524790: Loretta Avenue
[2958/16883] osm-w584957292: Junction City, Geary County, Kansas, 66441, United States
[2959/16883] osm-w585033176: West 93rd Street
[2960/16883] osm-w591363755: Community Drive
[2961/16883] osm-w599514058: North Goethe Avenue
[2962/16883] osm-w599715137: South Morgan Street
[2963/16883] osm-w610817817: Kearny Avenue
[2964/16883] osm-w612472566: Bouchey Road
[2965/16883] osm-w617679061: Shawnee, Johnson County, Kansas, 66125, United States
[2966/16883] osm-w620564876: Shawnee, Johnson County, Kansas, 66226, United States
[2967/16883] osm-w621119169: Laurelwood Street
[2968/16883] osm-w622820183: West 77th Terrace
[2969/16883] osm-w623122449: East Poling Street
[2970/16883] osm-w623570819: West 88th Circle
[2971/16883] osm-w623582600: West 87th Terrace
[2972/16883] osm-w625115297: West 72nd Street
[2973/16883] osm-w629252873: West 25th Street
[2974/16883] osm-w631131591: Halsey Street
[2975/16883] osm-w635416183: Lake Road
[2976/16883] osm-w636094325: North Main Street
[2977/16883] osm-w637503801: South 231st Street West
[2978/16883] osm-w637503802: South 231st Street West
[2979/16883] osm-w637964640: W Explorer Street
[2980/16883] osm-w640503586: South Maple Street
[2981/16883] osm-w649873753: Riley County, Kansas, 66442, United States
[2982/16883] osm-w651945796: East Blair Street
[2983/16883] osm-w652295233: 5th Avenue
[2984/16883] osm-w652727184: West 46th Street
[2985/16883] osm-w653811831: Country Club Lane
[2986/16883] osm-w654652854: Maize, Sedgwick County, Kansas, 67101, United States
[2987/16883] osm-w655151228: West Silver Fox Street
[2988/16883] osm-w655350150: East 101st Street North
[2989/16883] osm-w656566809: West Fieldstone Street
[2990/16883] osm-w656566894: West 93rd Street North
[2991/16883] osm-w656786829: North Meridian Street
[2992/16883] osm-w657060629: Lochinvar Lane
[2993/16883] osm-w657638469: Kingsway
[2994/16883] osm-w657969990: Ranch Road
[2995/16883] osm-w659064934: Briarwood Lane
[2996/16883] osm-w660099864: Golden Road
[2997/16883] osm-w662161395: Muncy Avenue
[2998/16883] osm-w662731710: County Road V
[2999/16883] osm-w666060260: East Augusta Avenue
[3000/16883] osm-w667230607: South Hillsdale Drive
[3001/16883] osm-w667302162: Redbud Trail
[3002/16883] osm-w667302347: Southwest 50th Street
[3003/16883] osm-w667824838: East Rockhill Street
[3004/16883] osm-w667824843: Broadmoor at Chelsea
[3005/16883] osm-w667933673: East 13th Street North
[3006/16883] osm-w667933721: East 22nd Street North
[3007/16883] osm-w669152709: South Pinecrest Street
[3008/16883] osm-w669331714: East 37th Street North
[3009/16883] osm-w676058489: 7th Street
[3010/16883] osm-w676638413: 190th Road
[3011/16883] osm-w687499167: Lecompton Road
[3012/16883] osm-w688015269: Prairie Rose Circle
[3013/16883] osm-w694067134: West 132nd Place
[3014/16883] osm-w694067230: Antioch Road
[3015/16883] osm-w791543682: Willow Way Street
[3016/16883] osm-w815480074: South 1st Street
[3017/16883] osm-w815796340: Blue Jay Boulevard
[3018/16883] osm-w817594952: Lawrence, Douglas County, Kansas, 66049, United States
[3019/16883] osm-w842281105: Parkwood Drive
[3020/16883] osm-w847224935: Overland Park, Johnson County, Kansas, 66223, United States
[3021/16883] osm-w850013574: East 12th Street
[3022/16883] osm-w851721197: Kansas Turnpike
[3023/16883] osm-w878009309: Woodward Street
[3024/16883] osm-w884579525: Woodland Road
[3025/16883] osm-w887068505: Antioch Road
[3026/16883] osm-w911572004: West 59th Street
[3027/16883] osm-w960784054: South Escalante Street
[3028/16883] osm-w1067571847: East Lincoln Avenue
[3029/16883] osm-w1110032692: Main Street
[3030/16883] osm-w1135328967: Southwest Wood Valley Drive
[3031/16883] osm-w1139766050: South Copper Creek Drive
[3032/16883] osm-w1156143424: Madison Avenue
[3033/16883] osm-w1156837906: North Baltimore Avenue
[3034/16883] osm-w1160269015: North Westview Drive
[3035/16883] osm-w1169712712: Paola, Miami County, Kansas, United States
[3036/16883] osm-w1189212849: Herndon, Rawlins County, Kansas, 67739, United States
[3037/16883] osm-w1204986259: 2nd Street
[3038/16883] osm-w1206695708: North Woodlawn Street
[3039/16883] osm-w1206695904: First Division Road
[3040/16883] osm-w1216029384: Mount Brier Place
[3041/16883] osm-w1247961979: South 12th Street
[3042/16883] osm-w1247962020: East 5th Street
[3043/16883] osm-w1274136079: East 2nd Street
[3044/16883] osm-w1286706080: Halsey Street
[3045/16883] osm-w1291995780: Monroe Street
[3046/16883] osm-w1294581108: West North Street
[3047/16883] osm-w1306869102: Jackson County, Kansas, United States
[3048/16883] osm-w1318193220: Seville Street
[3049/16883] osm-w1321454585: East Garfield Avenue
[3050/16883] osm-w1323409694: Wedd Street
[3051/16883] osm-w1328425376: Dearborn Street
[3052/16883] osm-w1331376622: Chase, Rice County, Kansas, 67524, United States
[3053/16883] osm-w1331378062: West 5th Street
[3054/16883] osm-w1331378478: South Haven Road
[3055/16883] osm-w1331378765: East Funston Street
[3056/16883] osm-w1333102410: Miller Street
[3057/16883] osm-w1333196750: North Mulberry Street
[3058/16883] osm-w1337744321: Ringneck Drive
[3059/16883] osm-w1378637919: South Cedar Creek Parkway
[3060/16883] osm-w1384252979: 1st Street
[3061/16883] osm-w1389202073: North Sandy Hollow Drive
[3062/16883] osm-w1422753815: Yorktown Parkway
[3063/16883] osm-w1422756065: Perry Street
[3064/16883] osm-w1422757101: Spicer Drive
[3065/16883] osm-w1425251448: West 6th Street
[3066/16883] osm-w1434174411: Southeast Shawnee Heights Road
[3067/16883] osm-w1448223115: Wichita Street
[3068/16883] osm-w1462976589: North Wheatridge Street
[3069/16883] osm-w1467180273: East 2nd Street
[3070/16883] osm-w1467185241: West 5th Street
[3071/16883] osm-w1469947140: Leoti Township, Wichita County, Kansas, 67861, United States
[3072/16883] osm-w1469947156: Indiana Avenue
[3073/16883] osm-w1469947314: North Henderson Street
[3074/16883] osm-w1469947704: North Olive Street
[3075/16883] osm-w1469947875: West 6th Avenue
[3076/16883] osm-w1469947964: Section Line Road
[3077/16883] osm-w1469948208: Stockton, Rooks County, Kansas, United States
[3078/16883] osm-w1469948266: South 4th Street
[3079/16883] osm-w1469968286: Brown County, Kansas, United States
[3080/16883] osm-w1470097686: Tiger Road
[3081/16883] osm-w1470097695: Kaw Drive
[3082/16883] osm-w1470097922: Alma, Wabaunsee County, Kansas, 66401, United States
[3083/16883] osm-w1471483935: 5th Road
[3084/16883] osm-w1471483992: Philips Street
[3085/16883] osm-w1471484051: South Maple Street
[3086/16883] osm-w1471484396: 7th Avenue
[3087/16883] osm-w1471484479: Willow Brook Drive
[3088/16883] osm-w1471486030: South 199th Street West
[3089/16883] osm-w1471486795: South Broadway Street
[3090/16883] osm-w1471488088: South 31st Street
[3091/16883] osm-w1471489747: Elbing Road
[3092/16883] osm-w1471491275: George Drive
[3093/16883] osm-w1471492549: Yvonne Drive
[3094/16883] osm-w1471494888: North Coachhouse Court
[3095/16883] osm-w1471495228: West 1st Avenue
[3096/16883] osm-w1471502628: West 65th Drive
[3097/16883] osm-w1471503167: West 134th Street
[3098/16883] osm-w1471503496: 145th Street
[3099/16883] osm-w1471503661: Aspiria, Overland Park, Johnson County, Kansas, 66251, Unite
[3100/16883] osm-w1471503835: West 109th Terrace
[3101/16883] osm-w1471503967: West 108th Terrace
[3102/16883] osm-w1473258799: Webb Avenue
[3103/16883] osm-w1479278018: East Steadman Street
[3104/16883] osm-w1482103930: College Boulevard
[3105/16883] osm-w1485103487: Quail Valley Street
[3106/16883] osm-w1501212136: 6th Street
[3107/16883] osm-w1503467037: Avenue C
[3108/16883] osm-w1505417685: East Kenwood Park Drive
[3109/16883] osm-w1512540515: East Green Street
[3110/16883] osm-w1512577073: West Shade Lane
[3111/16883] osm-w1512577090: North Azure Lane
[3112/16883] osm-w1512577212: West 71st Street South
[3113/16883] osm-w1533142291: South 138th Street
[3114/16883] osm-w1548224527: South 7th Street
[3115/16883] osm-w1549188264: Osage Street
[3116/16883] osm-n14113086429: Country Club Estates
[3117/16883] osm-w42000714: James Lane
[3118/16883] osm-w55673504: Squire Valley Drive
[3119/16883] osm-w60142292: Brentlinger Lane
[3120/16883] osm-w60255828: Edenderry Drive
[3121/16883] osm-w60255829: Edenderry Drive
[3122/16883] osm-w61423655: Lancaster Place
[3123/16883] osm-w62226902: Bronner Circle
[3124/16883] osm-w64746245: Mount Sterling Road
[3125/16883] osm-w68305758: Florence Pike
[3126/16883] osm-w68307172: Petersburg Road
[3127/16883] osm-w80215036: Marshall Road
[3128/16883] osm-w80309503: Fox Chase Drive
[3129/16883] osm-w80397602: Walton-Verona Road
[3130/16883] osm-w80398861: Hackney Court
[3131/16883] osm-w80433453: Hathaway Road
[3132/16883] osm-w80629218: Schababerle Hill Road
[3133/16883] osm-w108069336: Hudnall Lane
[3134/16883] osm-w108069370: Old Turkeyfoot Road
[3135/16883] osm-w116690432: Lane Drive
[3136/16883] osm-w118414313: Circleport Drive
[3137/16883] osm-w138394888: Burgundy Hill Drive
[3138/16883] osm-w141726306: Steffen Court
[3139/16883] osm-w148941909: Little Round Top
[3140/16883] osm-w148941927: Devil’s Den
[3141/16883] osm-w152968770: Green Road
[3142/16883] osm-w159597322: North Talbot Drive
[3143/16883] osm-w176607495: Meadowlark Drive
[3144/16883] osm-w176607496: Forsythia Court
[3145/16883] osm-w176608676: Sugar Camp Road
[3146/16883] osm-w178755679: Family Circle
[3147/16883] osm-w179080197: South Shaw Lane
[3148/16883] osm-w184689263: Judy Lane
[3149/16883] osm-w189682190: Mississippi Street
[3150/16883] osm-w191641525: Moock Road
[3151/16883] osm-w197489030: Wrights Point Drive
[3152/16883] osm-w208828458: Brave Rifles Regiment Avenue
[3153/16883] osm-w217933389: Peel Road
[3154/16883] osm-w217933407: Petersburg Road
[3155/16883] osm-w220689436: Ic-8025E
[3156/16883] osm-w224172932: Boone County, Kentucky, 41042, United States
[3157/16883] osm-w224539774: South 22nd Street
[3158/16883] osm-w253349285: Lookout Farm Drive
[3159/16883] osm-w257177672: Spring Hill Trace
[3160/16883] osm-w257411830: West 20th Street
[3161/16883] osm-w258150236: Tates Creek Road
[3162/16883] osm-w258557309: Brownsboro Road
[3163/16883] osm-w261857497: Indiana Avenue
[3164/16883] osm-w278989602: Lexington, Fayette County, Kentucky, 40511, United States
[3165/16883] osm-w285495219: Kastle Road
[3166/16883] osm-w285495220: Kastle Road
[3167/16883] osm-w285925594: Shawnee Park Road
[3168/16883] osm-w295447966: Wolf Hills Boulevard
[3169/16883] osm-w301827486: Pavilion Way
[3170/16883] osm-w303788028: Merriwood Drive
[3171/16883] osm-w303814068: Jeffersontown, Jefferson County, Kentucky, 40299, United Sta
[3172/16883] osm-w305142283: Fair Oaks Lane
[3173/16883] osm-w306533011: Gayle Court
[3174/16883] osm-w314393025: Bramble Drive
[3175/16883] osm-w315665964: Pebble Creek Drive
[3176/16883] osm-w316023426: Pisgah Pike
[3177/16883] osm-w316623050: Harrods Hill, Lexington, Fayette County, Kentucky, 40513, Un
[3178/16883] osm-w316624318: Edgemoor Drive
[3179/16883] osm-w316748779: Middletown, Berea, Madison County, Kentucky, 40403, United S
[3180/16883] osm-w322153792: Clear Creek Park Access No 1
[3181/16883] osm-w337127091: Bellewood Road
[3182/16883] osm-w337512608: South Beckley Station Road
[3183/16883] osm-w337694459: Stone Spring Way
[3184/16883] osm-w337708821: Park Laureate Drive
[3185/16883] osm-w337726188: Fenwick Creek Place
[3186/16883] osm-w337832097: Brookhollow Drive
[3187/16883] osm-w337832100: Hurstbourne Ridge Boulevard
[3188/16883] osm-w337833526: Greenhurst Drive
[3189/16883] osm-w337835493: Ambrosse Lane
[3190/16883] osm-w339258574: Wells Drive
[3191/16883] osm-w339660182: Krause Avenue
[3192/16883] osm-w339749841: Leeds Road
[3193/16883] osm-w339755900: Westminster Court
[3194/16883] osm-w339755901: Ledgeview Court
[3195/16883] osm-w346670697: School Street
[3196/16883] osm-w365726393: Garden Mile Road
[3197/16883] osm-w383662523: Banker Street
[3198/16883] osm-w386416092: Lexington, Fayette County, Kentucky, 40509, United States
[3199/16883] osm-w386563884: New Circle Road
[3200/16883] osm-w401115936: Phillips Lane
[3201/16883] osm-w405585002: Harrodsburg Road
[3202/16883] osm-w405585003: Fort Harrods Drive
[3203/16883] osm-w405585013: Fort Harrods Drive
[3204/16883] osm-w405588032: Lexington, Fayette County, Kentucky, 40514, United States
[3205/16883] osm-w418171297: Knights Way
[3206/16883] osm-w447561651: Bulldog Mile
[3207/16883] osm-w461345094: Hillcrest Drive
[3208/16883] osm-w461975851: Flatwoods Road
[3209/16883] osm-w462391438: KY 638
[3210/16883] osm-w462437002: Liberty Road
[3211/16883] osm-w463298497: Arrowhead Road
[3212/16883] osm-w463353326: Newburg Road
[3213/16883] osm-w468591273: Cs-2051
[3214/16883] osm-w469237816: Harbor View Drive
[3215/16883] osm-w484719057: Clarksville Street
[3216/16883] osm-w504843156: Vastwood Park Road
[3217/16883] osm-w544824726: Sandy Tr
[3218/16883] osm-w548012945: Grayson, Carter County, Kentucky, 41143, United States
[3219/16883] osm-w555303813: High School Road
[3220/16883] osm-w579977132: Fountain Drive
[3221/16883] osm-w588979236: Parks Street
[3222/16883] osm-w591258684: Colonel Sanders Lane
[3223/16883] osm-w593116232: Nicholasville, Jessamine County, Kentucky, 40356, United Sta
[3224/16883] osm-w657649160: Barnes Road
[3225/16883] osm-w663861734: Herndon Road
[3226/16883] osm-w679165289: Gardiner Court
[3227/16883] osm-w685134185: Wheat Drive
[3228/16883] osm-w692910511: Pioneer Way
[3229/16883] osm-w692910578: Pioneer Way
[3230/16883] osm-w733071668: Boone County, Kentucky, 41094, United States
[3231/16883] osm-w743561644: Cougar Drive
[3232/16883] osm-w744468945: Lagrange Road
[3233/16883] osm-w746546212: Russellville Street
[3234/16883] osm-w812994650: Cumberland Falls Road
[3235/16883] osm-w836428232: Bengals Camp Entrance
[3236/16883] osm-w894145712: Hilltop Recreation Lane
[3237/16883] osm-w909808534: Lafayette Street
[3238/16883] osm-w914390484: Greenville Road
[3239/16883] osm-w921406271: Madison
[3240/16883] osm-w967856899: Oldham County, Kentucky, 40026, United States
[3241/16883] osm-w1008036040: Middle Fork Road
[3242/16883] osm-w1011529844: Warren County, Kentucky, 42102, United States
[3243/16883] osm-w1012846919: School Drive
[3244/16883] osm-w1014264089: Old Mulkey Road
[3245/16883] osm-w1014586941: Tompkinsville, Monroe County, Kentucky, 42167, United States
[3246/16883] osm-w1017433504: Burns Road
[3247/16883] osm-w1035068184: Rockbridge Road
[3248/16883] osm-w1053251039: Love Avenue
[3249/16883] osm-w1062788488: Park Road
[3250/16883] osm-w1062796263: Marshall County, Kentucky, 42045, United States
[3251/16883] osm-w1067599213: Indian Drive
[3252/16883] osm-w1087620989: West Broadway Street
[3253/16883] osm-w1088002298: Warren County, Kentucky, 42170, United States
[3254/16883] osm-w1100890010: Equinox Lane
[3255/16883] osm-w1116318257: Ironworks Road
[3256/16883] osm-w1134027901: Old Lawrenceburg Road
[3257/16883] osm-w1136023822: Doe Valley Parkway
[3258/16883] osm-w1153908651: Blackford Parkway
[3259/16883] osm-w1154619815: Park Street
[3260/16883] osm-w1193773341: Georgia Street
[3261/16883] osm-w1204252578: Warfield Walking Track
[3262/16883] osm-w1208606467: McCreary County, Kentucky, 42649, United States
[3263/16883] osm-w1210976053: Fern Valley Circle
[3264/16883] osm-w1216093724: Walk to vocational
[3265/16883] osm-w1218038216: Bloomfield Road
[3266/16883] osm-w1220367528: Somerset, Pulaski County, Kentucky, 42503, United States
[3267/16883] osm-w1222124950: Lexington Road
[3268/16883] osm-w1235731772: Southeastern Parkway
[3269/16883] osm-w1240792713: Richmond, Madison County, Kentucky, 40475, United States
[3270/16883] osm-w1240803349: Broadway
[3271/16883] osm-w1263576047: Lakeshore Drive
[3272/16883] osm-w1271181186: Hopkinsville, Christian County, Kentucky, 42240, United Stat
[3273/16883] osm-w1276769963: East Brannon Road
[3274/16883] osm-w1277918141: Scuffletown Road
[3275/16883] osm-w1277918220: School Street
[3276/16883] osm-w1277942016: Yonts Street
[3277/16883] osm-w1279117631: Southtown Boulevard
[3278/16883] osm-w1287215555: Lake Shore Drive
[3279/16883] osm-w1314819609: Lee County Voc-Tech School
[3280/16883] osm-w1315426889: 5th Avenue Southeast
[3281/16883] osm-w1318959141: Baldett Road
[3282/16883] osm-w1324645172: Country Club Drive
[3283/16883] osm-w1328418347: Engineer Road
[3284/16883] osm-w1328418370: Meadow Street
[3285/16883] osm-w1328418650: Patchen Drive
[3286/16883] osm-w1328419153: Cs-1073
[3287/16883] osm-w1333669615: Bernal Avenue
[3288/16883] osm-w1333669719: Old HIghway 60
[3289/16883] osm-w1333669796: Pin Oak Drive
[3290/16883] osm-w1333669879: A Shau Valley Road
[3291/16883] osm-w1333670102: Dodson Road
[3292/16883] osm-w1333670476: Logan County, Kentucky, 42276, United States
[3293/16883] osm-w1334496533: Freedoms Way
[3294/16883] osm-w1334499476: Constitution Drive
[3295/16883] osm-w1334857656: Woodside Hill Road
[3296/16883] osm-w1334860256: River Road
[3297/16883] osm-w1334860496: Middleburg Road
[3298/16883] osm-w1334860915: Southgate Manor Drive
[3299/16883] osm-w1334984249: Blue Springs Road
[3300/16883] osm-w1334984257: Campbell Lane
[3301/16883] osm-w1334984417: Edmonson County, Kentucky, United States
[3302/16883] osm-w1334985081: Poplar Hill Road
[3303/16883] osm-w1334985320: Floyds Hill Place
[3304/16883] osm-w1334985352: Rockledge Drive
[3305/16883] osm-w1334985379: Round Hill Road
[3306/16883] osm-w1334985421: Glencrest Drive
[3307/16883] osm-w1334995783: Myrtle Street
[3308/16883] osm-w1334995931: Russell County, Kentucky, 42629, United States
[3309/16883] osm-w1334996381: I 71;I 75
[3310/16883] osm-w1347668259: Willy Fay Branch Road
[3311/16883] osm-w1354041320: Terrace Springs Drive
[3312/16883] osm-w1356673307: College Farm Road
[3313/16883] osm-w1356673311: Astoria Court
[3314/16883] osm-w1356678680: Country Club Road
[3315/16883] osm-w1356679018: Trailridge Road
[3316/16883] osm-w1356679120: Lakeview Drive
[3317/16883] osm-w1365994711: Quail Ridge Road
[3318/16883] osm-w1373714553: Cumberland Parkway
[3319/16883] osm-w1387962447: Lee's Ford Dock Road
[3320/16883] osm-w1412346047: Westmeade Drive
[3321/16883] osm-w1412346141: Mike Miller County Park
[3322/16883] osm-w1412346451: Stringers Trailor Park
[3323/16883] osm-w1412351651: Steenbergen Road
[3324/16883] osm-w1412413110: Harned, Breckinridge County, Kentucky, 40144, United States
[3325/16883] osm-w1413180943: Riverview Drive
[3326/16883] osm-w1413180980: North Park Street
[3327/16883] osm-w1413181333: F F A Camp Road
[3328/16883] osm-w1413442079: Pollitt Road
[3329/16883] osm-w1413618840: Mount Pleasant Road
[3330/16883] osm-w1413618892: Worthington Glen Drive
[3331/16883] osm-w1413618931: Maywood Avenue
[3332/16883] osm-w1413619327: Waitsboro Drive
[3333/16883] osm-w1413619413: Eagle Drive
[3334/16883] osm-w1413619586: Old Wilson Lane
[3335/16883] osm-w1416739571: Scottsville Road
[3336/16883] osm-w1425440435: Louisville, Jefferson County, Kentucky, 40225, United States
[3337/16883] osm-w1425508911: Lodge Lane
[3338/16883] osm-w1425508996: Snowball Court
[3339/16883] osm-w1436271629: South Logsdon Parkway
[3340/16883] osm-w1455564631: Yorkshire Drive
[3341/16883] osm-w1458831044: La-1009
[3342/16883] osm-w1464442831: Verona-Mudlick Road
[3343/16883] osm-w1470398498: Old Hall Road
[3344/16883] osm-w1472819801: Stephen Beale Drive
[3345/16883] osm-w1474822933: Quail Court
[3346/16883] osm-w1474823712: Caveland Drive
[3347/16883] osm-w1474824594: River Street
[3348/16883] osm-w1474824902: Radio Tower Road
[3349/16883] osm-w1474825932: Park Avenue
[3350/16883] osm-w1474896868: Sunshine Pk
[3351/16883] osm-w1475119206: Marshall County, Kentucky, 42045, United States
[3352/16883] osm-w1475119882: Mulberry Street
[3353/16883] osm-w1476316433: Littleton Road
[3354/16883] osm-w1476317130: State Champ Road
[3355/16883] osm-w1476317510: Hal Rogers Parkway
[3356/16883] osm-w1476317839: University of Kentucky Drive
[3357/16883] osm-w1476318497: Lake Cumberland St Resort Park Road
[3358/16883] osm-w1476321206: Triple 5 Highway
[3359/16883] osm-w1476321938: Conners Road
[3360/16883] osm-w1476324312: Jones Avenue
[3361/16883] osm-w1476693242: Elizabethtown, Hardin County, Kentucky, 42701, United States
[3362/16883] osm-w1478479292: Highwater Road
[3363/16883] osm-w1478608514: South Dixie Street
[3364/16883] osm-w1478624989: Squires Road
[3365/16883] osm-w1478627093: Lexington, Fayette County, Kentucky, 40517, United States
[3366/16883] osm-w1478627585: Jonestown, Lexington, Fayette County, Kentucky, 40517, Unite
[3367/16883] osm-w1478704859: Applewood Lane
[3368/16883] osm-w1478705391: Fox Ridge Court
[3369/16883] osm-w1478713703: Shannawood Drive
[3370/16883] osm-w1478878194: Overdale Church Parking Lot Road
[3371/16883] osm-w1479251322: La Fontenay Court
[3372/16883] osm-w1480340437: Bondurant Drive
[3373/16883] osm-w1481001522: Brierly Ridge Road
[3374/16883] osm-w1482373799: North Hubbards Lane
[3375/16883] osm-w1485052767: Woodside Road
[3376/16883] osm-w1488964519: Longbranch Road
[3377/16883] osm-w1518519203: Laverne Drive
[3378/16883] osm-w1536378463: Fairgrounds Road
[3379/16883] osm-w1545118938: South Street
[3380/16883] osm-w1553155092: Diederich Boulevard
[3381/16883] osm-r19352473: Paducah Road
[3382/16883] osm-w136526692: Tchoupitoulas Street
[3383/16883] osm-w199091543: St. Landry Parish, Louisiana, 70584, United States
[3384/16883] osm-w234727503: Jefferson Highway
[3385/16883] osm-w239231514: Camellia Boulevard
[3386/16883] osm-w266643034: Broussard Lane
[3387/16883] osm-w293483513: Benton Road
[3388/16883] osm-w293486349: Greenacres Place Drive
[3389/16883] osm-w301011267: Shenandoah Avenue
[3390/16883] osm-w324029524: I-10 Service Road
[3391/16883] osm-w358223543: Red Oak Court
[3392/16883] osm-w358223548: Tall Timbers Drive
[3393/16883] osm-w358916248: Park Timbers Drive
[3394/16883] osm-w364965231: Baurle Road
[3395/16883] osm-w365557330: Delmar Boulevard
[3396/16883] osm-w365563600: Whiskey Island Road
[3397/16883] osm-w388760799: Chamale Cove West
[3398/16883] osm-w406039440: Edgewater Court
[3399/16883] osm-w406045915: St. Tammany Parish, Louisiana, 70471, United States
[3400/16883] osm-w406270272: Pinecrest Drive
[3401/16883] osm-w409560180: Murray Hill Drive
[3402/16883] osm-w436874857: Hendry Avenue
[3403/16883] osm-w436876530: South Jefferson Avenue
[3404/16883] osm-w437304144: Ochsner Boulevard
[3405/16883] osm-w437310312: Covington Point Drive
[3406/16883] osm-w443270766: Clubhouse Drive
[3407/16883] osm-w443272102: US 165
[3408/16883] osm-w462606233: North Clement Street
[3409/16883] osm-w465517582: West Bayou Pines Drive
[3410/16883] osm-w469800215: West McNeese Street
[3411/16883] osm-w480237320: Desoto Drive
[3412/16883] osm-w488979466: Hospital Road
[3413/16883] osm-w489145509: East South Street
[3414/16883] osm-w489960364: West Napoleon Avenue
[3415/16883] osm-w493771002: Lake Lamond Avenue
[3416/16883] osm-w501443332: Baird Road
[3417/16883] osm-w532818753: 44th Street
[3418/16883] osm-w532818871: Carmenere Drive
[3419/16883] osm-w545318271: West Lakeshore Drive
[3420/16883] osm-w589450002: Boundary Road
[3421/16883] osm-w607112050: Lions Club Street
[3422/16883] osm-w608186360: West Feliciana Parish, Louisiana, 70775, United States
[3423/16883] osm-w621442562: West Alabama Avenue
[3424/16883] osm-w665518658: Park View Boulevard
[3425/16883] osm-w737048204: Applewood Road
[3426/16883] osm-w737048207: Thoreau Drive
[3427/16883] osm-w782001730: Chartres Street
[3428/16883] osm-w803110249: Heritage Drive
[3429/16883] osm-w828318106: Saint Roch Avenue
[3430/16883] osm-w829065983: 5th Street
[3431/16883] osm-w863436361: Clyde Fant Memorial Parkway
[3432/16883] osm-w881507980: East 4th Street
[3433/16883] osm-w917552208: Magnolia grove Court
[3434/16883] osm-w921395575: West End Boulevard
[3435/16883] osm-w977529448: Healthplex Drive
[3436/16883] osm-w1017669923: Kenshire Court
[3437/16883] osm-w1017678340: Sugarland Drive
[3438/16883] osm-w1072446871: Badou Drive
[3439/16883] osm-w1076415484: Davis Plantation, Luling, St. Charles Parish, Louisiana, 700
[3440/16883] osm-w1084387517: Levee Drive
[3441/16883] osm-w1087626987: Tank Street
[3442/16883] osm-w1118352043: Antibes Street West
[3443/16883] osm-w1118356568: North Courtvilla Drive
[3444/16883] osm-w1119878639: Parkway Service Road
[3445/16883] osm-w1119878899: Knight Street
[3446/16883] osm-w1119884187: Kingston Road
[3447/16883] osm-w1119952577: Rue Bayonne
[3448/16883] osm-w1120112542: Main Project Road
[3449/16883] osm-w1122673144: Northlake Drive
[3450/16883] osm-w1133385176: Gassoway, East Carroll Parish, Louisiana, United States
[3451/16883] osm-w1170882761: Airport Road
[3452/16883] osm-w1181068415: Chauvin Lane
[3453/16883] osm-w1187669114: Americana Boulevard
[3454/16883] osm-w1196000714: Doctor Beatrous Road
[3455/16883] osm-w1235281489: East Academy Avenue
[3456/16883] osm-w1235283506: East 2nd Street
[3457/16883] osm-w1264360147: Peggy Street
[3458/16883] osm-w1264360872: Fisher Road
[3459/16883] osm-w1280701031: Carmel Avenue
[3460/16883] osm-w1287440828: 3rd Street
[3461/16883] osm-w1293456354: Alden Court
[3462/16883] osm-w1293457798: Fort Polk, Fort Johnson South, Vernon Parish, Louisiana, 714
[3463/16883] osm-w1293462849: Mississippi Avenue
[3464/16883] osm-w1313185056: Memorial Drive
[3465/16883] osm-w1314956802: US 167
[3466/16883] osm-w1318959106: East Factory Street
[3467/16883] osm-w1318959852: Watson Street
[3468/16883] osm-w1321423559: Buttercup Drive
[3469/16883] osm-w1321425033: South Lee Street
[3470/16883] osm-w1321582004: Claiborne Street
[3471/16883] osm-w1322140141: Wright Avenue
[3472/16883] osm-w1322140576: Woodlands Drive
[3473/16883] osm-w1322140863: Martin Luther King Jr Street
[3474/16883] osm-w1322589297: 6th Street
[3475/16883] osm-w1322589465: Hubert Dupuy Street
[3476/16883] osm-w1322589669: Laurel Street
[3477/16883] osm-w1322590862: Lafayette, Lafayette Parish, Louisiana, 70508, United States
[3478/16883] osm-w1322591444: Drop Off Lane
[3479/16883] osm-w1324842158: Jones Street
[3480/16883] osm-w1329889376: Morgan City, St. Mary Parish, Louisiana, 70380, United State
[3481/16883] osm-w1333177177: Sycamore Road
[3482/16883] osm-w1333177193: Sycamore Road
[3483/16883] osm-w1333177210: Fairground Road
[3484/16883] osm-w1333415840: Oak Street
[3485/16883] osm-w1333415852: Collin P Kelly Drive
[3486/16883] osm-w1333415916: North Allen Avenue
[3487/16883] osm-w1333415986: Parish Road 790
[3488/16883] osm-w1333416025: 3rd Street
[3489/16883] osm-w1333416326: Ball Lane
[3490/16883] osm-w1333416380: Kenniwick Loop
[3491/16883] osm-w1333416469: Courtland Place
[3492/16883] osm-w1333416519: Snoddy Street
[3493/16883] osm-w1333416744: High School
[3494/16883] osm-w1333416797: Armand Thevenot Road
[3495/16883] osm-w1333416818: Front Street
[3496/16883] osm-w1333423081: State Route 3191
[3497/16883] osm-w1333423484: East 7th Avenue
[3498/16883] osm-w1333423572: Mason Loop
[3499/16883] osm-w1333423590: I 10
[3500/16883] osm-w1333423906: Fruge Street
[3501/16883] osm-w1333476749: West Mill Street
[3502/16883] osm-w1333476968: Copperfield Way
[3503/16883] osm-w1333477259: St. Mary Parish, Louisiana, 70540, United States
[3504/16883] osm-w1333477471: State Route 317
[3505/16883] osm-w1333477704: Lake Palourde Bypass Road
[3506/16883] osm-w1333477753: Azalea Drive
[3507/16883] osm-w1333477839: Ardoyne Plantation Lane
[3508/16883] osm-w1333478332: Hollywood, Terrebonne Parish, Louisiana, 70360, United State
[3509/16883] osm-w1333478757: Percy Brown Road
[3510/16883] osm-w1333478810: Iris Street
[3511/16883] osm-w1333480117: Bowie Road
[3512/16883] osm-w1333494336: Pecan Bayou, Ouachita Parish, Louisiana, 71203, United State
[3513/16883] osm-w1333494393: Forsythe Avenue
[3514/16883] osm-w1333494717: Westminster Avenue
[3515/16883] osm-w1333495023: Saint Clare Court
[3516/16883] osm-w1333495531: Boulevard Louisiane
[3517/16883] osm-w1333667633: Leona Avenue
[3518/16883] osm-w1333667674: Clay Street
[3519/16883] osm-w1333667958: Highway 1
[3520/16883] osm-w1333668117: Notre Dame Street
[3521/16883] osm-w1333668211: Senior Citizen Drive
[3522/16883] osm-w1333668282: Onofrio A Lococo Drive
[3523/16883] osm-w1333668398: Fantastic Boulevard
[3524/16883] osm-w1333668487: School Street
[3525/16883] osm-w1333668687: East 74th Street
[3526/16883] osm-w1340210291: Bayou Sorrel, Iberville Parish, Louisiana, United States
[3527/16883] osm-w1346283632: Westwood Drive
[3528/16883] osm-w1347706888: Crowley Eunice Highway
[3529/16883] osm-w1355504912: Germantown Road
[3530/16883] osm-w1355505017: Ferriday, Concordia Parish, Louisiana, 71334, United States
[3531/16883] osm-w1355505065: Field Road
[3532/16883] osm-w1355507627: Tensas Bayou Road
[3533/16883] osm-w1355507631: Tensas Bayou Road
[3534/16883] osm-w1356671652: West Rosa Street
[3535/16883] osm-w1356671729: Palmetto Road
[3536/16883] osm-w1356671809: Palmetto Road
[3537/16883] osm-w1361445659: Alamo Drive
[3538/16883] osm-w1379396803: Belle Chasse, Plaquemines Parish, Louisiana, 70037, United S
[3539/16883] osm-w1394601105: Keys Road
[3540/16883] osm-w1416749225: Nelson Drive
[3541/16883] osm-w1416749309: Alabama Street
[3542/16883] osm-w1416749655: Hatter Street
[3543/16883] osm-w1417645358: Saint Gabriel, Iberville Parish, Louisiana, 70776, United St
[3544/16883] osm-w1429690865: Shirley Street
[3545/16883] osm-w1431589238: Betty Martin Drive
[3546/16883] osm-w1434409510: Edwards Drive
[3547/16883] osm-w1434612005: Perimeter Road
[3548/16883] osm-w1435105341: Fairground Street
[3549/16883] osm-w1443038278: Patterson Drive
[3550/16883] osm-w1443939147: Carondelet Street
[3551/16883] osm-w1443939204: North Street
[3552/16883] osm-w1443939411: Katherine Parkway
[3553/16883] osm-w1443939543: Katherine Parkway
[3554/16883] osm-w1444271071: Glendale Drive
[3555/16883] osm-w1454462912: Cozumel Drive
[3556/16883] osm-w1462495710: Highway 1129
[3557/16883] osm-w1462495726: St. Tammany Parish, Louisiana, United States
[3558/16883] osm-w1467500268: Ascot, East Baton Rouge Parish, Louisiana, 70816, United Sta
[3559/16883] osm-w1469313884: June Drive
[3560/16883] osm-w1471833393: Country Club Drive
[3561/16883] osm-w1471833499: Cecil Doyle Road
[3562/16883] osm-w1471833947: Berry Drive
[3563/16883] osm-w1471837773: East Street
[3564/16883] osm-w1471837994: St. Landry Parish, Louisiana, 70535, United States
[3565/16883] osm-w1472802436: Britton Road
[3566/16883] osm-w1472811631: Fair Avenue
[3567/16883] osm-w1472812002: Davis Street
[3568/16883] osm-w1472812237: North Park Street
[3569/16883] osm-w1472815892: State Route 603
[3570/16883] osm-w1472816698: Vidalia, Concordia Parish, Louisiana, 71373, United States
[3571/16883] osm-w1472816809: Marydale Road
[3572/16883] osm-w1472816929: US 61
[3573/16883] osm-w1472883524: Vespasian Boulevard
[3574/16883] osm-w1472883532: Constitution Street
[3575/16883] osm-w1472883557: Lafitte Street
[3576/16883] osm-w1472883798: Loyola Avenue
[3577/16883] osm-w1472884136: Little Farms Avenue
[3578/16883] osm-w1472884286: Verde Street
[3579/16883] osm-w1472885620: Rienzi Boulevard
[3580/16883] osm-w1472887040: Pennington Trails
[3581/16883] osm-w1472887109: Blendon Drive
[3582/16883] osm-w1472889791: West Chimes Street
[3583/16883] osm-w1472890968: St Andrews Court
[3584/16883] osm-w1472893159: East Bluebird Drive
[3585/16883] osm-w1472893191: Frem Boustany Drive
[3586/16883] osm-w1474849870: Grassy Mere Road
[3587/16883] osm-w1502670665: Archwood Street
[3588/16883] osm-w1512578784: Stonewall, DeSoto Parish, Louisiana, 71030, United States
[3589/16883] osm-w1512580171: Cypress Drive
[3590/16883] osm-w1517194695: Chateau de Way
[3591/16883] osm-w1517233621: Stonebridge Boulevard
[3592/16883] osm-w1518633753: Herwig Bluff Road
[3593/16883] osm-w1530379492: Park
[3594/16883] osm-w1530380219: Union Parish, Louisiana, United States
[3595/16883] osm-w1530383751: Rosedown Plantation Road
[3596/16883] osm-w1530486587: River Road
[3597/16883] osm-w1531679550: Law Street
[3598/16883] osm-w1531680222: Leontine Street
[3599/16883] osm-w1531682522: Highland Park Drive
[3600/16883] osm-w1553185784: Leon Avenue
[3601/16883] osm-n5998475185: Eel Point Road
[3602/16883] osm-n13119616335: Newport Circle
[3603/16883] osm-w655022245: Ledge Way
[3604/16883] osm-n13139972526: Beechwood Street
[3605/16883] osm-n13139972543: Rocky Lane
[3606/16883] osm-n13139972544: Fox Run
[3607/16883] osm-n13139972545: Surry Drive
[3608/16883] osm-n13139972547: Surry Drive
[3609/16883] osm-n13139972548: Swain Lane
[3610/16883] osm-n13139972551: Grace Drive
[3611/16883] osm-n13139979720: Cole Road
[3612/16883] osm-n13139979721: Steamboat Lane
[3613/16883] osm-n13139979726: Gammons Road
[3614/16883] osm-n13139979728: South Main Street
[3615/16883] osm-n13139979729: Border Street
[3616/16883] osm-n13139979730: Border Street
[3617/16883] osm-n13139979731: Border Street
[3618/16883] osm-n13139979732: South Main Street
[3619/16883] osm-w29591180: Warren Street
[3620/16883] osm-w75641317: Oakcrest Drive
[3621/16883] osm-w82003388: Anderson Way
[3622/16883] osm-w88969972: Whisper Drive
[3623/16883] osm-w95145326: Plantation Parkway
[3624/16883] osm-w99659993: Chauncy Street
[3625/16883] osm-w101674275: High Rock Way
[3626/16883] osm-w128948012: Nut Meadow Crossing
[3627/16883] osm-w131936840: Lawrence Dr.
[3628/16883] osm-w133242775: Althea Avenue
[3629/16883] osm-w136467294: Kendall Road
[3630/16883] osm-w141395735: Fleet Street
[3631/16883] osm-w164025188: Commercial Street
[3632/16883] osm-w174700188: Nonset Path
[3633/16883] osm-w186637951: Marion, Plymouth County, Massachusetts, 02738, United States
[3634/16883] osm-w198149326: Duck Pond Drive
[3635/16883] osm-w199582265: Shore Drive
[3636/16883] osm-w202894306: Puritan Road
[3637/16883] osm-w204709541: Bay View Drive
[3638/16883] osm-w205859631: Davis Road
[3639/16883] osm-w205859633: Davis Road
[3640/16883] osm-w209204746: Star Hill Road
[3641/16883] osm-w212521141: Outer Drive
[3642/16883] osm-w214930668: Adams Road
[3643/16883] osm-w214939444: Woods Cove Trail
[3644/16883] osm-w223978320: Bruce Street
[3645/16883] osm-w224963982: Orchard Way
[3646/16883] osm-w226926791: Highland Street
[3647/16883] osm-w227449434: Lattof Farm Circle
[3648/16883] osm-w234933751: Bearses Lane
[3649/16883] osm-w234933753: Shore Road
[3650/16883] osm-w246956821: Plantation Road
[3651/16883] osm-w251779428: Fifth Street
[3652/16883] osm-w252078757: Beechwood Drive
[3653/16883] osm-w252700340: Colonial Drive
[3654/16883] osm-w256511556: South Meadow Lane
[3655/16883] osm-w262521621: Sharon Lane
[3656/16883] osm-w263303939: Scribner Road
[3657/16883] osm-w263470477: Village Lane
[3658/16883] osm-w263470481: Liberty Lane
[3659/16883] osm-w263470484: Dunstable Road
[3660/16883] osm-w263470488: Colony Heights
[3661/16883] osm-w264546389: Reservation Road
[3662/16883] osm-w264546391: Patricia Circle
[3663/16883] osm-w265883577: Lower Windflower Way
[3664/16883] osm-w269759709: Monadnock Drive
[3665/16883] osm-w269776723: Independence Drive
[3666/16883] osm-w270221075: West Meadow Road
[3667/16883] osm-w270221078: Morgan Drive
[3668/16883] osm-w270221081: Christopher Drive
[3669/16883] osm-w270221084: I 495
[3670/16883] osm-w270221085: Landing Drive
[3671/16883] osm-w270520967: Clinton Shore Drive
[3672/16883] osm-w270520969: Camp Green Eyrie, Harvard, Worcester County, Massachusetts, 
[3673/16883] osm-w270521879: East Bare Hill Road
[3674/16883] osm-w270521883: Still River Road
[3675/16883] osm-w270521892: Old Littleton Road
[3676/16883] osm-w270521896: Old Littleton Road
[3677/16883] osm-w270521898: Ann Lees Road
[3678/16883] osm-w270521900: East Bare Hill Road
[3679/16883] osm-w270521902: South Shaker Road
[3680/16883] osm-w270521909: Powell/Reed/Abbot (yellow blaze)
[3681/16883] osm-w273585252: Nagog Park Drive
[3682/16883] osm-w289333808: Georganna Street
[3683/16883] osm-w303780396: Fernwood Avenue
[3684/16883] osm-w309851975: Grand Army of the Republic Highway
[3685/16883] osm-w310174162: Bay Club Drive
[3686/16883] osm-w311051293: Monument Street
[3687/16883] osm-w312344084: Ryder Way
[3688/16883] osm-w313765672: Wayland, Middlesex County, Massachusetts, 01733, United Stat
[3689/16883] osm-w318529476: Marblehead Rail Trail
[3690/16883] osm-w325744484: Mendon Street
[3691/16883] osm-w342544640: Forest Way
[3692/16883] osm-w342544643: Crowes Lane
[3693/16883] osm-w342544644: Horseshoe Lane
[3694/16883] osm-w342544645: Crowes Lane
[3695/16883] osm-w342544646: Toms Hollow Lane
[3696/16883] osm-w342544648: Little Bay Road
[3697/16883] osm-w351509892: Argilla Road
[3698/16883] osm-w356976343: Highland Street
[3699/16883] osm-w356976345: Winding Way
[3700/16883] osm-w366209903: Woods Cove Road
[3701/16883] osm-w369595772: Thayer Lane
[3702/16883] osm-w370506450: Far End Lane
[3703/16883] osm-w375930160: Estabrook Trail
[3704/16883] osm-w377054129: Two Rod Road
[3705/16883] osm-w377851155: Lowell Road
[3706/16883] osm-w383658870: Westport Point, Westport, Bristol County, Massachusetts, 027
[3707/16883] osm-w384583432: Porter Road
[3708/16883] osm-w410613593: Munroe Hill Road
[3709/16883] osm-w411000938: Stonewall Road
[3710/16883] osm-w411000948: Red Valley Road
[3711/16883] osm-w413182084: Donald J Lynch Boulevard
[3712/16883] osm-w414243561: Cudworth Road
[3713/16883] osm-w414313175: Highland Street
[3714/16883] osm-w415632046: Old Billerica Road
[3715/16883] osm-w416644246: Gardiner Road
[3716/16883] osm-w416644248: Menauhant Road
[3717/16883] osm-w418677326: Main Trail (yellow)
[3718/16883] osm-w418875342: Chapoquoit Road
[3719/16883] osm-w419531036: Associates Road
[3720/16883] osm-w419531038: Penzance Road
[3721/16883] osm-w419531040: Penzance Road
[3722/16883] osm-w419531042: Penzance Road
[3723/16883] osm-w420341637: Suffolk Lane
[3724/16883] osm-w420341639: Elliott Trail
[3725/16883] osm-w420341641: River Road
[3726/16883] osm-w420345359: Edmonds Road
[3727/16883] osm-w420890005: Carroll Drive
[3728/16883] osm-w422113381: Cooper Road
[3729/16883] osm-w422188249: Woodland Road
[3730/16883] osm-w422283885: Marys Way
[3731/16883] osm-w427203812: Shellback Way
[3732/16883] osm-w427204362: Timber Landing Road
[3733/16883] osm-w427545498: Vineyard Road
[3734/16883] osm-w427545577: Main Street
[3735/16883] osm-w427545579: Sea Street
[3736/16883] osm-w427545581: Bluff Point Drive
[3737/16883] osm-w427545773: Nickerson Drive
[3738/16883] osm-w427546079: Captain Ezras Lane
[3739/16883] osm-w427550319: Main Street
[3740/16883] osm-w427550364: South Main Street
[3741/16883] osm-w428809999: Lake Farm Lane
[3742/16883] osm-w429693277: powerline truck path
[3743/16883] osm-w430625054: Camp Good News Road
[3744/16883] osm-w431881127: Court Lane
[3745/16883] osm-w432938317: Windsor Ridge Drive
[3746/16883] osm-w433870153: Fort Pond Inn Road
[3747/16883] osm-w435715667: Gansett Road
[3748/16883] osm-w435717067: Church Street
[3749/16883] osm-w435719422: Penzance Road
[3750/16883] osm-w435831907: Nobska Road
[3751/16883] osm-w436127433: Cotchpinicut Road
[3752/16883] osm-w436161728: Scotch House Cove Road
[3753/16883] osm-w436597193: Veterans Memorial Highway
[3754/16883] osm-w436766952: Greenbriar Lane
[3755/16883] osm-w436935706: Sugar Pine Circle
[3756/16883] osm-w437356058: Waterside Avenue
[3757/16883] osm-w437369794: Highfield Drive
[3758/16883] osm-w437850422: Swing Lane
[3759/16883] osm-w441249683: Camp Becket Road
[3760/16883] osm-w444727432: Topsfield Linear Common
[3761/16883] osm-w449137718: Deerwood Circle
[3762/16883] osm-w449714252: Ashby State Road
[3763/16883] osm-w456671169: Unmarked Trail
[3764/16883] osm-w457549543: Black Oak Road
[3765/16883] osm-w466047705: Wilbur Street
[3766/16883] osm-w466051703: Mark Bradford Drive
[3767/16883] osm-w470298683: Walk Way
[3768/16883] osm-w477578477: Hupi Road
[3769/16883] osm-w484144572: Belmont Court
[3770/16883] osm-w487435753: Appalachian Road
[3771/16883] osm-w490903693: Marrett Street
[3772/16883] osm-w498625869: Manomet Point Road
[3773/16883] osm-w498653207: Lollipop Lane
[3774/16883] osm-w503557878: Warren Avenue
[3775/16883] osm-w503560130: Rocky Hill Road
[3776/16883] osm-w504639165: North Main Road
[3777/16883] osm-w509014208: Riverview Road
[3778/16883] osm-w521311855: Baldwin Road
[3779/16883] osm-w541328868: Laughton Connector
[3780/16883] osm-w542337742: Main Street
[3781/16883] osm-w543584282: Mass Central Rail Trail -- Wayside
[3782/16883] osm-w544258908: Agawam, Hampden County, Massachusetts, 01144, United States
[3783/16883] osm-w565126419: Farrwood Avenue
[3784/16883] osm-w571470019: Lancaster Court
[3785/16883] osm-w573716182: Clara Howard Way
[3786/16883] osm-w583779285: Copley Drive
[3787/16883] osm-w583795354: Mirick Road
[3788/16883] osm-w583795543: Mirick Road
[3789/16883] osm-w586129979: Hatchville Road
[3790/16883] osm-w594758770: Tussock Brook Road
[3791/16883] osm-w607183358: Cobblestone Way
[3792/16883] osm-w608651577: Copeland Drive
[3793/16883] osm-w616285775: Walpole Heights, Walpole, Norfolk County, Massachusetts, 020
[3794/16883] osm-w616320864: Leisure Lee Road
[3795/16883] osm-w616399908: Foxhollow Road
[3796/16883] osm-w616415942: Whereaway Lane Extension
[3797/16883] osm-w616757644: Gross Hill Road
[3798/16883] osm-w616826571: New Marlborough Village, New Marlborough, Berkshire County, 
[3799/16883] osm-w616826578: Cagney Hill Road
[3800/16883] osm-w617313606: Wood Lands Way
[3801/16883] osm-w617313636: Merritt Road
[3802/16883] osm-w617828288: Paine Hollow Road
[3803/16883] osm-w618685510: Overlook Ridge Terrace
[3804/16883] osm-w618711843: Settlers Lane
[3805/16883] osm-w618964222: Standish Road
[3806/16883] osm-w618964226: Nauset Road
[3807/16883] osm-w618991779: Bradford Road
[3808/16883] osm-w618997193: Oyster Trail
[3809/16883] osm-w620671097: Willow Street
[3810/16883] osm-w620941562: John Gilpin Lane
[3811/16883] osm-w620965808: Jessies Landing
[3812/16883] osm-w622142425: Waters Edge
[3813/16883] osm-w622164141: Desires Lane
[3814/16883] osm-w622516387: Allyn Lane
[3815/16883] osm-w623240704: Sol-E-Mar Street
[3816/16883] osm-w623240708: Rockland Farms
[3817/16883] osm-w624404795: Crosstree Hollow
[3818/16883] osm-w627617032: Obed Daggett Road
[3819/16883] osm-w627617033: Obed Daggett Road
[3820/16883] osm-w627617042: Mayhew Norton Road
[3821/16883] osm-w628117166: Manaquayak Road
[3822/16883] osm-w628636721: Elias Lane
[3823/16883] osm-w628657100: Little Homer's Pond Road
[3824/16883] osm-w628657101: Plum Bush Point Road
[3825/16883] osm-w628657611: Little Homer's Pond Road
[3826/16883] osm-w628669142: South Gate Road
[3827/16883] osm-w628690798: Stonewood Lane
[3828/16883] osm-w629258320: Bayes Hill Road
[3829/16883] osm-w629314706: Brickyard Trail
[3830/16883] osm-w629636116: Jewett Lane
[3831/16883] osm-w630309242: Thissell Street
[3832/16883] osm-w630372546: Wilbur Lane
[3833/16883] osm-w630376433: Close Connector
[3834/16883] osm-w632547726: Loon Cove Way
[3835/16883] osm-w632547729: Loon Cove Way
[3836/16883] osm-w632606115: X Chappy (North Neck to Wasque)
[3837/16883] osm-w632606125: Thaxter Lane
[3838/16883] osm-w632632464: Sampson Hill
[3839/16883] osm-w632632473: Chappaquiddick Road
[3840/16883] osm-w632656551: Dunes Road
[3841/16883] osm-w632857507: King Point Way
[3842/16883] osm-w633035497: Hillman Drive
[3843/16883] osm-w633035498: Katama Road Pathway
[3844/16883] osm-w633035499: Faulkner Drive
[3845/16883] osm-w633035540: Turkeyland Cove Road
[3846/16883] osm-w633129062: Oyster Watcha Road
[3847/16883] osm-w633129080: Wheldens Path
[3848/16883] osm-w633129086: Pohogonot Road
[3849/16883] osm-w633129091: Jobs Neck Road
[3850/16883] osm-w633429214: Hye Way
[3851/16883] osm-w633660250: Cassandras Path
[3852/16883] osm-w633701639: X Chappy (North Neck to Wasque)
[3853/16883] osm-w633728807: Harbor View, Fairhaven, Bristol County, Massachusetts, 02719
[3854/16883] osm-w634009436: Harbor View Avenue
[3855/16883] osm-w634009437: Old Pocha Road
[3856/16883] osm-w634009447: Sand Plain Way
[3857/16883] osm-w634009480: Chappaquiddick Road
[3858/16883] osm-w634150869: Green Pastures Road
[3859/16883] osm-w634161164: Snows Point
[3860/16883] osm-w634355227: Three Ponds Reservation
[3861/16883] osm-w634355229: North Neck Road
[3862/16883] osm-w635291771: Hulbert Avenue
[3863/16883] osm-w635446636: Rabbit Run Road
[3864/16883] osm-w635446644: Middle Valley Road
[3865/16883] osm-w635446649: Shimmo Pond Road
[3866/16883] osm-w635446650: Harborview Drive
[3867/16883] osm-w635452415: Dukes Road
[3868/16883] osm-w635452424: Vestal Street
[3869/16883] osm-w635452438: Sandy Drive
[3870/16883] osm-w635452444: Top Gale Lane
[3871/16883] osm-w635452445: Fulling Mill Road
[3872/16883] osm-w635452446: Top Gale Lane
[3873/16883] osm-w635452453: Shawkemo Road
[3874/16883] osm-w635452454: Shawkemo Hills Lane
[3875/16883] osm-w635454732: Surfside Bike Path
[3876/16883] osm-w635458866: Sherburne Commons
[3877/16883] osm-w635589358: Fox Grape Lane
[3878/16883] osm-w635809840: Polpis Bike Path
[3879/16883] osm-w635809841: Polpis Bike Path
[3880/16883] osm-w636043716: Eel Point Road
[3881/16883] osm-w636043722: Eel Point Road
[3882/16883] osm-w636067227: Trotts Hills Road
[3883/16883] osm-w636083827: Maxey Pond Road
[3884/16883] osm-w636083833: Swift Rock Road
[3885/16883] osm-w643179716: Plantingfield Wood Circle
[3886/16883] osm-w644451278: Dr. Paul Dudley White Path
[3887/16883] osm-w645748853: Brickworks Road
[3888/16883] osm-w645750786: John Cottle Road
[3889/16883] osm-w647846464: Herring Brook Way
[3890/16883] osm-w647846476: Old Field Road
[3891/16883] osm-w647896125: Blossom Lane
[3892/16883] osm-w648289217: Old Timers Lane
[3893/16883] osm-w648299082: Snow Way
[3894/16883] osm-w648299095: Countryside Drive
[3895/16883] osm-w648299097: Brick Hill Road
[3896/16883] osm-w648299106: Keziahs Lane
[3897/16883] osm-w648299110: Kenneth Lane
[3898/16883] osm-w648301307: Hayward Lane
[3899/16883] osm-w648561205: Little Cove
[3900/16883] osm-w648561208: Meadow Way
[3901/16883] osm-w648561209: Meadow Way
[3902/16883] osm-w648766320: Old Timers Lane
[3903/16883] osm-w649544155: Payson Lane
[3904/16883] osm-w649544158: Primrose Lane
[3905/16883] osm-w649544159: Barley Neck Road
[3906/16883] osm-w649690891: Castlemere Place
[3907/16883] osm-w652345997: Granite Road
[3908/16883] osm-w674116680: Jericho Road
[3909/16883] osm-w678190729: Medouie Creek Road
[3910/16883] osm-w678645357: Polpis Bike Path
[3911/16883] osm-w678645369: Wigwam Road
[3912/16883] osm-w678645370: Wigwam Road
[3913/16883] osm-w678645373: Wigwam Road
[3914/16883] osm-w678758942: Pocomo Road
[3915/16883] osm-w678758943: Pocomo Road
[3916/16883] osm-w679084357: Baxter Road
[3917/16883] osm-w681656038: North Road
[3918/16883] osm-w684775564: Runner Road
[3919/16883] osm-w684775566: Chappaquiddick Avenue
[3920/16883] osm-w684807329: Washington Avenue
[3921/16883] osm-w684896578: Sea Oaks
[3922/16883] osm-w685151733: Baxters Neck Road
[3923/16883] osm-w685151735: Baxters Neck Road
[3924/16883] osm-w685152686: Old Post Road
[3925/16883] osm-w687620252: Point of Pines Avenue
[3926/16883] osm-w687859554: Short Street
[3927/16883] osm-w687925487: Flatrock Road
[3928/16883] osm-w689376651: Ocean Drive
[3929/16883] osm-w690565041: Holmes Street
[3930/16883] osm-w691446541: Bay Avenue
[3931/16883] osm-w693099432: New Meadow Lane
[3932/16883] osm-w694478954: Gales Point Road
[3933/16883] osm-w694478980: Massasoit Road
[3934/16883] osm-w694693236: Newton Street
[3935/16883] osm-w694693237: Pheasant Trail
[3936/16883] osm-w695294229: South Deerfield Road
[3937/16883] osm-w695495694: Snow Fields Road
[3938/16883] osm-w695495700: Beam Street
[3939/16883] osm-w695508401: Shore Acres, Dartmouth, Bristol County, Massachusetts, 02748
[3940/16883] osm-w695508402: Birchfield Road
[3941/16883] osm-w695508403: Birchfield Road
[3942/16883] osm-w695508408: Gulf Road
[3943/16883] osm-w695607235: Moniz Drive
[3944/16883] osm-w695607244: Aimes Way
[3945/16883] osm-w696045112: Off King Way
[3946/16883] osm-w696125766: Rolling Hills
[3947/16883] osm-w696531033: Andover Street
[3948/16883] osm-w696781036: Konkapot Road
[3949/16883] osm-w696872259: Seekonk Cross Road
[3950/16883] osm-w697035447: Lee Park
[3951/16883] osm-w697230389: North Trail
[3952/16883] osm-w697238025: Indian Hill
[3953/16883] osm-w697383760: Lands End Drive
[3954/16883] osm-w697383763: Sandisfield Road
[3955/16883] osm-w697453055: Montclair Road
[3956/16883] osm-w697640770: Hancock, Berkshire County, Massachusetts, 12168, United Stat
[3957/16883] osm-w697910177: Juniper Lane
[3958/16883] osm-w698068841: Mohawk Road
[3959/16883] osm-w698249795: Shining Sea Bikeway
[3960/16883] osm-w698317231: Abels Neck Road
[3961/16883] osm-w699012296: Doeskin Place
[3962/16883] osm-w699012302: Doeskin Place
[3963/16883] osm-w699144668: Red Trail
[3964/16883] osm-w700313476: Squannacook Terrace
[3965/16883] osm-w700517699: Pine Crest Drive
[3966/16883] osm-w700533345: Altman Drive
[3967/16883] osm-w704493408: Lake Shore Drive Extension
[3968/16883] osm-w707479052: Lighthouse Inn Road
[3969/16883] osm-w707858094: Liberty Place
[3970/16883] osm-w710297522: Concord, Middlesex County, Massachusetts, 01742, United Stat
[3971/16883] osm-w712044819: Norwood, Norfolk County, Massachusetts, 02032, United States
[3972/16883] osm-w713157638: Locust Street
[3973/16883] osm-w721163944: Adventure Trail
[3974/16883] osm-w726953751: Fall River, Bristol County, Massachusetts, 02720, United Sta
[3975/16883] osm-w728098183: Bryant Street
[3976/16883] osm-w730033927: Main Street
[3977/16883] osm-w731779048: South Street
[3978/16883] osm-w738362238: Simon Willard Road
[3979/16883] osm-w738362239: Musterfield Road
[3980/16883] osm-w738362240: West Concord, Concord, Middlesex County, Massachusetts, 0174
[3981/16883] osm-w741762617: Nonesuch Loop (yellow)
[3982/16883] osm-w742851791: Brace Road
[3983/16883] osm-w743081746: Harmon Road
[3984/16883] osm-w743086674: North Road
[3985/16883] osm-w744801543: DeCarolis Drive
[3986/16883] osm-w749200194: Tom Paul Trail
[3987/16883] osm-w749637080: South Great Road
[3988/16883] osm-w752968170: Hayward Street
[3989/16883] osm-w753417491: Holmes Street
[3990/16883] osm-w753534525: Marion, Plymouth County, Massachusetts, 02738, United States
[3991/16883] osm-w754095174: Northern Strand Trail
[3992/16883] osm-w754456137: Decatur Lane
[3993/16883] osm-w754456142: Claypit Hill Road
[3994/16883] osm-w755441193: Colebrook River Road
[3995/16883] osm-w755769833: Sawyers Lane
[3996/16883] osm-w759033191: Hollow Lane
[3997/16883] osm-w760070956: Baron Park Lane
[3998/16883] osm-w760871451: Beacon Street
[3999/16883] osm-w764249191: Glades Road
[4000/16883] osm-w764417337: Mackintosh Lane
[4001/16883] osm-w765264930: Red Ledge Road
[4002/16883] osm-w765545519: Cambridge Turnpike
[4003/16883] osm-w765545521: Wheeler Road
[4004/16883] osm-w765545522: Wheeler Road
[4005/16883] osm-w765545526: Old Lexington Road
[4006/16883] osm-w765822492: Stony Brook Road
[4007/16883] osm-w765822494: Round Hill Road
[4008/16883] osm-w765822495: Hawthorne Circle
[4009/16883] osm-w765841815: Weston Road
[4010/16883] osm-w766549030: Storey Drive
[4011/16883] osm-w767683013: Obery Street
[4012/16883] osm-w767784087: Lothrop Lane
[4013/16883] osm-w767949383: Baker Bridge Road
[4014/16883] osm-w774863726: Garland Road
[4015/16883] osm-w777879954: Oyster Way
[4016/16883] osm-w777880235: Carriage Road
[4017/16883] osm-w777880523: Oyster Harbors, Osterville, Barnstable, Barnstable County, M
[4018/16883] osm-w779314556: Border Street
[4019/16883] osm-w780646751: Mount Vernon Street
[4020/16883] osm-w783782132: Academy Drive
[4021/16883] osm-w784083610: Club Grounds Road
[4022/16883] osm-w784083613: East Street
[4023/16883] osm-w785620349: Bayberry Lane
[4024/16883] osm-w785741157: Kings Grant Road
[4025/16883] osm-w786565108: Old Lexington Road
[4026/16883] osm-w786590273: Coburn Lane
[4027/16883] osm-w786908544: Round Hill Road
[4028/16883] osm-w786908551: Beaver Pond Road
[4029/16883] osm-w786908552: Todd Pond Road
[4030/16883] osm-w786908575: Bradford Road
[4031/16883] osm-w786908581: Sperry Lane
[4032/16883] osm-w787006111: Boyce Farm Road
[4033/16883] osm-w787006112: Boyce Farm Road
[4034/16883] osm-w787006114: Meadowbrook Road
[4035/16883] osm-w787212113: Round Hill Road
[4036/16883] osm-w787212130: Grasshopper Lane
[4037/16883] osm-w787212131: Old Farm Road
[4038/16883] osm-w787256645: Brown Street
[4039/16883] osm-w787260805: Ridge Road
[4040/16883] osm-w787363499: Boyce Farm Road
[4041/16883] osm-w788028315: Cherry Brook Road
[4042/16883] osm-w788028328: Concord Road
[4043/16883] osm-w788549289: Todd Pond Road
[4044/16883] osm-w788549306: Oakdale Lane
[4045/16883] osm-w788564416: Cedar Road
[4046/16883] osm-w789353722: Wayland, Middlesex County, Massachusetts, 01733, United Stat
[4047/16883] osm-w789353723: Lincoln Road
[4048/16883] osm-w789353729: Underwood Circle
[4049/16883] osm-w789353759: Wheeler Road
[4050/16883] osm-w789353767: Canaan Drive
[4051/16883] osm-w790455097: Northridge Drive
[4052/16883] osm-w790517431: Hancock Road
[4053/16883] osm-w790517469: Stratford Way
[4054/16883] osm-w790517471: Huckleberry Hill
[4055/16883] osm-w797674194: South Lowell, Lowell, Middlesex County, Massachusetts, 01852
[4056/16883] osm-w798468881: Washington Street
[4057/16883] osm-w798874605: Ridge Road
[4058/16883] osm-w803152888: Park Street
[4059/16883] osm-w807519058: Russell Street
[4060/16883] osm-w810717014: Concord Avenue
[4061/16883] osm-w815930204: Brookside Drive
[4062/16883] osm-w817603537: Wilma Road
[4063/16883] osm-w818397750: Lyman Street
[4064/16883] osm-w819925740: Chauncy Street
[4065/16883] osm-w820453838: Simon Willard Road
[4066/16883] osm-w820453842: Musterfield Road
[4067/16883] osm-w820507250: Thompson Place
[4068/16883] osm-w821848557: trail easement
[4069/16883] osm-w821848566: Monument Street
[4070/16883] osm-w823146662: Bay Circuit Trail
[4071/16883] osm-w826496092: Oxbow Road
[4072/16883] osm-w833950623: Leaf Lane
[4073/16883] osm-w837467876: Pond Walk
[4074/16883] osm-w837615537: Popponesset Island Road
[4075/16883] osm-w837623692: Great Oak Road
[4076/16883] osm-w840727521: Green Meadow Lane
[4077/16883] osm-w840744877: Air Park Drive
[4078/16883] osm-w841352571: Juniper Point Road
[4079/16883] osm-w841930902: Penzance Road
[4080/16883] osm-w849332182: East Street
[4081/16883] osm-w850010364: Forge Hill Road
[4082/16883] osm-w852061258: Goodnow Road
[4083/16883] osm-w854283973: Church Street
[4084/16883] osm-w857405904: Griffin Island Road
[4085/16883] osm-w857405906: Griffin Island Road
[4086/16883] osm-w857654094: Cross Road
[4087/16883] osm-w857838273: Chase Street
[4088/16883] osm-w858779994: Seapuit River Road
[4089/16883] osm-w860374834: Dogwood Lane
[4090/16883] osm-w862884201: North Pamet Road
[4091/16883] osm-w863157105: Herring Pond Way
[4092/16883] osm-w863618863: Bradford Road
[4093/16883] osm-w867850193: Old Connecticut Path
[4094/16883] osm-w872029478: Silver Oak Road
[4095/16883] osm-w876336801: Hill & Plain Road
[4096/16883] osm-w881755113: Bigelow Drive
[4097/16883] osm-w894433487: Osceola Drive
[4098/16883] osm-w894433508: Main Street
[4099/16883] osm-w900232171: Skyline Trail
[4100/16883] osm-w901442463: Southern Artery
[4101/16883] osm-w906161997: Masonic Home Road
[4102/16883] osm-w906329058: Cross Street
[4103/16883] osm-w906402052: Wilson Road
[4104/16883] osm-w910577373: Buckminster Road
[4105/16883] osm-w910577378: Holland Road
[4106/16883] osm-w912811771: Hummock Lane
[4107/16883] osm-w913264248: Old Dock Lane
[4108/16883] osm-w913670001: Apple Valley Drive
[4109/16883] osm-w914523203: Roberts Road
[4110/16883] osm-w915844683: Central Park Drive
[4111/16883] osm-w918319374: Galaxy Road
[4112/16883] osm-w918341819: Marquand Drive
[4113/16883] osm-w918378292: River Lodge Road
[4114/16883] osm-w919250236: Johnson Road
[4115/16883] osm-w923759210: Border Way
[4116/16883] osm-w934775728: Indian Road
[4117/16883] osm-w951747751: Gayle Avenue
[4118/16883] osm-w951789849: Sandcastle Drive
[4119/16883] osm-w955168780: Hitching Post Road
[4120/16883] osm-w958273482: Bailey Road
[4121/16883] osm-w967904326: Highview Drive
[4122/16883] osm-w969791839: Sessions Road
[4123/16883] osm-w970982737: Nanepashemet Street
[4124/16883] osm-w970990925: Bearses Way
[4125/16883] osm-w972611663: Winthrop Street
[4126/16883] osm-w974105302: South Foxboro, Foxborough, Norfolk County, Massachusetts, 02
[4127/16883] osm-w974199676: Summerville Road
[4128/16883] osm-w977022252: Mellen Lane
[4129/16883] osm-w980171427: Pine Avenue
[4130/16883] osm-w983369822: Isaac Hardy Lane
[4131/16883] osm-w983374556: Old Queen Anne Road
[4132/16883] osm-w986425034: Fox Island Road
[4133/16883] osm-w986425035: Fox Island Road
[4134/16883] osm-w986435723: Smoke Valley Road
[4135/16883] osm-w989066233: Baxters Neck Road
[4136/16883] osm-w1007137629: Millard Road
[4137/16883] osm-w1007460690: Island Avenue
[4138/16883] osm-w1007656558: Cotuit Bay Drive
[4139/16883] osm-w1007714962: Great Hill Road
[4140/16883] osm-w1015694626: Great Island
[4141/16883] osm-w1016693337: Briarwood Lane
[4142/16883] osm-w1020680917: Herring Brook Lane
[4143/16883] osm-w1024585731: Farview Lane
[4144/16883] osm-w1033305052: Dolliver Neck Drive
[4145/16883] osm-w1038323120: Tower Hill Road
[4146/16883] osm-w1040054277: Caleb Pond Road
[4147/16883] osm-w1040439978: East Pasture Shore Road
[4148/16883] osm-w1040696620: Menemsha Inn Road
[4149/16883] osm-w1041711834: Tabor House Road
[4150/16883] osm-w1042432367: Quinsigamond Avenue
[4151/16883] osm-w1042440570: Main Street
[4152/16883] osm-w1042687237: New York Avenue
[4153/16883] osm-w1044480345: Winnatuxett Beach path
[4154/16883] osm-w1044485109: Brierpatch Lane
[4155/16883] osm-w1045115381: North Sandyside Lane
[4156/16883] osm-w1046271640: Waterside Drive
[4157/16883] osm-w1047694811: Shaker Lane
[4158/16883] osm-w1049394947: Rivers Edge Road
[4159/16883] osm-w1052311851: New Hartford Road
[4160/16883] osm-w1052311872: New Hartford Road
[4161/16883] osm-w1052312103: Fox Road
[4162/16883] osm-w1052317689: Sage Road
[4163/16883] osm-w1052371216: Witham Street
[4164/16883] osm-w1054404516: Woodstock Drive
[4165/16883] osm-w1054404520: Carter Drive
[4166/16883] osm-w1055070468: Jabour Parkway
[4167/16883] osm-w1059114377: Holmes Road
[4168/16883] osm-w1062419524: Nobadeer Farm Road Bike Path
[4169/16883] osm-w1063438150: Brickett Hill Circle
[4170/16883] osm-w1067401949: Vineyard Road
[4171/16883] osm-w1070041008: Ocean View Drive
[4172/16883] osm-w1079260825: Carbon Force
[4173/16883] osm-w1082211251: Orchard Road
[4174/16883] osm-w1083610019: Hatch Road
[4175/16883] osm-w1087102823: Panther Trail
[4176/16883] osm-w1087768774: Fox Run
[4177/16883] osm-w1089349669: Eastbrook Lane
[4178/16883] osm-w1091065806: Pearl Street
[4179/16883] osm-w1091076925: Beekman Drive
[4180/16883] osm-w1093700091: Berry Street
[4181/16883] osm-w1094928361: Milford Road
[4182/16883] osm-w1095898122: Dunia Lane
[4183/16883] osm-w1096970054: Carriage Hill Circle
[4184/16883] osm-w1097137022: Walker Road
[4185/16883] osm-w1100615711: Old Stockbridge Road
[4186/16883] osm-w1100615744: Pine Street
[4187/16883] osm-w1100937792: Paxton Dunkin Donuts Drive-Through
[4188/16883] osm-w1102747057: Marlow Drive
[4189/16883] osm-w1102747073: West Main Road
[4190/16883] osm-w1106454625: South Street
[4191/16883] osm-w1110642487: Pittsfield Road
[4192/16883] osm-w1115779219: Audubon Road
[4193/16883] osm-w1115779572: Draper Road
[4194/16883] osm-w1116943542: Pinehurst Road
[4195/16883] osm-w1117268343: Nahant Road
[4196/16883] osm-w1117303950: Trull Road
[4197/16883] osm-w1117519672: Weld Street
[4198/16883] osm-w1122471170: Surf Drive
[4199/16883] osm-w1122523981: Claypit Hill Road
[4200/16883] osm-w1124000004: Edgewater Road
[4201/16883] osm-w1126395390: Centennial Drive
[4202/16883] osm-w1132615530: Loomis Street
[4203/16883] osm-w1132933053: Cape Codder Road
[4204/16883] osm-w1132948474: Casey Lane
[4205/16883] osm-w1133563277: Old Farm Road
[4206/16883] osm-w1134634617: Iroquois Avenue
[4207/16883] osm-w1134958203: Strawberry Lane
[4208/16883] osm-w1136498978: Main Street
[4209/16883] osm-w1136541737: Ice Valley Road
[4210/16883] osm-w1137106832: North Bay Road
[4211/16883] osm-w1137313873: Seapuit River Road
[4212/16883] osm-w1137418215: Windswept Way
[4213/16883] osm-w1137639811: Point Isabella Road
[4214/16883] osm-w1137660547: South Bay Road
[4215/16883] osm-w1137878611: Bridge Street
[4216/16883] osm-w1138528328: Elliott Road
[4217/16883] osm-w1141580852: Walker Street
[4218/16883] osm-w1141739209: Chestnut Street
[4219/16883] osm-w1150577381: Broadlawn Park
[4220/16883] osm-w1158286734: Cemetery Road
[4221/16883] osm-w1161458726: Wild Harbor Road
[4222/16883] osm-w1161473067: West Avenue
[4223/16883] osm-w1163120380: East Main Street
[4224/16883] osm-w1163665323: Winsor Road
[4225/16883] osm-w1163667174: Scraggy Neck Road
[4226/16883] osm-w1163731571: Scraggy Neck Road
[4227/16883] osm-w1163742221: Elgin Road
[4228/16883] osm-w1164220229: Wings Neck Road
[4229/16883] osm-w1166193941: Herring Creek Road
[4230/16883] osm-w1166206446: Naushon Road
[4231/16883] osm-w1174920826: Forest Acres Drive
[4232/16883] osm-w1184512494: Warren Street
[4233/16883] osm-w1184513433: Goddard Avenue
[4234/16883] osm-w1184514082: Buttonwood Village, South Brookline, Chestnut Hill, Brooklin
[4235/16883] osm-w1217387083: Juggler Meadow Road
[4236/16883] osm-w1219397646: Windemere Drive
[4237/16883] osm-w1219551468: Lilac Lane
[4238/16883] osm-w1223490662: Metoxit Road
[4239/16883] osm-w1229757948: Great Barrington Road
[4240/16883] osm-w1246718674: Factory Hollow Road
[4241/16883] osm-w1272742371: Marsh Avenue
[4242/16883] osm-w1275449044: Barn Board Lane
[4243/16883] osm-w1277839678: Quaker Meeting House Road
[4244/16883] osm-w1285809548: Wyllis Avenue
[4245/16883] osm-w1290926053: Blueberry Way
[4246/16883] osm-w1295567314: Marion, Plymouth County, Massachusetts, 02738, United States
[4247/16883] osm-w1298766616: State Road
[4248/16883] osm-w1299454880: Barkentine Circle
[4249/16883] osm-w1300617397: Emily Court
[4250/16883] osm-w1301366251: Highland Lane
[4251/16883] osm-w1303536414: Carol Lane
[4252/16883] osm-w1305044593: MacKenzie Road
[4253/16883] osm-w1305652291: Bittersweet Lane
[4254/16883] osm-w1306669538: Great Barrington Road
[4255/16883] osm-w1307492965: Harrington Farms Way
[4256/16883] osm-w1308355836: Trotters Lane
[4257/16883] osm-w1309965334: Old Town Lane
[4258/16883] osm-w1314474899: Thacher Street
[4259/16883] osm-w1315087040: Coughlin Road
[4260/16883] osm-w1315348645: Wakeby Road
[4261/16883] osm-w1317882242: Greenwood Avenue
[4262/16883] osm-w1321515616: Hemenway Drive
[4263/16883] osm-w1322410604: Island Road
[4264/16883] osm-w1322410739: Sodom Road
[4265/16883] osm-w1324223096: Old Laxfield Road
[4266/16883] osm-w1324509493: Sheridan Drive
[4267/16883] osm-w1325466336: Turk Hollow Road
[4268/16883] osm-w1326164418: Elm Street
[4269/16883] osm-w1327076985: President Avenue
[4270/16883] osm-w1327583418: Lakeview, Worcester, Worcester County, Massachusetts, 01604,
[4271/16883] osm-w1328845969: Lorna Drive
[4272/16883] osm-w1331177576: Masard Lane
[4273/16883] osm-w1331797522: Shrewsbury, Worcester County, Massachusetts, 01545, United S
[4274/16883] osm-w1333250046: Cider Lane
[4275/16883] osm-w1334036797: Queens Lane
[4276/16883] osm-w1340116551: Monroe Street
[4277/16883] osm-w1340203987: Hoicks Hollow Road
[4278/16883] osm-w1340203991: Squam Road
[4279/16883] osm-w1340414555: Revere Circle
[4280/16883] osm-w1341022644: Cherry Street
[4281/16883] osm-w1344409915: North Quinsigamond Avenue
[4282/16883] osm-w1344827024: Sleepy Hollow Lane
[4283/16883] osm-w1344903594: Spring Meadow Drive
[4284/16883] osm-w1344912153: Meadow Hill Road
[4285/16883] osm-w1349064499: Norton Drive
[4286/16883] osm-w1351252947: Lynne Ellen Drive
[4287/16883] osm-w1352110304: Steele Street
[4288/16883] osm-w1353274798: Cherry Tree Road
[4289/16883] osm-w1357894490: Shrewsbury, Worcester County, Massachusetts, 01545, United S
[4290/16883] osm-w1358234978: Pointe Rok Drive
[4291/16883] osm-w1358491983: Father Carney Drive
[4292/16883] osm-w1366381130: Hummingbird Way
[4293/16883] osm-w1374761395: Jenkins Road
[4294/16883] osm-w1381716346: Buckskin Drive
[4295/16883] osm-w1381997981: Walnut Drive
[4296/16883] osm-w1411601520: Brandeis Road
[4297/16883] osm-w1412501102: Moonakis Close
[4298/16883] osm-w1413162697: Vine Brook Bikeway
[4299/16883] osm-w1413164171: Seaborn Place
[4300/16883] osm-w1419022774: Estabrook Road
[4301/16883] osm-w1420180827: Eagle Lane
[4302/16883] osm-w1422313226: Maynard Road
[4303/16883] osm-w1422857828: Heard Street
[4304/16883] osm-w1427119814: Tobin Path
[4305/16883] osm-w1428805586: Harthaven Road
[4306/16883] osm-w1432348091: Boylston Street
[4307/16883] osm-w1432481106: Kendrick Avenue
[4308/16883] osm-w1434798078: State Highway
[4309/16883] osm-w1435180909: Barnum Street
[4310/16883] osm-w1435214937: Van Dale Avenue
[4311/16883] osm-w1435216882: East Alford Road
[4312/16883] osm-w1435216886: East Alford Road
[4313/16883] osm-w1436753751: Meadow Neck Road
[4314/16883] osm-w1442211881: Baptist Street
[4315/16883] osm-w1442211883: Sherman Street
[4316/16883] osm-w1442211884: Nichols Drive
[4317/16883] osm-w1442211895: Cushing Street
[4318/16883] osm-w1442448431: High Woods Lane
[4319/16883] osm-w1444532569: Middle Street
[4320/16883] osm-w1445779619: Longmeadow Road
[4321/16883] osm-w1446372892: Widgeon Drive
[4322/16883] osm-w1446609746: Lebaron Way
[4323/16883] osm-w1448024718: Camp Half Moon Road
[4324/16883] osm-w1449675629: Whitehall Circle
[4325/16883] osm-w1452675593: Sunderland Road
[4326/16883] osm-w1456543807: Main Street
[4327/16883] osm-w1456939456: Madaket Road
[4328/16883] osm-w1460216700: Harris Street
[4329/16883] osm-w1464060817: Palm Street
[4330/16883] osm-w1464380366: Stetson Road
[4331/16883] osm-w1468764287: Windsor Drive
[4332/16883] osm-w1468765061: Concord Road
[4333/16883] osm-w1469015132: Shore Road
[4334/16883] osm-w1470411953: Somerset Street
[4335/16883] osm-w1470922004: Oak Drive
[4336/16883] osm-w1471024617: Pine Nook Road
[4337/16883] osm-w1472882322: Pheasant Way
[4338/16883] osm-w1474552212: Moulton Street
[4339/16883] osm-w1479819473: Reservation Road
[4340/16883] osm-w1479829756: Apache Way
[4341/16883] osm-w1479953852: Baldwin Lane
[4342/16883] osm-w1479954413: Blanchard Lane
[4343/16883] osm-w1483901962: Moore Street
[4344/16883] osm-w1484420883: Southampton Road
[4345/16883] osm-w1485442049: Field Club Drive
[4346/16883] osm-w1485875867: Bradford Street
[4347/16883] osm-w1485875974: King Phillip Road
[4348/16883] osm-w1485876077: Cape Cod Rail Trail
[4349/16883] osm-w1485877256: Nickerson Lane
[4350/16883] osm-w1485878996: Regional Avenue
[4351/16883] osm-w1485891315: Chuck Hollow Road
[4352/16883] osm-w1485891921: Westmoor Lane
[4353/16883] osm-w1485891925: Westmoor Lane
[4354/16883] osm-w1485892348: Jeremiah Way
[4355/16883] osm-w1485892629: Witchwood Lane
[4356/16883] osm-w1485893422: Wood Duck Circle
[4357/16883] osm-w1485893466: Boldwater Tennis Court Access Road
[4358/16883] osm-w1485893604: Hidden Cove Road
[4359/16883] osm-w1485893941: Airport Road
[4360/16883] osm-w1485894062: Pond Road
[4361/16883] osm-w1485894154: Manaquayak Road
[4362/16883] osm-w1485894179: Meetinghouse Road
[4363/16883] osm-w1485894618: Shining Sea Bikeway
[4364/16883] osm-w1485895720: Herbert Road
[4365/16883] osm-w1485895923: South Road
[4366/16883] osm-w1486692171: Shore Drive
[4367/16883] osm-w1490583238: Konkapot Road
[4368/16883] osm-w1495586324: Converse Street
[4369/16883] osm-w1495893022: Ipswich Road
[4370/16883] osm-w1495962218: Meadow Street
[4371/16883] osm-w1499064312: Tyler Lane
[4372/16883] osm-w1499065655: Pine Grove Drive
[4373/16883] osm-w1500629581: Unified Parkway
[4374/16883] osm-w1502075981: Aspinwall Road
[4375/16883] osm-w1504027849: Bartlett's Reach
[4376/16883] osm-w1504036515: Loop Connector
[4377/16883] osm-w1504269846: Drummer Boy Way
[4378/16883] osm-w1504271854: Bridle Path
[4379/16883] osm-w1504423619: Twin Lakes Drive
[4380/16883] osm-w1505407001: Nassau Drive
[4381/16883] osm-w1507222304: Chelmsford, Middlesex County, Massachusetts, 01284, United S
[4382/16883] osm-w1507761024: Pine Cone Lane
[4383/16883] osm-w1507761035: Longview Avenue
[4384/16883] osm-w1507761200: Red Barn Road
[4385/16883] osm-w1507761841: Aspinwall Road
[4386/16883] osm-w1507761981: Kemble Street
[4387/16883] osm-w1507761990: Sturgis Avenue
[4388/16883] osm-w1507763253: Garrett Farms Road
[4389/16883] osm-w1507763550: Access Road
[4390/16883] osm-w1508614728: Chapin Street
[4391/16883] osm-w1510266224: Homewood Lane
[4392/16883] osm-w1510511146: Shadowbrook Lane
[4393/16883] osm-w1517817271: Wauwinet Road
[4394/16883] osm-w1518597165: Main Street
[4395/16883] osm-w1526669591: Quarry Road
[4396/16883] osm-w1528492402: Dakins Lane
[4397/16883] osm-w1533106653: Manchester Road
[4398/16883] osm-w1533390438: Fogg Cross path
[4399/16883] osm-w1534948883: West Loop Trail
[4400/16883] osm-w1536892767: Tyler Road
[4401/16883] osm-w1537003769: Rolfe Road
[4402/16883] osm-w1537003789: Dix Road
[4403/16883] osm-w1537231257: Lowell Street
[4404/16883] osm-w1537309426: Mayflower Road
[4405/16883] osm-w1538933970: Holmes Road
[4406/16883] osm-w1538939950: Solly's Way
[4407/16883] osm-w1539134926: Lothrop Circle
[4408/16883] osm-w1541319790: Westfield Street
[4409/16883] osm-w1541319808: Westfield Street
[4410/16883] osm-w1544861755: Wareham Road
[4411/16883] osm-w1544861759: Wareham Road
[4412/16883] osm-w1545886635: Snow Inn Road
[4413/16883] osm-w1546637218: Brant Point Road
[4414/16883] osm-w1546772941: Seventh Street
[4415/16883] osm-w1547013705: Buckman Drive
[4416/16883] osm-w1552716324: Avocet Road
[4417/16883] osm-w1552716417: Way 657
[4418/16883] osm-w1552717160: Chequessett Neck Road
[4419/16883] osm-w1552717972: Great Pond Road
[4420/16883] osm-w1553203232: Wells Hollow
[4421/16883] osm-w1553431224: Rounsevell Drive
[4422/16883] osm-r10391071: Worcester Road
[4423/16883] osm-w1456168653: Tegner Way
[4424/16883] osm-w1509586760: Fleming Lane
[4425/16883] osm-n13873705134: Peach Walker Drive
[4426/16883] osm-w1499077035: Reading Street
[4427/16883] osm-n14133559006: Coulbourne Lane
[4428/16883] osm-w36969855: Germantown, Montgomery County, Maryland, 20874, United State
[4429/16883] osm-w45086920: Spartan Road
[4430/16883] osm-w64860898: Shelldrake Circle
[4431/16883] osm-w72650132: Sentinel Drive
[4432/16883] osm-w76585582: North Saint Louis Avenue
[4433/16883] osm-w84830713: Lamborn Road
[4434/16883] osm-w86092054: Concord Avenue
[4435/16883] osm-w91255565: Capital Crescent Trail
[4436/16883] osm-w92822344: Delaware Street
[4437/16883] osm-w105766893: Norman Reeves Nature Loop
[4438/16883] osm-w120374490: Brandermill Drive
[4439/16883] osm-w120378385: Bayshore Court
[4440/16883] osm-w120378390: Saint Peter Court
[4441/16883] osm-w120379127: Mandolin Court
[4442/16883] osm-w120379133: Saybrooke Oaks Boulevard
[4443/16883] osm-w120379142: Beane Hill Court
[4444/16883] osm-w120379152: Sandpiper Lane
[4445/16883] osm-w120381943: Grosvenor Place
[4446/16883] osm-w120382005: Grosvenor Place
[4447/16883] osm-w126121932: Grand Pre Road
[4448/16883] osm-w126171246: Yellowwood Avenue
[4449/16883] osm-w126382976: Meadowsweet Drive
[4450/16883] osm-w126929045: Cattail Creek Drive
[4451/16883] osm-w128147342: 67th Court
[4452/16883] osm-w128274717: Cabernet Court
[4453/16883] osm-w134179913: Castle Manor, Hyattsville, Prince George's County, Maryland,
[4454/16883] osm-w139197144: Ambiance Drive
[4455/16883] osm-w143497187: Executive Boulevard
[4456/16883] osm-w149004542: Gentle Shade
[4457/16883] osm-w149320726: Orban Avenue
[4458/16883] osm-w150398193: Upper Sky Way
[4459/16883] osm-w156824456: Old Frederick Road
[4460/16883] osm-w164859386: Club Lake Road
[4461/16883] osm-w166955374: Jacobs Drive
[4462/16883] osm-w170792928: Sunnybrook Terrace
[4463/16883] osm-w174785210: Hall Shop Road
[4464/16883] osm-w175330355: Canterbury Riding
[4465/16883] osm-w179606210: I 270
[4466/16883] osm-w180955763: Fernshire Farms, Kentlands, Gaithersburg, Montgomery County,
[4467/16883] osm-w182765743: Great Valley Drive
[4468/16883] osm-w183314727: Gilbride Lane
[4469/16883] osm-w192439806: Richardson Road
[4470/16883] osm-w209254971: Hood Avenue
[4471/16883] osm-w211957203: Old Court Road
[4472/16883] osm-w218390340: West North Avenue
[4473/16883] osm-w221372762: Pawtuckett Lane
[4474/16883] osm-w224315993: Prince George's County, Maryland, 20623, United States
[4475/16883] osm-w225105788: Parklawn Terrace
[4476/16883] osm-w225637031: Lackawanna Street
[4477/16883] osm-w226919013: Worrell Avenue
[4478/16883] osm-w231876488: Baltimore-Washington Parkway
[4479/16883] osm-w232085418: Central Avenue
[4480/16883] osm-w234196422: Sligo Creek Trail
[4481/16883] osm-w234212216: Chillum Road
[4482/16883] osm-w234509559: 15th Avenue
[4483/16883] osm-w235563786: New Hampshire Avenue
[4484/16883] osm-w237475090: Blue Water Boulevard
[4485/16883] osm-w238877340: Aqua Road
[4486/16883] osm-w239530534: Crabapple Court
[4487/16883] osm-w239530589: Turnberry Court
[4488/16883] osm-w241066795: Vivian Adams Drive
[4489/16883] osm-w243119079: Oxon Hill, Prince George's County, Maryland, 20745, United S
[4490/16883] osm-w244243523: Golf Course Drive
[4491/16883] osm-w245378952: Eastpine Drive
[4492/16883] osm-w246251500: Oak Street
[4493/16883] osm-w246571068: Cypresstree Drive
[4494/16883] osm-w254830248: Windy Farms Court
[4495/16883] osm-w256928864: Valley Forge Drive
[4496/16883] osm-w258855531: Hilltop Drive
[4497/16883] osm-w259687889: Pointless Forest Trail
[4498/16883] osm-w259696570: Farm Road
[4499/16883] osm-w259696572: Pleasant Lake Road
[4500/16883] osm-w259696579: Holly Beach Farm Road
[4501/16883] osm-w259696581: Holly Beach Farm Road
[4502/16883] osm-w264670833: South Laurel Drive
[4503/16883] osm-w265731447: Coachmans Road
[4504/16883] osm-w265898523: Annapolis Road
[4505/16883] osm-w271953088: Muirfield Circle
[4506/16883] osm-w272813632: Campus Avenue
[4507/16883] osm-w274153798: Schoolhouse Drive
[4508/16883] osm-w276005256: Butler Road
[4509/16883] osm-w277004553: Lake Shore Drive
[4510/16883] osm-w284051747: Key Parkway
[4511/16883] osm-w286338604: Admiral Drive
[4512/16883] osm-w286338621: Francis Nicholson Way
[4513/16883] osm-w289664735: Glover Street
[4514/16883] osm-w295174145: Sandpiper Lane
[4515/16883] osm-w298243192: Glenn Dale Road
[4516/16883] osm-w298253756: Old Dulaney Valley Road
[4517/16883] osm-w301456863: Jacobean Place
[4518/16883] osm-w305168122: Revell Road
[4519/16883] osm-w305314937: Maureen Lane
[4520/16883] osm-w312842170: Fall Brook Street
[4521/16883] osm-w318122542: Village Grove Drive
[4522/16883] osm-w320998672: Copperhead Run Trail
[4523/16883] osm-w330165401: Sopwith Drive
[4524/16883] osm-w334622275: Clark Road
[4525/16883] osm-w337086735: East Barre Street
[4526/16883] osm-w342119192: Elliott Place
[4527/16883] osm-w342119194: Likes Road
[4528/16883] osm-w351965067: 26th Street
[4529/16883] osm-w352394224: Queen Anne's County
[4530/16883] osm-w353706346: Swanton Lane
[4531/16883] osm-w353720444: La Plata, Charles County, Maryland, 20646, United States
[4532/16883] osm-w355400467: Southwinds Drive
[4533/16883] osm-w355584750: South Hampton Drive
[4534/16883] osm-w360075903: Weaver Court
[4535/16883] osm-w360181384: Presidential Park
[4536/16883] osm-w360810928: Barney Drive
[4537/16883] osm-w367822938: South South Street
[4538/16883] osm-w368641556: Democracy Boulevard
[4539/16883] osm-w379589902: National Pike
[4540/16883] osm-w385511385: Rhode Island Avenue
[4541/16883] osm-w385941397: Battle Creek Way
[4542/16883] osm-w389747518: Hawkins Road
[4543/16883] osm-w390241680: Deer Run Lane
[4544/16883] osm-w397565948: Lees Lane
[4545/16883] osm-w406882654: Oakton Lane
[4546/16883] osm-w421710259: Foxville Road
[4547/16883] osm-w423144488: Club Trail
[4548/16883] osm-w427428895: Laurel Ridge Drive
[4549/16883] osm-w431257794: Mitchellville, Prince George's County, Maryland, 20774, Unit
[4550/16883] osm-w431591467: Timberland Circle
[4551/16883] osm-w434892341: Seneca Upland, Montgomery County, Maryland, 20882, United St
[4552/16883] osm-w436415561: Atwater Drive
[4553/16883] osm-w436415564: Melvin Road
[4554/16883] osm-w444188184: Bowie Town Center, Bowie, Prince George's County, Maryland, 
[4555/16883] osm-w472312721: Brushwood Terrace
[4556/16883] osm-w472312725: Glen Road
[4557/16883] osm-w472314893: Centurion Way
[4558/16883] osm-w477544475: Harvest Bend Lane
[4559/16883] osm-w480427127: Falls Road
[4560/16883] osm-w480482680: Tree Farm Court
[4561/16883] osm-w481073539: South Drive
[4562/16883] osm-w489930044: West High Street
[4563/16883] osm-w499922429: Wyndam Court
[4564/16883] osm-w502439899: Lambertina Place
[4565/16883] osm-w518584511: Pumphrey Lane
[4566/16883] osm-w534560580: Walnutwood Circle
[4567/16883] osm-w537300982: Catoctin Hollow Road
[4568/16883] osm-w544671128: Marvin Way
[4569/16883] osm-w549218415: Seabreeze Road
[4570/16883] osm-w552482406: York Avenue
[4571/16883] osm-w566126677: Augustine Herman Highway
[4572/16883] osm-w567033115: Toll House Road
[4573/16883] osm-w582058448: Kelly Road
[4574/16883] osm-w615988278: Clinton, Prince George's County, Maryland, 20735, United Sta
[4575/16883] osm-w633546671: Grant Drive
[4576/16883] osm-w637951403: Elsa Avenue
[4577/16883] osm-w654866846: West Northern Parkway
[4578/16883] osm-w655967602: Glenarden Parkway
[4579/16883] osm-w667769144: Sebastian Lane
[4580/16883] osm-w670634785: Stringtown Road
[4581/16883] osm-w670634853: Dover Road
[4582/16883] osm-w670634968: Butler Road
[4583/16883] osm-w670643415: Belmont Avenue
[4584/16883] osm-w673849002: Fairmont Avenue
[4585/16883] osm-w676438229: Braden Field Path
[4586/16883] osm-w683467751: Clayton Alley
[4587/16883] osm-w685747558: Medinah Ridge Road
[4588/16883] osm-w688495494: Sea Breeze Drive
[4589/16883] osm-w688495497: Sunshine Lane
[4590/16883] osm-w688495498: 139th Street
[4591/16883] osm-w691091496: Peachblossom Road
[4592/16883] osm-w694846400: 60th Avenue
[4593/16883] osm-w699102721: Parker House Terrace
[4594/16883] osm-w699104069: Kemble Road
[4595/16883] osm-w702336435: Azalea Drive
[4596/16883] osm-w702336437: Laytonsville Road
[4597/16883] osm-w702336439: Hipsley Mill Road
[4598/16883] osm-w702336442: Rolling Hill Lane
[4599/16883] osm-w702522673: Whiterose Drive
[4600/16883] osm-w705117717: Idlewhile Avenue
[4601/16883] osm-w719077547: Sub-Station Road
[4602/16883] osm-w719543817: Middle Street
[4603/16883] osm-w724834353: Bulle Rock Parkway
[4604/16883] osm-w730420898: Laurel Drive
[4605/16883] osm-w731211252: Swarthmore Drive
[4606/16883] osm-w732288290: Ocean Gateway
[4607/16883] osm-w732464850: Poplar Street
[4608/16883] osm-w733468911: Westerly Drive
[4609/16883] osm-w736865742: Tour Drive
[4610/16883] osm-w737737526: Talbot County
[4611/16883] osm-w737742412: Presquile Drive South
[4612/16883] osm-w737780363: Wye Town Farm Road
[4613/16883] osm-w737785707: Gunston Road
[4614/16883] osm-w738038756: Mainbrace
[4615/16883] osm-w738697466: O'Brien Lane
[4616/16883] osm-w738698192: Wye Hall Drive
[4617/16883] osm-w740548436: Poplar Hill Road
[4618/16883] osm-w740552786: Radcliffe Avenue
[4619/16883] osm-w741153162: Fairview Point Lane
[4620/16883] osm-w741157863: Dixon Creek Lane
[4621/16883] osm-w741800522: Riverside Drive
[4622/16883] osm-w742719083: Cooley Road
[4623/16883] osm-w742759171: Harbor Point Drive
[4624/16883] osm-w743181883: Southern Maryland Boulevard
[4625/16883] osm-w743192148: Lola Wheatley Road
[4626/16883] osm-w744215793: Sandy Hill Camp Road
[4627/16883] osm-w744246578: Woodstock Drive
[4628/16883] osm-w744549978: Freeland Road
[4629/16883] osm-w744829861: Coastal Highway
[4630/16883] osm-w747480620: Foxchase Drive
[4631/16883] osm-w747481462: Grand Sark Drive
[4632/16883] osm-w749115740: Gonk Road
[4633/16883] osm-w750593688: Chancellor Point Road
[4634/16883] osm-w750593691: Cods Point Road
[4635/16883] osm-w750593693: Cods Point Road
[4636/16883] osm-w750594423: Chancellor Point Road
[4637/16883] osm-w750595496: Crosidore Road
[4638/16883] osm-w753637820: Granville Lane
[4639/16883] osm-w754584706: Ashby Drive
[4640/16883] osm-w754589952: Marengo Farm Road
[4641/16883] osm-w764489624: Charles Drive
[4642/16883] osm-w764867125: Muddy Lane
[4643/16883] osm-w765790820: Wye Lane
[4644/16883] osm-w766053655: Paladia Way
[4645/16883] osm-w766053656: Paladia Way
[4646/16883] osm-w766404720: Marksman Circle
[4647/16883] osm-w766404723: Chester Avenue
[4648/16883] osm-w766404725: Maura Drive
[4649/16883] osm-w766404726: Spartan Road
[4650/16883] osm-w766404728: Old Baltimore Road
[4651/16883] osm-w775839614: Walker Mill Road
[4652/16883] osm-w777640955: Tuckahoe Road
[4653/16883] osm-w801441667: Patriot Ridge Walking Trail
[4654/16883] osm-w807673207: Princess Caroline Court
[4655/16883] osm-w865454050: Saddletop Drive
[4656/16883] osm-w884003125: Darnestown Road
[4657/16883] osm-w906012551: Cherry Tree Lane
[4658/16883] osm-w908427469: Perry Cabin Drive
[4659/16883] osm-w917492213: North Gate Terrace
[4660/16883] osm-w917495441: Goshen Road
[4661/16883] osm-w925914428: Mission Road
[4662/16883] osm-w930547618: Atlanta Avenue
[4663/16883] osm-w941164138: New Design Road
[4664/16883] osm-w942256019: Westfield Avenue
[4665/16883] osm-w942296969: Spriggs Request Way
[4666/16883] osm-w951596852: Suffield Court
[4667/16883] osm-w956197643: Tufton Circle
[4668/16883] osm-w956441959: Colonel Leonard Road
[4669/16883] osm-w961938588: Saint Charles, Waldorf, Charles County, Maryland, 20602, Uni
[4670/16883] osm-w963473514: Fieldpointe Boulevard
[4671/16883] osm-w964099415: Whispering Water Way
[4672/16883] osm-w964099416: Oakbluff, Londontown Terrace, Edgewater, Anne Arundel County
[4673/16883] osm-w964730636: Owings Avenue
[4674/16883] osm-w966307625: Banner Street
[4675/16883] osm-w966485319: Cottonworth Avenue
[4676/16883] osm-w971423271: Old Camp Airy Road
[4677/16883] osm-w975796015: Sedgewick Drive
[4678/16883] osm-w983878529: Belmart Road
[4679/16883] osm-w988318291: Herrington Manor Cabin Road
[4680/16883] osm-w989266785: North Point Road
[4681/16883] osm-w989267053: Hopkins Neck Road
[4682/16883] osm-w989268440: Normandie Estate Road
[4683/16883] osm-w995962647: Cornfield Harbor Road
[4684/16883] osm-w995972704: Whitestone Drive
[4685/16883] osm-w996207846: Creekside Commons Court
[4686/16883] osm-w1000362994: East Wilson Road
[4687/16883] osm-w1000362997: Patterson Road
[4688/16883] osm-w1002149098: Squire Road
[4689/16883] osm-w1004042694: Marshall Road
[4690/16883] osm-w1004063643: Hellen Creek Drive
[4691/16883] osm-w1004183897: Leadenham Cove Road
[4692/16883] osm-w1004184085: Meeting House Cove Lane
[4693/16883] osm-w1004185290: Tilghman Island Road
[4694/16883] osm-w1010752099: Pennsbury Drive
[4695/16883] osm-w1015677824: Old Frederick Road
[4696/16883] osm-w1015708400: Forest Landing Road
[4697/16883] osm-w1015710788: Main Street
[4698/16883] osm-w1016045111: Atlantic Road
[4699/16883] osm-w1016049977: Rahall Way
[4700/16883] osm-w1016050809: Point Lookout Road
[4701/16883] osm-w1016995953: Noch T Farm
[4702/16883] osm-w1021471328: Newburg, Charles County, Maryland, 20664, United States
[4703/16883] osm-w1026583366: Loch Edin Court
[4704/16883] osm-w1039693227: Acacia Road
[4705/16883] osm-w1053064639: July Drive
[4706/16883] osm-w1053183242: Westphalia Road
[4707/16883] osm-w1053796408: Wexhall Terrace
[4708/16883] osm-w1065962761: Pembrook Drive
[4709/16883] osm-w1066866282: Aspen Lane
[4710/16883] osm-w1070469323: Spring Road
[4711/16883] osm-w1070469325: Turners Point Road
[4712/16883] osm-w1070469326: Valley Road
[4713/16883] osm-w1070469327: Kentmore Park Road
[4714/16883] osm-w1070469328: Belchester Road
[4715/16883] osm-w1070469329: Belchester Road
[4716/16883] osm-w1070469330: Belchester Road
[4717/16883] osm-w1070750270: Train Lane
[4718/16883] osm-w1072649152: Lighthouse View Drive
[4719/16883] osm-w1075382490: Spinning Wheel Drive
[4720/16883] osm-w1075581221: Ragged Point Road
[4721/16883] osm-w1081172678: Rohrersville Road
[4722/16883] osm-w1082425132: Pealiquor Road
[4723/16883] osm-w1084284135: Saint Mary's County, Maryland, 20684, United States
[4724/16883] osm-w1084392781: Bennett Point Road
[4725/16883] osm-w1084392884: Oak Point Road
[4726/16883] osm-w1084395627: Glencoe Road
[4727/16883] osm-w1084397027: Bean Road
[4728/16883] osm-w1084397610: Kent Point Road
[4729/16883] osm-w1084398261: Kilby Point
[4730/16883] osm-w1084400056: Snug Harbor Farm Lane
[4731/16883] osm-w1084400391: Keene Farm Lane
[4732/16883] osm-w1084406248: Elston Shores, Neavitt, Talbot County, Maryland, 21652, Unit
[4733/16883] osm-w1084406518: Greenwood Creek Road
[4734/16883] osm-w1084406688: Bennett Point Road
[4735/16883] osm-w1084408016: Cliff Road
[4736/16883] osm-w1084408138: Bennett Point Road
[4737/16883] osm-w1084409102: Cedar Point Road
[4738/16883] osm-w1084409112: Cove Road
[4739/16883] osm-w1084410405: Bennett Point Road
[4740/16883] osm-w1084410699: Patuxent Drive
[4741/16883] osm-w1084411135: Cox Neck Road
[4742/16883] osm-w1084425077: Pine Point Road
[4743/16883] osm-w1084448605: Cedar Point Road
[4744/16883] osm-w1084449922: Cedar Cove Road
[4745/16883] osm-w1084453004: Plantation Lane
[4746/16883] osm-w1087619885: 5th Street
[4747/16883] osm-w1087619887: Locust Place
[4748/16883] osm-w1087619906: Sutton Acres, Waldorf, Charles County, Maryland, 20677, Unit
[4749/16883] osm-w1087620216: Lanseair Farm
[4750/16883] osm-w1087632175: Greenspring Valley Road
[4751/16883] osm-w1090868868: South Heron Drive
[4752/16883] osm-w1090868870: Caine Harbor Mile, Ocean City, Worcester County, Maryland, 1
[4753/16883] osm-w1096262803: Clipping Tree Lane
[4754/16883] osm-w1103969631: Drumsheugh Court
[4755/16883] osm-w1103969644: New Salem Avenue
[4756/16883] osm-w1104207750: Quatar Street
[4757/16883] osm-w1105671300: Middleton Road
[4758/16883] osm-w1107749787: Persimmon Tree Road
[4759/16883] osm-w1107749789: Persimmon Tree Lane
[4760/16883] osm-w1107749792: Persimmon Tree Lane
[4761/16883] osm-w1107843229: Wisteria Drive
[4762/16883] osm-w1109771417: Beckleysville Road
[4763/16883] osm-w1110294914: 1st Street
[4764/16883] osm-w1112778379: Timko Lane
[4765/16883] osm-w1112825309: Jefferson National Pike
[4766/16883] osm-w1124441576: Saint Inigoes Shores, Saint Mary's County, Maryland, 20684, 
[4767/16883] osm-w1124826259: Stapleford Hall Court
[4768/16883] osm-w1125973714: Kent County
[4769/16883] osm-w1126122512: Gunpowder Loop
[4770/16883] osm-w1126122519: Wise Road
[4771/16883] osm-w1136338404: Chapman Avenue
[4772/16883] osm-w1137627032: Jousting Terrace
[4773/16883] osm-w1150262617: Brewer House Road
[4774/16883] osm-w1154227093: Blakefield Circle
[4775/16883] osm-w1162239515: Valerian Lane
[4776/16883] osm-w1166180501: Tanyard Road
[4777/16883] osm-w1167422258: Dorchester Way
[4778/16883] osm-w1173999887: Northwood Terrace
[4779/16883] osm-w1173999891: Arcola Avenue
[4780/16883] osm-w1176455974: Seneca Road
[4781/16883] osm-w1178489844: Berryville Road
[4782/16883] osm-w1182369181: Harleigh Lane
[4783/16883] osm-w1189532058: Berryville Road
[4784/16883] osm-w1190044046: Esworthy Road
[4785/16883] osm-w1192517011: Drayton Landing Drive
[4786/16883] osm-w1195437780: Riverwood Court
[4787/16883] osm-w1217650932: Forum Square
[4788/16883] osm-w1218552794: Old Valley Road
[4789/16883] osm-w1226025838: Village Lane
[4790/16883] osm-w1240794607: Carthagena Lane
[4791/16883] osm-w1242230599: North Colonial Avenue
[4792/16883] osm-w1242661754: Split Creek Court
[4793/16883] osm-w1242661758: Squires Court
[4794/16883] osm-w1242661783: Bonnie Dale Drive
[4795/16883] osm-w1242663879: Glenhurst Road
[4796/16883] osm-w1245738406: Long Green Pike
[4797/16883] osm-w1254612916: Alloway Drive
[4798/16883] osm-w1264367340: Sans Souci Drive
[4799/16883] osm-w1264367638: Greenwood Point Road
[4800/16883] osm-w1268711959: Jarrettsville Pike
[4801/16883] osm-w1268713585: Doncaster Village, Carney, Baltimore County, Maryland, 21234
[4802/16883] osm-w1268714495: Tilghman Island Road
[4803/16883] osm-w1271180789: Tulip Lane
[4804/16883] osm-w1271183553: 132nd Street
[4805/16883] osm-w1271290698: Valley Road
[4806/16883] osm-w1273538600: Golf Course Road
[4807/16883] osm-w1281856881: Black Swan Drive
[4808/16883] osm-w1285649328: Saint Francis Road
[4809/16883] osm-w1285649330: Westellen Road
[4810/16883] osm-w1285649332: Glen Ellen Trail
[4811/16883] osm-w1293464906: Sharptown Road
[4812/16883] osm-w1300726322: South Stepney Road
[4813/16883] osm-w1303115400: Mitchell Street
[4814/16883] osm-w1303778942: Schubert Drive
[4815/16883] osm-w1307615382: White Marsh Boulevard
[4816/16883] osm-w1314819432: Calverton School Road
[4817/16883] osm-w1314956977: Oakland Westernport Road
[4818/16883] osm-w1314958524: Cummings Drive
[4819/16883] osm-w1318605815: Carrollton Road
[4820/16883] osm-w1320941426: King Stewart Drive
[4821/16883] osm-w1322430654: Virginia Avenue
[4822/16883] osm-w1322430731: I 70;US 40
[4823/16883] osm-w1322431092: Colonade Road
[4824/16883] osm-w1324061183: Chesapeake Harbour Drive West
[4825/16883] osm-w1328682228: Lake Shore Drive
[4826/16883] osm-w1329507605: Joyceton Drive
[4827/16883] osm-w1331114034: Mandt Road
[4828/16883] osm-w1331114060: Nesbit Road
[4829/16883] osm-w1334462355: Indiantown Road
[4830/16883] osm-w1334462372: Mariners Court
[4831/16883] osm-w1334462382: Wineland Way
[4832/16883] osm-w1334919707: South Side Island Creek Road
[4833/16883] osm-w1335071368: West Lane
[4834/16883] osm-w1337698611: Greenspring Avenue
[4835/16883] osm-w1340893041: Weeping Willow Lane
[4836/16883] osm-w1346881734: Mount Nebo Road
[4837/16883] osm-w1347075214: Patton Drive
[4838/16883] osm-w1352193888: Watkins Lane
[4839/16883] osm-w1353019068: Bay Ridge Drive
[4840/16883] osm-w1357537757: Penguin Drive
[4841/16883] osm-w1367117497: Harlem Avenue
[4842/16883] osm-w1373233896: Beech View Court
[4843/16883] osm-w1373236240: Ellendale Drive
[4844/16883] osm-w1412412955: Oakland, Suitland, Prince George's County, Maryland, 20233, 
[4845/16883] osm-w1412968784: Turkey Neck Road
[4846/16883] osm-w1413175460: Tate Road
[4847/16883] osm-w1416217014: Hidden Cove Court
[4848/16883] osm-w1416424023: Boy Scout Road
[4849/16883] osm-w1416533822: Campbell Drive
[4850/16883] osm-w1416533867: Whitehall Street
[4851/16883] osm-w1418428571: Darby Road
[4852/16883] osm-w1418574310: Counselman Road
[4853/16883] osm-w1418574315: Sorrel Avenue
[4854/16883] osm-w1418574322: Halter Court
[4855/16883] osm-w1418574323: Halter Court
[4856/16883] osm-w1418574324: Halter Court
[4857/16883] osm-w1418574325: Sorrel Avenue
[4858/16883] osm-w1418720374: Hillmead Road
[4859/16883] osm-w1418977325: Winterberry Place
[4860/16883] osm-w1421263306: Biemans Terrace
[4861/16883] osm-w1425310804: Commodity Row
[4862/16883] osm-w1425311111: James Madison Lane
[4863/16883] osm-w1429373485: Ashford Boulevard
[4864/16883] osm-w1430166839: Arlington Avenue
[4865/16883] osm-w1430918816: Parker Avenue
[4866/16883] osm-w1430923648: Glen Keith Boulevard
[4867/16883] osm-w1432709937: Gladstone Drive
[4868/16883] osm-w1433892940: Town and Country Boulevard
[4869/16883] osm-w1434174592: Peach Orchad Point
[4870/16883] osm-w1434410665: Cabernet Court
[4871/16883] osm-w1434441445: Chapel Oaks, Cedar Heights, Prince George's County, Maryland
[4872/16883] osm-w1435152161: Melling Lane
[4873/16883] osm-w1436487113: Frederick County, Maryland, 21780, United States
[4874/16883] osm-w1436609559: Broadwater Way
[4875/16883] osm-w1442859448: Hampton Heights, Calvert County, Maryland, 20736, United Sta
[4876/16883] osm-w1443262516: Durand Street
[4877/16883] osm-w1443262518: Old Barnaby Road
[4878/16883] osm-w1443841776: Backus Drive
[4879/16883] osm-w1443841788: Elm Avenue
[4880/16883] osm-w1443841793: Quill Point Drive
[4881/16883] osm-w1445338720: Potomac, Montgomery County, Maryland, 20854, United States
[4882/16883] osm-w1445919178: Abc Farm Place
[4883/16883] osm-w1451008488: Woodfield School Road
[4884/16883] osm-w1451456991: Hampshire Circle
[4885/16883] osm-w1452256676: Parthenon Court
[4886/16883] osm-w1452256909: Emerald Park Road
[4887/16883] osm-w1455123384: Glenbrook Road
[4888/16883] osm-w1455123508: Somerset Terrace
[4889/16883] osm-w1455123733: Willard Avenue
[4890/16883] osm-w1456773577: Hillcroft Drive
[4891/16883] osm-w1456773926: Riverside Parkway
[4892/16883] osm-w1456776644: Walnutwood Lane
[4893/16883] osm-w1457666465: Riva Trace Parkway
[4894/16883] osm-w1460155369: Lambskin Lane
[4895/16883] osm-w1461783770: Alexander Drive
[4896/16883] osm-w1464244078: Hadley Farms Drive
[4897/16883] osm-w1466136949: Mountainberry Circle
[4898/16883] osm-w1474086226: McComas Beach Terrace
[4899/16883] osm-w1474087433: Mountainview Drive
[4900/16883] osm-w1474128639: Clubhouse Drive
[4901/16883] osm-w1474141160: Lions Circle
[4902/16883] osm-w1474836997: Opessa Street
[4903/16883] osm-w1483985701: Baltimore National Pike
[4904/16883] osm-w1484991241: Carrs Mill Road
[4905/16883] osm-w1485005792: Sanner Road
[4906/16883] osm-w1485007402: Groveleigh Drive
[4907/16883] osm-w1485873539: College Road
[4908/16883] osm-w1486770799: Oxford Road
[4909/16883] osm-w1487840160: Moorings Circle
[4910/16883] osm-w1489945013: State Street
[4911/16883] osm-w1490404624: Mission Boulevard
[4912/16883] osm-w1491962520: Baltimore Annapolis Boulevard
[4913/16883] osm-w1492281202: Mattawoman Drive
[4914/16883] osm-w1492281892: East Boniwood Turn
[4915/16883] osm-w1492283136: Genoa Avenue
[4916/16883] osm-w1492283782: Balmoral Drive West
[4917/16883] osm-w1492284383: Oxon Hill, Prince George's County, Maryland, 20745, United S
[4918/16883] osm-w1492349055: Schoolhouse Drive
[4919/16883] osm-w1493104515: Applegrath Way
[4920/16883] osm-w1493139695: Gwynnbrook Avenue
[4921/16883] osm-w1494458341: Monkton Road
[4922/16883] osm-w1494458346: Monkton Road
[4923/16883] osm-w1494899235: Bradbury Avenue
[4924/16883] osm-w1494899790: Crossfield Court
[4925/16883] osm-w1495134401: Winners Circle
[4926/16883] osm-w1495319419: Muirkirk Road
[4927/16883] osm-w1495322149: Jennings Mill Drive
[4928/16883] osm-w1495486386: Cushman Road
[4929/16883] osm-w1497479510: Ceremonial Drive
[4930/16883] osm-w1498234656: Van Dusen Road
[4931/16883] osm-w1498678468: Lavender Lane
[4932/16883] osm-w1499071689: Obrien Road
[4933/16883] osm-w1499077173: Kingsway Drive
[4934/16883] osm-w1499077836: Carrs Mill Road
[4935/16883] osm-w1501129010: Bourbon Street
[4936/16883] osm-w1501855291: Milestone Manor Lane
[4937/16883] osm-w1502517017: North East, Cecil County, Maryland, 21901, United States
[4938/16883] osm-w1504246901: MacArthur Boulevard
[4939/16883] osm-w1504253339: Nearbrook Avenue
[4940/16883] osm-w1504270235: Bullard Boulevard
[4941/16883] osm-w1504272018: Avenel Gardens Lane
[4942/16883] osm-w1504273380: Grasmere Road
[4943/16883] osm-w1504275835: Azimuth Court
[4944/16883] osm-w1506282788: Westbrook Drive
[4945/16883] osm-w1506539935: Fort Hoyle Road
[4946/16883] osm-w1506965319: Maugans Avenue
[4947/16883] osm-w1508558717: Jasons Landing Way
[4948/16883] osm-w1509043329: Old Annapolis Road
[4949/16883] osm-w1509527641: Girard Street
[4950/16883] osm-w1509528772: Palmerton Terrace
[4951/16883] osm-w1509528780: Summerfield, Prince George's County, Maryland, 20790, United
[4952/16883] osm-w1509528999: Pacer Drive
[4953/16883] osm-w1509675029: Edinboro Estates, Glen Burnie, Anne Arundel County, Maryland
[4954/16883] osm-w1509675252: Crooked Oak Lane
[4955/16883] osm-w1509900740: Wingate Park Trail
[4956/16883] osm-w1510290552: Springfield Lane
[4957/16883] osm-w1511166855: Cedar Crossing
[4958/16883] osm-w1511175647: Winding Trail Road
[4959/16883] osm-w1511536970: Scotland Parkway
[4960/16883] osm-w1511548661: Jacqueline Avenue
[4961/16883] osm-w1511548664: 15th Street
[4962/16883] osm-w1511549695: Coastal Highway
[4963/16883] osm-w1511549703: Atlantic Avenue
[4964/16883] osm-w1511549705: Coastal Highway
[4965/16883] osm-w1511652662: Pleasant Hill Drive
[4966/16883] osm-w1512121452: Charles Street
[4967/16883] osm-w1512122428: Chesapeake Avenue
[4968/16883] osm-w1512124696: Chesapeake Harbour Drive East
[4969/16883] osm-w1512124909: Miami Avenue
[4970/16883] osm-w1512130860: Central Avenue
[4971/16883] osm-w1512138935: Castle Marina Road
[4972/16883] osm-w1512140248: Camp Letts Road
[4973/16883] osm-w1512143685: Nantucket Drive
[4974/16883] osm-w1512145085: Calvert Cliffs Nuclear Power Plant, Calvert County, Maryland
[4975/16883] osm-w1512150125: Hospitality Drive
[4976/16883] osm-w1512157070: Church Circle
[4977/16883] osm-w1512158103: School Road
[4978/16883] osm-w1512162962: Lambs Meadow Road
[4979/16883] osm-w1512304570: Turkeyfoot Road
[4980/16883] osm-w1512305752: Silver Road
[4981/16883] osm-w1512306283: Swearingen Drive
[4982/16883] osm-w1512630642: Susquehanna Avenue
[4983/16883] osm-w1512990515: Charles County, Maryland, 20640, United States
[4984/16883] osm-w1512991287: Charles County, Maryland, 20640, United States
[4985/16883] osm-w1513565411: Oxon Run Drive
[4986/16883] osm-w1513565886: Regency Lane
[4987/16883] osm-w1513566456: West Hil Mar Circle
[4988/16883] osm-w1513569129: Capital Beltway
[4989/16883] osm-w1513571645: Clearfield Place
[4990/16883] osm-w1513571850: Baxter Drive
[4991/16883] osm-w1513573954: Robinia Road
[4992/16883] osm-w1514078955: Tuckerman Lane
[4993/16883] osm-w1517313163: Lake Arbor, Prince George's County, Maryland, 20721, United 
[4994/16883] osm-w1518762328: Wetherburne Way
[4995/16883] osm-w1524139270: Saint Patricks Drive
[4996/16883] osm-w1524142519: Saint Edwins Drive
[4997/16883] osm-w1524350741: Edson Lane
[4998/16883] osm-w1524351077: Aberdeen Avenue
[4999/16883] osm-w1524357480: Prince Philip Drive
[5000/16883] osm-w1524360065: Kemp Road
[5001/16883] osm-w1524363906: Greenspring Avenue
[5002/16883] osm-w1524369824: Ameshire Road
[5003/16883] osm-w1524377130: Windsor Road
[5004/16883] osm-w1524478264: Old Stockbridge Drive
[5005/16883] osm-w1524500249: Severn Road
[5006/16883] osm-w1524500609: Spring Maiden Court
[5007/16883] osm-w1524501076: Rockburn Branch Park Road
[5008/16883] osm-w1524574117: Kings Place
[5009/16883] osm-w1524576349: Jeffrey Drive
[5010/16883] osm-w1524754624: Stedwick Road
[5011/16883] osm-w1524754852: Tothill Drive
[5012/16883] osm-w1524781552: Croom Road
[5013/16883] osm-w1524781616: Melwood Chapel Lane
[5014/16883] osm-w1524782466: Colonel Way
[5015/16883] osm-w1524784127: Arrowhead Road
[5016/16883] osm-w1524785283: Deerbrook Drive
[5017/16883] osm-w1524820152: Ridgemere Crossing
[5018/16883] osm-w1524820539: Exploration Drive
[5019/16883] osm-w1524820844: Cathedral Avenue
[5020/16883] osm-w1524820870: Montgomery Village, Montgomery County, Maryland, 20886, Unit
[5021/16883] osm-w1524822446: Brenish Drive
[5022/16883] osm-w1524828706: Willow Valley Drive
[5023/16883] osm-w1524888082: 26th Avenue
[5024/16883] osm-w1524892548: Clear Brooke Court
[5025/16883] osm-w1524894272: Victory Farm Drive
[5026/16883] osm-w1524894964: Rye Court
[5027/16883] osm-w1524895124: Calabash Lane
[5028/16883] osm-w1524895597: Appaloosa Way
[5029/16883] osm-w1524896915: Brassie Place
[5030/16883] osm-w1524897236: East Village Avenue
[5031/16883] osm-w1526464192: Sandy Cove Road
[5032/16883] osm-w1526464417: Rolling Avenue
[5033/16883] osm-w1526472837: Hartfield Avenue
[5034/16883] osm-w1526473014: Marlboro Race Track Road
[5035/16883] osm-w1526474074: Surrey Circle Drive
[5036/16883] osm-w1529746159: South Club Drive
[5037/16883] osm-w1529754182: San Antonio Lane
[5038/16883] osm-w1529754347: Audrey Lane
[5039/16883] osm-w1529756079: 31st Place
[5040/16883] osm-w1529763164: Westmeath Lane
[5041/16883] osm-w1529765362: Lynch Drive
[5042/16883] osm-w1531872708: Monastery Avenue
[5043/16883] osm-w1540522407: Perryville Walking Trail / Mason-Dixon Trail
[5044/16883] osm-w1540545181: North Juniata Street
[5045/16883] osm-w1541094800: Gladstone Way
[5046/16883] osm-w1541094806: Banister Way
[5047/16883] osm-w1545479430: Rollingbrook Way
[5048/16883] osm-w1551412882: Coastal Marsh Drive
[5049/16883] osm-n13949996105: Main Street
[5050/16883] osm-n13950181462: Falmouth Road
[5051/16883] osm-w96027331: Chapel Avenue
[5052/16883] osm-w174298562: Alvey Drive
[5053/16883] osm-w319018004: Bremen
[5054/16883] osm-w368331537: North Haven, Knox County, Maine, 04853, United States
[5055/16883] osm-w369087972: Bar Harbor, Hancock County, Maine, 04644, United States
[5056/16883] osm-w415153324: Freeman Ridge Road
[5057/16883] osm-w415271034: Schuyler Lane
[5058/16883] osm-w415271036: Claremont Road
[5059/16883] osm-w415376048: Peabody Drive
[5060/16883] osm-w425042408: River Point Road
[5061/16883] osm-w453320401: Cranberry Drive
[5062/16883] osm-w467144278: Riverplace Drive
[5063/16883] osm-w468966234: Colby Avenue
[5064/16883] osm-w606159432: Cranberry Road
[5065/16883] osm-w681012357: Sunday River Road
[5066/16883] osm-w683617601: Marginal Way
[5067/16883] osm-w698478448: Cottage Lane
[5068/16883] osm-w699901989: Lockwood Road
[5069/16883] osm-w699912039: Vinal Cove Road
[5070/16883] osm-w701027439: North Haven Road
[5071/16883] osm-w706645431: Eastholm Road
[5072/16883] osm-w706645461: Pollys Cove Road
[5073/16883] osm-w717299799: Union Street
[5074/16883] osm-w749666735: Berwick Road
[5075/16883] osm-w766752146: Hawk Road
[5076/16883] osm-w771383055: Houghton Pond Road
[5077/16883] osm-w772903272: Cold Spring Farm Road
[5078/16883] osm-w773853921: Cranbrook Drive
[5079/16883] osm-w773853923: Stirrup Road
[5080/16883] osm-w773867456: Kalm Harbour Road
[5081/16883] osm-w774718042: Harpswell Neck Road
[5082/16883] osm-w775251321: Rock Haven Drive
[5083/16883] osm-w777275947: Fayette, Kennebec County, Maine, 04349, United States
[5084/16883] osm-w779854813: Iron Point Road
[5085/16883] osm-w782268896: Beach Rose Lane
[5086/16883] osm-w782268898: Halcyon Way
[5087/16883] osm-w782401437: Dirigo Drive
[5088/16883] osm-w782502772: Cabotville Road
[5089/16883] osm-w782502777: Cezalle Road
[5090/16883] osm-w782516919: Pulpit Harbor Road
[5091/16883] osm-w782516921: Osprey Road
[5092/16883] osm-w783322328: Baysite Lane
[5093/16883] osm-w783628286: Tapawingo Road
[5094/16883] osm-w784632525: Paris Hill Road
[5095/16883] osm-w784786964: Sunset Ridge Road
[5096/16883] osm-w785848875: Loon Call Drive
[5097/16883] osm-w785871433: Poppy Lane
[5098/16883] osm-w786265683: Old Portland Road
[5099/16883] osm-w790734870: Racquet Club Road
[5100/16883] osm-w792919947: Linnell Road
[5101/16883] osm-w792919951: Sleepy Hollow Road
[5102/16883] osm-w792919958: Cape View Drive
[5103/16883] osm-w792919962: Sunset Chimneys Road
[5104/16883] osm-w792919969: Whitetail Lane
[5105/16883] osm-w792919970: Fernwood Road
[5106/16883] osm-w796257712: Deer Park Drive
[5107/16883] osm-w801632557: Charmwoods Lane
[5108/16883] osm-w801632558: Sunflower Lane
[5109/16883] osm-w808473668: Ram Island Farm Road
[5110/16883] osm-w809296704: Minturn, Swan's Island, Hancock County, Maine, 04685, United
[5111/16883] osm-w809727545: Greenlaw's Park Road
[5112/16883] osm-w810818303: Northern Neck Road
[5113/16883] osm-w813745085: Mosswood Road
[5114/16883] osm-w814276548: Lookout Point Road
[5115/16883] osm-w814361065: Barnacle Lane
[5116/16883] osm-w815323162: Double Duck Lane
[5117/16883] osm-w815678675: Peabody Drive
[5118/16883] osm-w815678684: Bracy Cove Lane
[5119/16883] osm-w816329169: Bonney Point Road
[5120/16883] osm-w817931616: Loon Lake Road
[5121/16883] osm-w817936553: Bud Russell Road
[5122/16883] osm-w823178914: Ballfield Lane
[5123/16883] osm-w824296515: Justines Way
[5124/16883] osm-w846511159: North Bear Springs Lane
[5125/16883] osm-w867137697: Blueberry Cove
[5126/16883] osm-w869091890: Barnes Way
[5127/16883] osm-w885893775: East Road
[5128/16883] osm-w903863696: Crows Nest Lane
[5129/16883] osm-w915582568: West Shore Road
[5130/16883] osm-w916814457: Parker Farm Road
[5131/16883] osm-w917168054: Eden Shared-Use Path
[5132/16883] osm-w923133365: McKown Road
[5133/16883] osm-w924349541: Kehail Point Road
[5134/16883] osm-w930805213: Long Cove Point Road
[5135/16883] osm-w931149197: Swanns Way
[5136/16883] osm-w931149201: State Route 129
[5137/16883] osm-w953085186: South Main Street
[5138/16883] osm-w972397537: Pepperrell Terrace
[5139/16883] osm-w987024647: Kawanhee Lane
[5140/16883] osm-w1002423441: Arnold Road
[5141/16883] osm-w1006923605: Philbrick Avenue
[5142/16883] osm-w1016580125: Division Road
[5143/16883] osm-w1016638973: Fairview Terrace
[5144/16883] osm-w1017501399: Sunset Road
[5145/16883] osm-w1018740657: Community House Road
[5146/16883] osm-w1019089203: Grandview Avenue
[5147/16883] osm-w1019204666: Haverhill Avenue
[5148/16883] osm-w1019226918: Ocean Avenue
[5149/16883] osm-w1019253585: Ocean Avenue
[5150/16883] osm-w1019253587: WOODLAND DRIVE
[5151/16883] osm-w1019386795: Timber Ledge Lane
[5152/16883] osm-w1035193443: Carriage Way
[5153/16883] osm-w1035448457: I 195
[5154/16883] osm-w1039085311: East Grand Avenue
[5155/16883] osm-w1041471015: Road Between the Ponds
[5156/16883] osm-w1043865239: Highpoint Drive
[5157/16883] osm-w1044570363: Barker Road
[5158/16883] osm-w1047192946: River Road
[5159/16883] osm-w1061246400: Camp Hiawatha Road
[5160/16883] osm-w1079778052: Camp-O--At-Ka Road
[5161/16883] osm-w1083499992: Bridle Path Way
[5162/16883] osm-w1099291922: Windsor Lane
[5163/16883] osm-w1101185710: Country Way
[5164/16883] osm-w1103776424: Snow Cap Road
[5165/16883] osm-w1157100816: Bear Path
[5166/16883] osm-w1179871799: Israel Head Road
[5167/16883] osm-w1205492241: Crescent Lane
[5168/16883] osm-w1208040325: Alley May Lane
[5169/16883] osm-w1219900032: Florence Avenue
[5170/16883] osm-w1237978110: Corey Lane
[5171/16883] osm-w1283369826: Chewonki Neck Road
[5172/16883] osm-w1285658567: School Street
[5173/16883] osm-w1286695916: Delights Road
[5174/16883] osm-w1293703006: Lincoln Avenue
[5175/16883] osm-w1301595876: Embden, Somerset County, Maine, 04958, United States
[5176/16883] osm-w1321939736: Goodwin Place
[5177/16883] osm-w1332443786: Pheasant Hill Drive
[5178/16883] osm-w1332846022: Cross Street
[5179/16883] osm-w1350764446: Burleigh Hill Road
[5180/16883] osm-w1356240332: Barters Island Road
[5181/16883] osm-w1365761166: Bay View Avenue
[5182/16883] osm-w1372589261: Snowmobile ITS 85
[5183/16883] osm-w1376182991: Shirley Road
[5184/16883] osm-w1429420384: Stellar Blossom Way
[5185/16883] osm-w1431334803: Camp Laurel Loop Road
[5186/16883] osm-w1432484274: Twin Cove Lane
[5187/16883] osm-w1432710155: Clifford Road
[5188/16883] osm-w1445338365: Highland Road
[5189/16883] osm-w1445696655: Point Road
[5190/16883] osm-w1452378536: Faunce Road
[5191/16883] osm-w1465668896: Dallas Hill Road
[5192/16883] osm-w1471513192: Elm Street
[5193/16883] osm-w1471513240: Georgia Road
[5194/16883] osm-w1471513688: Pool Street
[5195/16883] osm-w1471843191: Park Street
[5196/16883] osm-w1471843240: Wildrose Lane
[5197/16883] osm-w1471844755: Grindstone Avenue
[5198/16883] osm-w1471844757: Grindstone Avenue
[5199/16883] osm-w1471844931: Skylands Way
[5200/16883] osm-w1471845248: Resort Way
[5201/16883] osm-w1471846166: Camp Jordan Way
[5202/16883] osm-w1475416964: Harpswell Neck Road
[5203/16883] osm-w1480457440: School Drive
[5204/16883] osm-w1481431530: Main Road
[5205/16883] osm-w1481432010: Gunner Lane
[5206/16883] osm-w1481435356: Dempsey Greaves Lane
[5207/16883] osm-w1481635979: Squaw Village Road
[5208/16883] osm-w1481636614: Timber Lane
[5209/16883] osm-w1481636964: One Great Place
[5210/16883] osm-w1481636969: Great Place Road
[5211/16883] osm-w1481637117: Pine Tree Camp Road
[5212/16883] osm-w1481637406: Golf Academy Drive
[5213/16883] osm-w1481637855: Readfield Road
[5214/16883] osm-w1481638776: Camp Laurel
[5215/16883] osm-w1481639626: Robin Hood Road
[5216/16883] osm-w1481640761: Stump Dump Road
[5217/16883] osm-w1485902142: Cliff Road
[5218/16883] osm-w1485902223: Harbor Drive
[5219/16883] osm-w1485902271: Pattison Road
[5220/16883] osm-w1485902688: Depot Road
[5221/16883] osm-w1486071240: South Union Road
[5222/16883] osm-w1486071853: Wavus Point Road
[5223/16883] osm-w1486072754: Kieve Road
[5224/16883] osm-w1486073136: Sewall Road
[5225/16883] osm-w1486073515: Knoll Lane
[5226/16883] osm-w1486661050: Chewonki Neck Road
[5227/16883] osm-w1486814569: Island Pond Road
[5228/16883] osm-w1486815532: Wildwood Road
[5229/16883] osm-w1486815630: Fire Lane 179
[5230/16883] osm-w1486815903: Camp Walden Road
[5231/16883] osm-w1486816057: Main Street
[5232/16883] osm-w1486816487: Lovell Road
[5233/16883] osm-w1490220818: Dipper Cove Road
[5234/16883] osm-w1492232464: Chapel Lane
[5235/16883] osm-w1492232753: Kenyon Road
[5236/16883] osm-w1492232995: Club Road
[5237/16883] osm-w1492233243: Bustins Island, Freeport, Cumberland County, Maine, 04032, U
[5238/16883] osm-w1492234675: Brookside Drive
[5239/16883] osm-w1495321730: Purple Road
[5240/16883] osm-w1497565377: Pleasant Point Drive
[5241/16883] osm-w1499175494: Yacht Club Drive
[5242/16883] osm-w1499447564: Camp Fernwood Lane
[5243/16883] osm-w1499450834: Verrill Road
[5244/16883] osm-w1499486132: Takajo Road
[5245/16883] osm-w1499644892: Foreside Common
[5246/16883] osm-w1499646084: Hewson Road
[5247/16883] osm-w1499646350: Zephyr Road
[5248/16883] osm-w1499646563: Migis Lodge Road
[5249/16883] osm-w1510510942: Patty Ann Lane
[5250/16883] osm-w1511172113: Glidden Street
[5251/16883] osm-w1514047307: Belknap Point Road
[5252/16883] osm-w1539475999: Sebago Road
[5253/16883] osm-w1541037035: Old Mill Road
[5254/16883] osm-w1541039248: Presque Isle Bike Path
[5255/16883] osm-w1541039594: Evergreen Lane
[5256/16883] osm-w1541040049: Cannan Street
[5257/16883] osm-w1541044248: Tanbark Road
[5258/16883] osm-w1541054084: Cemetery Road
[5259/16883] osm-w1541054337: Ackley Road
[5260/16883] osm-w1541056762: Forest Hill Road
[5261/16883] osm-w1541057585: Tennis Court Walkway
[5262/16883] osm-w1541058161: Marsh Island Lane
[5263/16883] osm-w1541058476: Francis Road North
[5264/16883] osm-w1541182381: Torch's Way
[5265/16883] osm-w1541315948: Park Street
[5266/16883] osm-w1541316133: Mytar Lane
[5267/16883] osm-w1541316768: Ellingwood Road
[5268/16883] osm-w1541316978: Ledgeview Lane
[5269/16883] osm-w1541317502: Boat House Way
[5270/16883] osm-w1541318275: High Head Drive
[5271/16883] osm-w1541318782: Hillside Road
[5272/16883] osm-w1541319293: East Road
[5273/16883] osm-w1541319294: East Road
[5274/16883] osm-w1541331895: Bears Den Lane
[5275/16883] osm-w1541332039: South Wilderness Shore Road
[5276/16883] osm-w1541332311: Asa's Lane
[5277/16883] osm-w1541332573: Ogden Point Road
[5278/16883] osm-w1541333072: Indian Point Road
[5279/16883] osm-w1541333560: Gracewell Lane
[5280/16883] osm-w1541333944: French Camp Road
[5281/16883] osm-w1541334393: Manchester Road
[5282/16883] osm-w1541336581: Kingdom Road
[5283/16883] osm-w1541337056: Henderson Lane
[5284/16883] osm-w1541337683: Page Terrace
[5285/16883] osm-w1541338350: King Phillips Trail
[5286/16883] osm-w1543328795: Wabunaki Road
[5287/16883] osm-w1543919975: Bradley Lane
[5288/16883] osm-w1544085664: Golden Pond Road
[5289/16883] osm-w1544085665: Cedar Camp Road
[5290/16883] osm-w1544085949: Hatch Cove Road
[5291/16883] osm-w1544086273: Goldenrod Lane
[5292/16883] osm-w1544086571: Mayville Road
[5293/16883] osm-w1544088006: Reed Cove Road
[5294/16883] osm-w1544088264: Whites Point Road
[5295/16883] osm-w1544092250: Masons Cove Road
[5296/16883] osm-w1544093014: Main Street
[5297/16883] osm-w1544576463: Teresa Lane
[5298/16883] osm-w1544577001: Post Road
[5299/16883] osm-w1544863112: Main Street
[5300/16883] osm-w1552421385: Royal Road
[5301/16883] osm-w1552421512: Narramantic Landing
[5302/16883] osm-w1552422990: Salke Drive
[5303/16883] osm-w1552423206: Main Street
[5304/16883] osm-w1552423229: Westways Road
[5305/16883] osm-w1552423524: Country Club Road
[5306/16883] osm-w1552423540: Lakeside Avenue
[5307/16883] osm-w1552424336: Pine Avenue
[5308/16883] osm-w1552424498: Pulpit Harbor Road
[5309/16883] osm-w1552424509: River Mouth Road
[5310/16883] osm-w1552425257: Revere Way
[5311/16883] osm-w1552425481: Ebon Falls Drive
[5312/16883] osm-w1552425520: Steamboat Road
[5313/16883] osm-w1552425595: Kane Point Drive
[5314/16883] osm-w1552426369: Bruner Point Road
[5315/16883] osm-r10813397: Trefethen Avenue
[5316/16883] osm-w31000338: East Pontaluna Road
[5317/16883] osm-w93937360: Huron River Greenway B2B
[5318/16883] osm-w94838223: Huron River Greenway B2B
[5319/16883] osm-w129008259: Boardman/Ottaway River Trail
[5320/16883] osm-w134671116: East Second Street
[5321/16883] osm-w134867039: Foreman Street
[5322/16883] osm-w175828339: 32nd Avenue
[5323/16883] osm-w176710157: Campus Drive
[5324/16883] osm-w183671868: Van Andel Arena DeVos Place Skywalk
[5325/16883] osm-w192636847: Stadium Drive
[5326/16883] osm-w203838286: Collins Drive
[5327/16883] osm-w208051604: West Mars Street
[5328/16883] osm-w215993218: Blacks Corners Road
[5329/16883] osm-w226403998: South Dunns Farm Road
[5330/16883] osm-w227181862: Hamilton Avenue
[5331/16883] osm-w230170160: MM.5 Lane
[5332/16883] osm-w231267909: Watervale, Blaine Township, Benzie County, Michigan, United 
[5333/16883] osm-w231267912: Bayberry Farms Southwest
[5334/16883] osm-w231622038: Cutler Park Drive Southwest
[5335/16883] osm-w232292479: Millecoquins Lake Road
[5336/16883] osm-w233810879: Delta Commerce Drive
[5337/16883] osm-w236942360: East Larned Street
[5338/16883] osm-w238522079: Maple Path
[5339/16883] osm-w238815046: Francavilla Drive
[5340/16883] osm-w241997698: Section Road
[5341/16883] osm-w243360485: Carlisle Crossings Boulevard Southwest
[5342/16883] osm-w251869450: 4th Street
[5343/16883] osm-w257159629: Sam's Way
[5344/16883] osm-w258418919: Cedar Lane
[5345/16883] osm-w258592547: North Lakeshore Road
[5346/16883] osm-w258592549: Lakeshore Road
[5347/16883] osm-w258675298: Lighthouse Pointe
[5348/16883] osm-w258709293: Idaho Avenue
[5349/16883] osm-w258719043: Austrian Pine Way
[5350/16883] osm-w259111655: Harborview Pass
[5351/16883] osm-w259119797: Norfolk Circle
[5352/16883] osm-w259258969: Sandstone Creek Drive
[5353/16883] osm-w259288590: Cedar Lane
[5354/16883] osm-w259415288: Main Street
[5355/16883] osm-w259490898: Ivywood Drive
[5356/16883] osm-w259859953: West US-23 Highway
[5357/16883] osm-w259966845: Adams Street
[5358/16883] osm-w260215515: Central Avenue
[5359/16883] osm-w260215519: Bluff Ridge
[5360/16883] osm-w260215522: Fairview Avenue
[5361/16883] osm-w260215523: Ridge View Court
[5362/16883] osm-w260224711: Elm Street
[5363/16883] osm-w260224713: Indian Trails Road
[5364/16883] osm-w260230276: Pachakee Trail
[5365/16883] osm-w260230277: Antrim Lane
[5366/16883] osm-w260230278: Old Dixie Highway
[5367/16883] osm-w260303386: South Sherman Street
[5368/16883] osm-w260469660: Deerfield Trail
[5369/16883] osm-w260500935: Haywards Pine Trail
[5370/16883] osm-w260500936: Frey Lane
[5371/16883] osm-w260500938: South East Torch Lake Drive
[5372/16883] osm-w260500939: South East Torch Lake Drive
[5373/16883] osm-w260500940: South East Torch Lake Drive
[5374/16883] osm-w260500943: Southwest Torch Lake Drive
[5375/16883] osm-w260500946: Sunset Torch Trail
[5376/16883] osm-w260500949: Pere Marquette North
[5377/16883] osm-w260500950: Bay Harbor Club Drive
[5378/16883] osm-w260500952: West Pointe Road
[5379/16883] osm-w260500953: Michigan Trail
[5380/16883] osm-w260547146: Elk Tip Drive
[5381/16883] osm-w260551673: Pine Bluff Lane
[5382/16883] osm-w260560651: Mor Lane
[5383/16883] osm-w260560653: Rex Terrace
[5384/16883] osm-w260560655: East Elk Lake Drive
[5385/16883] osm-w260560657: Exide Lane
[5386/16883] osm-w260560658: South Bay Shore Drive
[5387/16883] osm-w260560659: Clearwater Pointe Drive
[5388/16883] osm-w260639073: Bluff Road
[5389/16883] osm-w260639074: Ne-Ah-Ta-Wanta Road
[5390/16883] osm-w260639076: Wrightwood Terrace Drive
[5391/16883] osm-w260704550: Casperson Road
[5392/16883] osm-w260704552: North Anderson Road
[5393/16883] osm-w260704553: Omena Point Road
[5394/16883] osm-w260704554: North West Bay Shore Drive
[5395/16883] osm-w260704556: North Manitowahby Avenue
[5396/16883] osm-w260851917: Beamer Road
[5397/16883] osm-w260859590: Sugar Bush Lane
[5398/16883] osm-w260859591: Duck Lake Trail
[5399/16883] osm-w260865717: West Arbor Pines Drive
[5400/16883] osm-w260983770: South Dunns Farm Road
[5401/16883] osm-w260983771: South Dunns Farm Road
[5402/16883] osm-w260983772: South Glen Lake Road
[5403/16883] osm-w260983773: South Sunset Drive
[5404/16883] osm-w261019702: West Glenmere Road
[5405/16883] osm-w261106576: Robinson Road
[5406/16883] osm-w261106578: Michigan Avenue
[5407/16883] osm-w261106580: Winslow Way
[5408/16883] osm-w261106585: Michigan Avenue
[5409/16883] osm-w261178046: South Beach Road
[5410/16883] osm-w261297515: Point Road
[5411/16883] osm-w261478964: North Lakeshore Avenue
[5412/16883] osm-w261478967: Park Township, Ottawa County, Michigan, United States
[5413/16883] osm-w261643457: Lagrange Street
[5414/16883] osm-w261719762: Kingsley Avenue
[5415/16883] osm-w261741751: Oak Park Avenue
[5416/16883] osm-w261746989: West water
[5417/16883] osm-w262147186: West Ottawa Public Schools
[5418/16883] osm-w262935317: West Clinton Street
[5419/16883] osm-w262939681: Judys
[5420/16883] osm-w263094835: Johnson Street Southeast
[5421/16883] osm-w263229648: Belhurst Avenue Northeast
[5422/16883] osm-w263233718: Martindale Street Northwest
[5423/16883] osm-w263258952: Parasail Drive
[5424/16883] osm-w263280889: Wright Road
[5425/16883] osm-w263436880: Paved Trail
[5426/16883] osm-w263439605: Greenwood Township, Oscoda County, Michigan, United States
[5427/16883] osm-w263444186: Gateway Drive West
[5428/16883] osm-w263567250: Sherman Township, Saint Joseph County, Michigan, 49032, Unit
[5429/16883] osm-w263649176: 152nd Avenue
[5430/16883] osm-w263649185: Labor Day Drive
[5431/16883] osm-w263675885: Fleser Court
[5432/16883] osm-w263675899: Liberty Street
[5433/16883] osm-w263684179: 16 Mile Road Northeast
[5434/16883] osm-w263686748: 2 Mile Road Northeast
[5435/16883] osm-w263688341: Hall Street Southeast
[5436/16883] osm-w263689161: Cascade Charter Township, Kent County, Michigan, 49302, Unit
[5437/16883] osm-w263801435: West Dean Road
[5438/16883] osm-w264710826: Watersmeet Township
[5439/16883] osm-w265350573: Howland Road
[5440/16883] osm-w265350584: Day Street
[5441/16883] osm-w266174797: Field Bay Avenue
[5442/16883] osm-w269011792: Greenwycke Lane
[5443/16883] osm-w274180876: Lincoln Drive
[5444/16883] osm-w279160130: Jewett Trail
[5445/16883] osm-w281240781: North Teal Lake Avenue
[5446/16883] osm-w282185842: Anweiler Lane
[5447/16883] osm-w283271421: Drappatz Heights
[5448/16883] osm-w285298379: Green Court
[5449/16883] osm-w285977923: Breitung Township, Dickinson County, Michigan, 49802, United
[5450/16883] osm-w287132698: Evergreen Street
[5451/16883] osm-w288353617: Wolfe Road
[5452/16883] osm-w288369747: Colfax Township, Mecosta County, Michigan, United States
[5453/16883] osm-w288404394: Donegal Bay Road
[5454/16883] osm-w288665504: Commerce Center Drive
[5455/16883] osm-w288985765: Traverse Bay Drive
[5456/16883] osm-w288985767: 3rd Street
[5457/16883] osm-w289470432: Huntington Way
[5458/16883] osm-w289800551: Gerber Avenue
[5459/16883] osm-w289800554: Adda Street
[5460/16883] osm-w289926163: Brewer Avenue Northeast
[5461/16883] osm-w290053822: County Road 378
[5462/16883] osm-w290182837: Brookmeadow North Lane
[5463/16883] osm-w290545416: Independence Avenue
[5464/16883] osm-w291678560: Hatchet Drive
[5465/16883] osm-w292961995: Hideaway Valley Drive
[5466/16883] osm-w293247513: West Shore
[5467/16883] osm-w293917806: Millville Road
[5468/16883] osm-w294393547: Walden Woods Road
[5469/16883] osm-w295029091: Iyopawa Island Road
[5470/16883] osm-w301501439: West Van Buren Street
[5471/16883] osm-w303682796: Waymarket Drive
[5472/16883] osm-w309415896: South Lake Leelanau Drive
[5473/16883] osm-w310571355: North Skeel Avenue
[5474/16883] osm-w314424861: South Memorial Drive
[5475/16883] osm-w315148029: Central Avenue
[5476/16883] osm-w315559905: Fairlane Woods Drive
[5477/16883] osm-w316420443: Kimberly Lane
[5478/16883] osm-w321498027: 4th Street
[5479/16883] osm-w321552293: School Street
[5480/16883] osm-w321566835: 8 Mile Road
[5481/16883] osm-w322001153: Tennis Court
[5482/16883] osm-w322243828: Vine Avenue
[5483/16883] osm-w322325335: North 3rd Street
[5484/16883] osm-w322783444: Arkona Road
[5485/16883] osm-w323073980: Deans View
[5486/16883] osm-w323304089: Margaret Street
[5487/16883] osm-w323732029: Hidden Spring Trail
[5488/16883] osm-w344292393: Waukegan Street
[5489/16883] osm-w346944089: Sunningdale Drive
[5490/16883] osm-w347681471: Maple Street
[5491/16883] osm-w349353604: Barton Shore Drive
[5492/16883] osm-w353035305: Vergennes Street Southeast
[5493/16883] osm-w361909647: Navaho Street Southwest
[5494/16883] osm-w374637194: Miramichi Drive
[5495/16883] osm-w375433150: South M 37
[5496/16883] osm-w377544913: Lochaven Lane
[5497/16883] osm-w378784488: Addison Circle
[5498/16883] osm-w378895391: Leoni Township
[5499/16883] osm-w382646694: East Crapo Street
[5500/16883] osm-w384127936: West Main Street
[5501/16883] osm-w400526819: US 131
[5502/16883] osm-w400529800: McKinley Street
[5503/16883] osm-w400697279: Saddleback Drive Northeast
[5504/16883] osm-w401312414: Velte Road
[5505/16883] osm-w403005106: Hubbard Lake Road
[5506/16883] osm-w403278180: Norton Pines Drive
[5507/16883] osm-w404175132: West Ellsworth Road
[5508/16883] osm-w405045444: West Central Avenue
[5509/16883] osm-w407515573: Maudlin Road
[5510/16883] osm-w407526144: Water Street
[5511/16883] osm-w410145724: North Division Avenue
[5512/16883] osm-w410395365: Tuxedo Street
[5513/16883] osm-w412585002: Middle Lake Road
[5514/16883] osm-w416941762: Gull Road
[5515/16883] osm-w422324029: Husky Drive
[5516/16883] osm-w427627860: Lumley Road
[5517/16883] osm-w436181528: Lower Huron Metropark Trail
[5518/16883] osm-w440498876: East Pine Street
[5519/16883] osm-w449700079: North Deer Path Trail
[5520/16883] osm-w449700094: North Dockside Circle
[5521/16883] osm-w458123273: Old US-31
[5522/16883] osm-w468477829: Duke Street
[5523/16883] osm-w470113516: East 13 Mile Road
[5524/16883] osm-w470762417: West State Street
[5525/16883] osm-w471898577: Bertram Drive
[5526/16883] osm-w482142519: Northland Drive Northeast
[5527/16883] osm-w482191858: Rockford, Kent County, Michigan, 49341, United States
[5528/16883] osm-w494105615: Lozier Street
[5529/16883] osm-w498485788: Whetstone Road
[5530/16883] osm-w498677062: Big Rapids River Trail
[5531/16883] osm-w503458094: West River Drive Northeast
[5532/16883] osm-w505436305: 5 Mile Road Northeast
[5533/16883] osm-w513021836: Pinehurst Drive
[5534/16883] osm-w513021837: West Grove Street
[5535/16883] osm-w526613222: West Ridge Street
[5536/16883] osm-w528117775: Upland Drive
[5537/16883] osm-w528142086: Roundtree Boulevard
[5538/16883] osm-w530445538: East Monroe Street
[5539/16883] osm-w532010317: Burton Street Southeast
[5540/16883] osm-w533667742: Reeds Lake Boulevard Southeast
[5541/16883] osm-w533667745: Reeds Lake Boulevard Southeast
[5542/16883] osm-w539331407: Fox Drive
[5543/16883] osm-w546059232: Hall Street Southeast
[5544/16883] osm-w551189148: Knapp Street Northeast
[5545/16883] osm-w556516390: Heritage Drive
[5546/16883] osm-w556788962: Ryder Road
[5547/16883] osm-w557735227: Little Traverse Wheelway
[5548/16883] osm-w565537963: Lakeview Ridge
[5549/16883] osm-w571033891: Sir Charles Drive Northeast
[5550/16883] osm-w580012875: Faussett Road
[5551/16883] osm-w585306504: Portage Point Drive
[5552/16883] osm-w590270184: Sixth Street
[5553/16883] osm-w590807972: Paden Road
[5554/16883] osm-w591371864: Pitoniak Road
[5555/16883] osm-w601201830: Pine Street
[5556/16883] osm-w601405330: Lake Shore Road
[5557/16883] osm-w608447195: East Saginaw Street
[5558/16883] osm-w608464442: West Saint Joseph Highway
[5559/16883] osm-w608678849: Krantz Road
[5560/16883] osm-w610909310: Pinecrest Drive
[5561/16883] osm-w616123692: Edgerton Avenue Northeast
[5562/16883] osm-w617767868: Rabbit Run Circle
[5563/16883] osm-w628140618: Hannah Boulevard
[5564/16883] osm-w632742639: North Center Road
[5565/16883] osm-w634466398: Deer Lake Road
[5566/16883] osm-w637657519: Plymouth Road
[5567/16883] osm-w639736198: Hewitt Road
[5568/16883] osm-w639880735: West Front Street
[5569/16883] osm-w640626613: East King Street
[5570/16883] osm-w640706551: Cobblestone Lane
[5571/16883] osm-w643079474: Hillview Lane
[5572/16883] osm-w647539427: Treebrook Drive Northeast
[5573/16883] osm-w657778343: Loiter Way
[5574/16883] osm-w661032692: Avenue H
[5575/16883] osm-w675055712: East Boyer Road
[5576/16883] osm-w675058360: Bethany Township, Gratiot County, Michigan, 48880, United St
[5577/16883] osm-w675064483: Olthoff Drive
[5578/16883] osm-w678168778: Crooked Lake Road
[5579/16883] osm-w683455668: Davison Road
[5580/16883] osm-w686447682: Bay Township, Charlevoix County, Michigan, United States
[5581/16883] osm-w686490729: Banker Street
[5582/16883] osm-w693507222: Hickory Lane
[5583/16883] osm-w694773700: West 76th Street
[5584/16883] osm-w697078424: East Curtis Road
[5585/16883] osm-w697865338: Ramsay Road
[5586/16883] osm-w700403713: Camp Petosega Road
[5587/16883] osm-w701422050: Acropolis Drive
[5588/16883] osm-w702148984: Trillium Trail
[5589/16883] osm-w703942534: East Pontaluna Road
[5590/16883] osm-w704410760: Pleasantview Road
[5591/16883] osm-w704912592: Hemlock, Saginaw County, Michigan, 48626, United States
[5592/16883] osm-w704943326: 2
[5593/16883] osm-w704943528: Kaynorth Road
[5594/16883] osm-w710690217: Ellinger Road
[5595/16883] osm-w711551840: Lake Forest Drive
[5596/16883] osm-w720697234: Superior Avenue
[5597/16883] osm-w722236572: Plains Road
[5598/16883] osm-w722382735: Phillips Avenue
[5599/16883] osm-w722404937: Eastcastle Drive Southeast
[5600/16883] osm-w722509408: Main Street
[5601/16883] osm-w722955211: South Bucht Drive
[5602/16883] osm-w722979886: West Carpenter Road
[5603/16883] osm-w723111321: Pitch Bark Northeast
[5604/16883] osm-w724250857: Settlers Pass Southeast
[5605/16883] osm-w736453544: Christie Avenue Southeast
[5606/16883] osm-w737026837: Grass Lake Road
[5607/16883] osm-w742318861: Sargent Road
[5608/16883] osm-w749062326: Brown Road
[5609/16883] osm-w754823506: Saginaw Road Southeast
[5610/16883] osm-w759222267: North Ridgewood Lane
[5611/16883] osm-w810055120: Felter Drive
[5612/16883] osm-w813992314: West Waters Road
[5613/16883] osm-w814036267: West Waters Road
[5614/16883] osm-w814989189: Bubbling Spring Court
[5615/16883] osm-w818855454: Donaldson Drive
[5616/16883] osm-w827069901: 100th Avenue
[5617/16883] osm-w833317653: Route 5
[5618/16883] osm-w833718210: Charles Road
[5619/16883] osm-w834050538: Marquette Court
[5620/16883] osm-w834242485: Del-Mar Drive Southwest
[5621/16883] osm-w834242509: West Middle School Access
[5622/16883] osm-w835507314: South Shore Drive
[5623/16883] osm-w837649618: Eastside Connector
[5624/16883] osm-w839901284: Cheboygan Street
[5625/16883] osm-w845534970: West Fairland Circle
[5626/16883] osm-w852147953: South Jackson Street
[5627/16883] osm-w854673637: Laurence Avenue
[5628/16883] osm-w854792537: Gilchrist Street
[5629/16883] osm-w860274351: Euclid Avenue
[5630/16883] osm-w866019588: Clay Township
[5631/16883] osm-w866019599: South Channel Drive
[5632/16883] osm-w879391799: Fred Meijer Berry Junction Trail
[5633/16883] osm-w881472209: Union Street
[5634/16883] osm-w887609599: Dune Valley Driving Range
[5635/16883] osm-w887638285: Lyon Street
[5636/16883] osm-w887638290: Lochaven Lane
[5637/16883] osm-w890753817: South Sheridan Lane
[5638/16883] osm-w890799451: Lake Street
[5639/16883] osm-w891738982: Crystal Drive
[5640/16883] osm-w892809494: Shugart Road
[5641/16883] osm-w892809497: East Lakeview Hills Road
[5642/16883] osm-w893394558: North Lake Shore Drive
[5643/16883] osm-w893838604: West South Shore Road
[5644/16883] osm-w893841933: Crystal Lake Yacht Club
[5645/16883] osm-w893965755: Crystal Drive
[5646/16883] osm-w894107465: Main Street
[5647/16883] osm-w894958414: North Lakeshore Drive
[5648/16883] osm-w896069488: Gale Road
[5649/16883] osm-w902177011: Timbers Trail
[5650/16883] osm-w902860436: Pine Bluff Lane
[5651/16883] osm-w903440488: South Dunns Farm Road
[5652/16883] osm-w903610574: Ridge Drive
[5653/16883] osm-w904248335: West White Birch Avenue
[5654/16883] osm-w905083151: Blue Ridge Lane
[5655/16883] osm-w905707116: West Lake Street Northeast
[5656/16883] osm-w905835906: Crystal View Commons
[5657/16883] osm-w905835924: Crystal Drive
[5658/16883] osm-w905846457: Center Street
[5659/16883] osm-w905862426: Shorewood Drive
[5660/16883] osm-w905870196: Thomas Road
[5661/16883] osm-w905870198: Standish Road
[5662/16883] osm-w905937952: Pilgrim Highway
[5663/16883] osm-w906227431: Woodridge Court
[5664/16883] osm-w906860578: East Walnut Street
[5665/16883] osm-w907574726: Sylvan Glen Road
[5666/16883] osm-w908472083: Peninsula Drive
[5667/16883] osm-w908538980: South Sunset Drive
[5668/16883] osm-w908538989: South Krull Lane
[5669/16883] osm-w908538994: Northwood Drive
[5670/16883] osm-w914342171: Pratt Road
[5671/16883] osm-w915055614: Michigan Street Northeast
[5672/16883] osm-w916938780: South Brooks Road
[5673/16883] osm-w920881442: Barney Road
[5674/16883] osm-w921408450: East Harrison Avenue
[5675/16883] osm-w921845276: Clark Road North
[5676/16883] osm-w922924860: Swaney Road
[5677/16883] osm-w923000299: Prospect Street
[5678/16883] osm-w933648887: Heirloom View
[5679/16883] osm-w934483421: Caribou Run
[5680/16883] osm-w937411342: 43 1/2 Road
[5681/16883] osm-w937482186: Partridge Point Road
[5682/16883] osm-w937482191: Grand Avenue
[5683/16883] osm-w938530299: West Beach Road
[5684/16883] osm-w940215632: Birch Drive
[5685/16883] osm-w941141214: Woodhill Drive
[5686/16883] osm-w942013501: Mount Hope Road
[5687/16883] osm-w943340628: Glovers Lake Road
[5688/16883] osm-w946514222: West Blue Gill Drive
[5689/16883] osm-w946696724: Turnberry Lane
[5690/16883] osm-w946696755: Meridian Road
[5691/16883] osm-w949862441: Raby Road
[5692/16883] osm-w949862447: Raby Road
[5693/16883] osm-w952821663: Okaiyoka Road
[5694/16883] osm-w955811266: Love Court Road
[5695/16883] osm-w957877245: West Clubhouse Lane
[5696/16883] osm-w957880466: Deer Meadow Court
[5697/16883] osm-w958674741: Marshall Street
[5698/16883] osm-w958677211: Hemingway Club Road
[5699/16883] osm-w958722031: Sequanota Club Lane North
[5700/16883] osm-w958722033: Evergreen Lane
[5701/16883] osm-w958722045: Pine Lake Club Drive
[5702/16883] osm-w958847676: Timberlane Drive
[5703/16883] osm-w958941079: Wildwood Harbor Road
[5704/16883] osm-w959126101: Deer Path
[5705/16883] osm-w959839848: Elk Lake Trail
[5706/16883] osm-w962419418: North Road
[5707/16883] osm-w968197475: Burns Street
[5708/16883] osm-w970689146: Viking Lake Drive
[5709/16883] osm-w971215592: South Center Avenue
[5710/16883] osm-w971693773: Pheasant Run
[5711/16883] osm-w972402661: Greenspire Drive
[5712/16883] osm-w974075672: Bianco
[5713/16883] osm-w974762056: North Omigisi Beach Road
[5714/16883] osm-w978174956: C.G. Davis Avenue
[5715/16883] osm-w978740801: Lake Side Drive
[5716/16883] osm-w979670541: South West Bay Shore Drive
[5717/16883] osm-w981829008: Phaneuf Road
[5718/16883] osm-w982367226: West 6th Street
[5719/16883] osm-w982806581: South Dunns Farm Road
[5720/16883] osm-w984100171: M-140
[5721/16883] osm-w985909283: Crescent Beach Road
[5722/16883] osm-w986417064: Ewing Way
[5723/16883] osm-w988341939: Shields Drive
[5724/16883] osm-w988922378: Bellwood Court
[5725/16883] osm-w989385084: Lakeshore Road
[5726/16883] osm-w989685317: Piney Ridge Road
[5727/16883] osm-w991280307: South Town Line Road
[5728/16883] osm-w995058799: William H Kelly Road
[5729/16883] osm-w996097385: Raver Drive
[5730/16883] osm-w996097386: Burt Lake Trail
[5731/16883] osm-w996109720: Hayes Township, Charlevoix County, Michigan, United States
[5732/16883] osm-w996920499: Manthei Road
[5733/16883] osm-w997183320: Quarterline Road
[5734/16883] osm-w998457145: Cherry Avenue
[5735/16883] osm-w998510063: Crouter Avenue
[5736/16883] osm-w1001875117: Paradise Trail
[5737/16883] osm-w1002846287: Lake Avenue
[5738/16883] osm-w1005714262: Indian Trails Drive
[5739/16883] osm-w1005714264: Indian Trails Drive
[5740/16883] osm-w1005860815: Maple Grove Road
[5741/16883] osm-w1005860816: Boyne City-Charlevoix Road
[5742/16883] osm-w1005877295: Boyne City-Charlevoix Road
[5743/16883] osm-w1008631403: Sunnyside Drive
[5744/16883] osm-w1008951769: Twin Lakes Trail
[5745/16883] osm-w1013065861: Whispering Trail
[5746/16883] osm-w1013065866: The Sidewalk
[5747/16883] osm-w1016763336: East State Street
[5748/16883] osm-w1017020001: Wilson Road
[5749/16883] osm-w1017242382: Wilson Road
[5750/16883] osm-w1018316765: Avondale Street
[5751/16883] osm-w1023462425: Packard Road
[5752/16883] osm-w1024022837: Kensington Road
[5753/16883] osm-w1037809021: North Beaune Road
[5754/16883] osm-w1042966684: Ashton Lake Drive
[5755/16883] osm-w1053792274: Avenue A
[5756/16883] osm-w1054304645: Horseshoe Lane
[5757/16883] osm-w1055727691: Pheasant Run
[5758/16883] osm-w1056777799: Huntington Boulevard
[5759/16883] osm-w1059088912: Long Boulevard
[5760/16883] osm-w1063441091: East EF Avenue
[5761/16883] osm-w1065887264: Mawby Way
[5762/16883] osm-w1070807784: Monterey Bay Circle
[5763/16883] osm-w1078068818: Shire Court
[5764/16883] osm-w1078174335: Murano Drive
[5765/16883] osm-w1084387600: Spruceway Lane
[5766/16883] osm-w1084450653: Brooklawn Court
[5767/16883] osm-w1085420268: South Arm Township, Charlevoix County, Michigan, 49727, Unit
[5768/16883] osm-w1086985052: Resort Road
[5769/16883] osm-w1089534130: Landing Drive
[5770/16883] osm-w1090612148: Piney Point
[5771/16883] osm-w1097421491: Townsquare Boulevard
[5772/16883] osm-w1101576343: South Lake Shore Drive
[5773/16883] osm-w1101576346: South Lake Shore Drive
[5774/16883] osm-w1104173681: Harborside Drive
[5775/16883] osm-w1104173685: Forest Beach Drive
[5776/16883] osm-w1104177987: Hankey Street
[5777/16883] osm-w1110940979: Sunset Lane
[5778/16883] osm-w1112112365: Warren Road
[5779/16883] osm-w1115721331: Terrace Road
[5780/16883] osm-w1125074992: Hollyhock Street
[5781/16883] osm-w1144245310: Harbor Drive
[5782/16883] osm-w1144339916: Highland Drive
[5783/16883] osm-w1148100474: Fuller Avenue Northeast
[5784/16883] osm-w1153391406: C2-Loop
[5785/16883] osm-w1154525816: Mount Elliot Avenue
[5786/16883] osm-w1161561802: South Grayling Road
[5787/16883] osm-w1174004558: Hunters Run
[5788/16883] osm-w1175381814: Division Street
[5789/16883] osm-w1177916390: East 62nd Street
[5790/16883] osm-w1181109647: West 5th Street
[5791/16883] osm-w1186042744: West Front Street
[5792/16883] osm-w1186582492: Moore Lane
[5793/16883] osm-w1186950789: Arch Rock Bicycle Trail
[5794/16883] osm-w1187651366: Lake Shore Boulevard
[5795/16883] osm-w1189284074: Lake Street
[5796/16883] osm-w1189414696: Kauffman Boulevard
[5797/16883] osm-w1195039987: Sanctuary Woods
[5798/16883] osm-w1197475629: Brothers Bay Road
[5799/16883] osm-w1198423581: South Budzynski Road
[5800/16883] osm-w1202586116: Peninsula Drive
[5801/16883] osm-w1206021677: Janet Higgins Drive
[5802/16883] osm-w1212037246: Waverly Township, Cheboygan County, Michigan, 49765, United 
[5803/16883] osm-w1212233779: East Tinkham Avenue
[5804/16883] osm-w1214394839: West 24th Street
[5805/16883] osm-w1221571250: Long Beach Drive
[5806/16883] osm-w1225643180: Scofield Road
[5807/16883] osm-w1227492235: Prairie Loop
[5808/16883] osm-w1227587988: Armory Place
[5809/16883] osm-w1230855416: Hayride
[5810/16883] osm-w1231234282: South Lake Drive
[5811/16883] osm-w1239255272: Main Street
[5812/16883] osm-w1242285945: Kimball Street
[5813/16883] osm-w1247963264: 7th Street
[5814/16883] osm-w1265396227: Ridgefield Court
[5815/16883] osm-w1266309594: Huron Mountain Club Road
[5816/16883] osm-w1267665478: Watervliet Township, Berrien County, Michigan, 49098, United
[5817/16883] osm-w1282090443: Greentree Boulevard
[5818/16883] osm-w1282244172: Parkshore Drive
[5819/16883] osm-w1299163134: Peninsula Drive
[5820/16883] osm-w1305323567: Forest Shores Drive Southeast
[5821/16883] osm-w1305323580: Devonwood Lane Southeast
[5822/16883] osm-w1305480658: Cascade Charter Township, Kent County, Michigan, 49546, Unit
[5823/16883] osm-w1306255819: Jayne Road
[5824/16883] osm-w1306255820: Jayne Road
[5825/16883] osm-w1306466895: State Road
[5826/16883] osm-w1308033101: Jeffers Lane
[5827/16883] osm-w1313831866: Muschbach Road
[5828/16883] osm-w1314962916: North Lake Path
[5829/16883] osm-w1315523048: Consear Road
[5830/16883] osm-w1320131717: Round Lake Road
[5831/16883] osm-w1320149925: Platt Road
[5832/16883] osm-w1327910130: Center Road
[5833/16883] osm-w1328164019: East McKinley Road
[5834/16883] osm-w1331699236: Comfort Street
[5835/16883] osm-w1336409453: Walnut Ridge Drive Southwest
[5836/16883] osm-w1336426184: 100th Street Southwest
[5837/16883] osm-w1337438197: Wilson Road
[5838/16883] osm-w1339907222: North State Street
[5839/16883] osm-w1343590660: Chateau du Lac Drive
[5840/16883] osm-w1345260341: Greene's Bay Drive
[5841/16883] osm-w1346410791: South Maxton Road
[5842/16883] osm-w1346670095: South Triangle Trail
[5843/16883] osm-w1347392159: Lucas Road
[5844/16883] osm-w1354005582: West 40th Street
[5845/16883] osm-w1354005708: North Watervliet Road
[5846/16883] osm-w1354700621: West Main Street
[5847/16883] osm-w1354700933: East Tanbark Lane
[5848/16883] osm-w1355235774: Rose Drive
[5849/16883] osm-w1355800217: US 23;M 14
[5850/16883] osm-w1357625696: High Orchard
[5851/16883] osm-w1361773723: Pasadena Street North
[5852/16883] osm-w1362899512: Dunegrass Circle
[5853/16883] osm-w1372498928: Ely Township, Marquette County, Michigan, United States
[5854/16883] osm-w1373757020: South Pleasant Avenue
[5855/16883] osm-w1383329497: Lakeshore Drive
[5856/16883] osm-w1385392464: Cedar Trail
[5857/16883] osm-w1385399248: Middlebelt Road
[5858/16883] osm-w1389129730: Superior
[5859/16883] osm-w1395101869: Duck Lake Road
[5860/16883] osm-w1412125114: West Houghton Lake Drive
[5861/16883] osm-w1413180798: Bainbridge Drive
[5862/16883] osm-w1415046523: Sunny Creek Street Southeast
[5863/16883] osm-w1415206079: Elmridge Drive Northwest
[5864/16883] osm-w1421072081: Brunsink Drive Northeast
[5865/16883] osm-w1422758242: Glenn Drive
[5866/16883] osm-w1431728767: Silver Acres Drive
[5867/16883] osm-w1432551145: Hidden Valley Road
[5868/16883] osm-w1433372166: 136th Avenue
[5869/16883] osm-w1434927076: Kalkaska ORV Trail & MCCCT
[5870/16883] osm-w1442429491: Plumbrooke Drive
[5871/16883] osm-w1442429496: Lahser Road
[5872/16883] osm-w1442743764: South West Bay Shore Drive
[5873/16883] osm-w1442743765: South West Bay Shore Drive
[5874/16883] osm-w1444034761: West Hazel Road
[5875/16883] osm-w1444533333: Washington Street
[5876/16883] osm-w1445364535: Gateway
[5877/16883] osm-w1448054637: Spring Valley Drive
[5878/16883] osm-w1448054639: County Road PB
[5879/16883] osm-w1448235174: East Arbutus Lake Road
[5880/16883] osm-w1451362291: Au Gres Avenue
[5881/16883] osm-w1451370444: Duffy Lane
[5882/16883] osm-w1454972828: Woods & Waters
[5883/16883] osm-w1454975773: I 96
[5884/16883] osm-w1454977159: Spartan Industrial Drive Southwest
[5885/16883] osm-w1455169315: Caledonia Charter Township, Kent County, Michigan, 49136, Un
[5886/16883] osm-w1455186758: Hoffmaster Street
[5887/16883] osm-w1455198113: Denso Road
[5888/16883] osm-w1455206738: Summer Ridge Boulevard
[5889/16883] osm-w1455235302: Research Drive
[5890/16883] osm-w1455547203: Camp Tannadoonah
[5891/16883] osm-w1455548354: State Highway 51
[5892/16883] osm-w1455554211: 47 1/2 Street
[5893/16883] osm-w1455835194: Kope-Kon Road
[5894/16883] osm-w1455835686: Forest Beach, New Buffalo Township, Berrien County, Michigan
[5895/16883] osm-w1455836572: Fire Lane 9
[5896/16883] osm-w1456278303: Bay Circle Drive
[5897/16883] osm-w1456339888: 148th Avenue
[5898/16883] osm-w1456346937: Porter Road
[5899/16883] osm-w1457159761: Schenk Street
[5900/16883] osm-w1457161733: North Pine Street
[5901/16883] osm-w1462008120: Pine Run Drive
[5902/16883] osm-w1462009621: South East Torch Lake Drive
[5903/16883] osm-w1462009741: Lower Terrace
[5904/16883] osm-w1462010126: Little Traverse Wheelway
[5905/16883] osm-w1462010759: Larbre Croche
[5906/16883] osm-w1462011696: Lakeside Drive North
[5907/16883] osm-w1462011809: Woodview Drive
[5908/16883] osm-w1469240698: Hazelwood Street
[5909/16883] osm-w1470138669: M 28;M 64
[5910/16883] osm-w1470140992: West Chocolay Street
[5911/16883] osm-w1470141047: Prospect Street
[5912/16883] osm-w1470141111: 5th Street
[5913/16883] osm-w1470141396: M 553
[5914/16883] osm-w1470141720: Purple Road
[5915/16883] osm-w1470141960: East Main Street
[5916/16883] osm-w1470142155: US 2
[5917/16883] osm-w1470142421: Houghteling Street
[5918/16883] osm-w1470143428: Samuel Street
[5919/16883] osm-w1470143918: County Road 426
[5920/16883] osm-w1471829588: Page Hill Road
[5921/16883] osm-w1471829923: Lake Park Drive
[5922/16883] osm-w1471830079: Mad Crow Road
[5923/16883] osm-w1471830990: Rivershore Drive
[5924/16883] osm-w1471831106: South Wabigama Drive
[5925/16883] osm-w1471831878: West Aero-Park Court
[5926/16883] osm-w1471832940: North Matheson Road
[5927/16883] osm-w1484648638: I 69;I 94
[5928/16883] osm-w1490211137: Earnest Way
[5929/16883] osm-w1508905893: Sunset Point
[5930/16883] osm-w1521968027: Mulligan's Hollow Rec Area
[5931/16883] osm-w1523805096: Alta Vista Place
[5932/16883] osm-w1524069568: San Lucia Drive Southeast
[5933/16883] osm-w1530890893: Buckhorn Road
[5934/16883] osm-w1531455333: Washtenaw Avenue
[5935/16883] osm-w1532965516: Sunset Road
[5936/16883] osm-w1547001819: Charlotte High School
[5937/16883] osm-w1551517392: Ravine Trail
[5938/16883] osm-w1553152293: Copper River Avenue Southwest
[5939/16883] osm-w24038700: US 10
[5940/16883] osm-w24052504: McKinley Street
[5941/16883] osm-w31057171: Lac Lavon Drive
[5942/16883] osm-w39187246: 18th Avenue East
[5943/16883] osm-w45749574: Orchard Road
[5944/16883] osm-w47233694: Primrose Lane
[5945/16883] osm-w48729144: Roth Place
[5946/16883] osm-w61299452: 10th Avenue West
[5947/16883] osm-w87765734: Larpenteur Avenue West
[5948/16883] osm-w99618645: Dell Road
[5949/16883] osm-w102754139: Randolph Avenue
[5950/16883] osm-w107298852: 46th Avenue North
[5951/16883] osm-w112392141: Nolan Drive
[5952/16883] osm-w126454286: County Road E East
[5953/16883] osm-w127986723: Cedar Ridge Road
[5954/16883] osm-w128822571: Cedar Pass
[5955/16883] osm-w128822573: Cedar Pass
[5956/16883] osm-w134861013: West Osceola Avenue
[5957/16883] osm-w138672020: 6th Avenue Southwest
[5958/16883] osm-w145076923: Union Street Northeast
[5959/16883] osm-w146326826: 9th Avenue Northwest
[5960/16883] osm-w148290726: 72nd Ave Way
[5961/16883] osm-w165753575: Diffley Road
[5962/16883] osm-w165799892: Mound Avenue
[5963/16883] osm-w181502914: 11th Street West
[5964/16883] osm-w190145059: Edina, Hennepin County, Minnesota, 55326, United States
[5965/16883] osm-w192811521: Circle West
[5966/16883] osm-w195240685: South Shore Boulevard
[5967/16883] osm-w195838689: Cass County, Minnesota, United States
[5968/16883] osm-w197811583: 209th Street North
[5969/16883] osm-w198806352: East Chestnut Street
[5970/16883] osm-w199755597: East Travelers Trail
[5971/16883] osm-w199828890: Pleasant Lane
[5972/16883] osm-w199878629: 142nd Street West
[5973/16883] osm-w199878630: Crosscroft Avenue
[5974/16883] osm-w200684758: 3rd Street Southeast
[5975/16883] osm-w200854988: George Ramseth Drive
[5976/16883] osm-w201355558: 2nd Avenue Southeast
[5977/16883] osm-w201694963: Burnsville, Dakota County, Minnesota, 55337, United States
[5978/16883] osm-w201764180: Palomino Drive
[5979/16883] osm-w204725562: Cottagewood Road
[5980/16883] osm-w208649808: 140th Street Northeast
[5981/16883] osm-w209291738: 3rd Street Northeast
[5982/16883] osm-w215649785: Minnesota Street
[5983/16883] osm-w216679585: 5th Street South
[5984/16883] osm-w217998177: Green River Road
[5985/16883] osm-w220131941: Greenbrier Road
[5986/16883] osm-w228618911: 6th Street Southeast
[5987/16883] osm-w229011047: Brooklyn Drive
[5988/16883] osm-w231958149: Shoreline Drive
[5989/16883] osm-w233758805: Gardena Avenue Northeast
[5990/16883] osm-w233922558: County Road 45
[5991/16883] osm-w238856378: Bellevue Drive
[5992/16883] osm-w239829447: South Fairview Drive
[5993/16883] osm-w240077430: 48th Avenue Northeast
[5994/16883] osm-w243506423: Northgate Road
[5995/16883] osm-w253347141: Plymouth Boulevard
[5996/16883] osm-w257376476: Crosstown Highway
[5997/16883] osm-w261148287: 47th Avenue Northeast
[5998/16883] osm-w273632262: 3rd Street
[5999/16883] osm-w273638788: Long Prairie, Todd County, Minnesota, 56347, United States
[6000/16883] osm-w276423474: Cottage Grove, Washington County, Minnesota, 55016, United S
[6001/16883] osm-w277417272: Manning Avenue North
[6002/16883] osm-w286789519: Kentwood Drive South
[6003/16883] osm-w294060047: Park Avenue Southeast
[6004/16883] osm-w294723497: West 2nd Avenue South
[6005/16883] osm-w296377710: Settlers Way
[6006/16883] osm-w297945776: Gitchi-Gami State Trail
[6007/16883] osm-w307249325: Goebel Street Southwest
[6008/16883] osm-w309355718: East 14th Street
[6009/16883] osm-w309355720: East 5th Street
[6010/16883] osm-w310447199: Central Street East
[6011/16883] osm-w312362733: New Prague, Scott County, Minnesota, 56071, United States
[6012/16883] osm-w323380205: Roosevelt Avenue
[6013/16883] osm-w323471608: Chickamauga Road
[6014/16883] osm-w323742886: Sauk Rapids, Benton County, Minnesota, 56379, United States
[6015/16883] osm-w332788843: Parkview Road Southwest
[6016/16883] osm-w333188851: 18th Street Northeast
[6017/16883] osm-w337915978: 3rd Street Northeast
[6018/16883] osm-w339061777: Belmont Road
[6019/16883] osm-w341957359: Crestview Circle
[6020/16883] osm-w342384269: Maple Lane
[6021/16883] osm-w342881263: Kingsway Drive
[6022/16883] osm-w343129127: Lincoln Drive
[6023/16883] osm-w345154911: Lowell Street Northwest
[6024/16883] osm-w346423205: Mishawaka Road
[6025/16883] osm-w347954208: Park Drive
[6026/16883] osm-w347965842: Northwest 9th Street Northwest
[6027/16883] osm-w349371476: Northeast 8th Avenue
[6028/16883] osm-w355529537: Loring Park, Central, Minneapolis, Hennepin County, Minnesot
[6029/16883] osm-w356150584: Tiger Blvd
[6030/16883] osm-w364599292: 171st Avenue Northeast
[6031/16883] osm-w369691624: Beede Avenue
[6032/16883] osm-w371543076: East Range Multi-Use Trail
[6033/16883] osm-w371611507: East Range Multi-Use Trail
[6034/16883] osm-w373853029: 10th Avenue North
[6035/16883] osm-w374035152: Gitchi-Gami State Trail
[6036/16883] osm-w377569074: Myrtle Avenue North
[6037/16883] osm-w380323666: Oswald Avenue
[6038/16883] osm-w402900568: Barry Avenue North
[6039/16883] osm-w419512450: I 494
[6040/16883] osm-w420657682: West Broadway Street
[6041/16883] osm-w438012626: Dogwood Lane
[6042/16883] osm-w443693761: Oak Street
[6043/16883] osm-w444830133: Pleasant Avenue
[6044/16883] osm-w444830137: Nicollet Avenue
[6045/16883] osm-w447126846: Cuneen Court
[6046/16883] osm-w454387401: Madison Street
[6047/16883] osm-w460121165: West Gilman Street
[6048/16883] osm-w460258499: East Mulberry Street
[6049/16883] osm-w460438777: 50th Street Northeast
[6050/16883] osm-w468923469: Temperance Lake Road
[6051/16883] osm-w477208045: Wayzata Boulevard
[6052/16883] osm-w491690743: MN 70
[6053/16883] osm-w502989132: North Adolphus Street
[6054/16883] osm-w507374667: Willow Creek
[6055/16883] osm-w511797658: Maplewood, Ramsey County, Minnesota, 55128, United States
[6056/16883] osm-w516917718: West Oak Street
[6057/16883] osm-w527395108: 2nd Avenue Southeast
[6058/16883] osm-w531120407: Boulder Pointe Road
[6059/16883] osm-w532794007: South Shore Drive
[6060/16883] osm-w560604675: Marigold Circle
[6061/16883] osm-w560604697: Dahlia Circle
[6062/16883] osm-w560804392: 15th Street Northeast
[6063/16883] osm-w574194313: Circle Drive
[6064/16883] osm-w581678478: Pelican Trail
[6065/16883] osm-w581681072: Pelican Trail
[6066/16883] osm-w583729927: Birch Avenue
[6067/16883] osm-w583750941: North Shore Drive
[6068/16883] osm-w584028924: Bovey, Itasca County, Minnesota, 55722, United States
[6069/16883] osm-w584964413: Scott Street
[6070/16883] osm-w585763360: 4th Street
[6071/16883] osm-w587327382: East Reuss Avenue
[6072/16883] osm-w589005065: Bavaria Road
[6073/16883] osm-w589689646: 149th Avenue Northwest
[6074/16883] osm-w590549866: Evergreen Avenue
[6075/16883] osm-w592471985: West State Street
[6076/16883] osm-w592832606: Glenwood, Pope County, Minnesota, United States
[6077/16883] osm-w603208652: 80th Street South
[6078/16883] osm-w604674870: Winnebago Avenue
[6079/16883] osm-w606473088: Birchmont Drive Northeast
[6080/16883] osm-w606473097: Birchmont Drive Northeast
[6081/16883] osm-w608927292: Barrie Road
[6082/16883] osm-w617747681: North 1st Street
[6083/16883] osm-w620743658: Cove Drive
[6084/16883] osm-w624423007: 11th Street Southeast
[6085/16883] osm-w624697502: Penn Street
[6086/16883] osm-w624716175: 4th Avenue
[6087/16883] osm-w625046189: 1st Avenue South
[6088/16883] osm-w625192230: Community Center Drive
[6089/16883] osm-w625722170: Alexandria, Douglas County, Minnesota, 56308, United States
[6090/16883] osm-w625791253: County Highway 50
[6091/16883] osm-w626008466: North Gilman Avenue
[6092/16883] osm-w626698384: Noble Avenue North
[6093/16883] osm-w627230429: Park Ridge Drive
[6094/16883] osm-w627334477: 16th Street East
[6095/16883] osm-w627390314: Montana Avenue
[6096/16883] osm-w627440929: Park Avenue
[6097/16883] osm-w627482401: Granite Falls, Yellow Medicine County, Minnesota, 56241, Uni
[6098/16883] osm-w630299577: Ander Road
[6099/16883] osm-w658327194: West 65th Street
[6100/16883] osm-w663638443: Chippewa Drive
[6101/16883] osm-w663638445: Birch Street
[6102/16883] osm-w663710123: Fernbrook Lane North
[6103/16883] osm-w671733179: 75th Street North
[6104/16883] osm-w672433420: Night Hawk Road
[6105/16883] osm-w687400709: East Grand Forks, Polk County, Minnesota, 56721, United Stat
[6106/16883] osm-w698998666: Leisure Circle
[6107/16883] osm-w699088024: Riverdale Drive Northwest
[6108/16883] osm-w702217017: Dupont Road South
[6109/16883] osm-w703421236: North Highway
[6110/16883] osm-w720903482: Boulder Bridge Drive
[6111/16883] osm-w729190325: 2nd Street
[6112/16883] osm-w730022872: 4th Street
[6113/16883] osm-w731983219: Highway 61
[6114/16883] osm-w745150448: Koochiching County, Minnesota, United States
[6115/16883] osm-w747193255: Chasewood Parkway
[6116/16883] osm-w759093919: Vernon Avenue
[6117/16883] osm-w759093924: Lincoln Drive
[6118/16883] osm-w759995514: 3rd Avenue
[6119/16883] osm-w763304651: Central Avenue North
[6120/16883] osm-w764244900: Highlander Drive
[6121/16883] osm-w765560847: Blaine, Anoka County, Minnesota, 55434, United States
[6122/16883] osm-w767665496: Boulder Pointe Road
[6123/16883] osm-w772015708: Sunnyfield Road East
[6124/16883] osm-w772660586: Rebecca Park Trail
[6125/16883] osm-w773555982: Bradley Boulevard
[6126/16883] osm-w777507876: Pennsylvania Road South
[6127/16883] osm-w779972954: Delaney Boulevard
[6128/16883] osm-w782251976: West 82nd Street
[6129/16883] osm-w782481181: North Shore Drive
[6130/16883] osm-w793353195: Forest Hill Road
[6131/16883] osm-w793353202: Mariann Drive
[6132/16883] osm-w797578818: Valley Road
[6133/16883] osm-w798879928: Preston Place
[6134/16883] osm-w803474104: County Road 134
[6135/16883] osm-w807275327: Minnesota River Bluffs LRT Regional Trail
[6136/16883] osm-w808840847: Pioneer Trail
[6137/16883] osm-w823188351: East 50th Street
[6138/16883] osm-w824255395: Memory Lane
[6139/16883] osm-w824374355: Trotters Path
[6140/16883] osm-w824719602: Riverview Road
[6141/16883] osm-w829309092: Caribou Trail
[6142/16883] osm-w835930452: Riverview Road
[6143/16883] osm-w839128579: MN 61
[6144/16883] osm-w845434240: Cramer Road
[6145/16883] osm-w847216153: 1st Avenue Northwest
[6146/16883] osm-w854025092: Bello Drive
[6147/16883] osm-w854135382: Paiute Pass
[6148/16883] osm-w854782210: Buffalo High School Path
[6149/16883] osm-w855220819: Indian Hills Pass
[6150/16883] osm-w855226088: Navaho Trail
[6151/16883] osm-w855435783: Green Trail
[6152/16883] osm-w860733743: Tupa Drive
[6153/16883] osm-w860890264: Mniowe Trail
[6154/16883] osm-w864796047: Fernberg Road
[6155/16883] osm-w868884248: Hawk Circle Drive
[6156/16883] osm-w869776194: Northdale Boulevard Northwest
[6157/16883] osm-w879345175: Westridge Boulevard
[6158/16883] osm-w881163667: Sakatah Lake Road
[6159/16883] osm-w884565121: Cook Street
[6160/16883] osm-w885610812: 11th Avenue South
[6161/16883] osm-w885686442: Oakland Avenue East
[6162/16883] osm-w895004141: Field Way
[6163/16883] osm-w899659435: Parkwood Road
[6164/16883] osm-w902056214: Fox Meadow Lane
[6165/16883] osm-w902434162: Dundee Road
[6166/16883] osm-w905116090: Skyline Drive
[6167/16883] osm-w906972269: Hemlock Street East
[6168/16883] osm-w907462013: Interlachen Boulevard
[6169/16883] osm-w907462023: Paddock Road
[6170/16883] osm-w918012431: Elinor Street
[6171/16883] osm-w918412678: Hodgson Road
[6172/16883] osm-w921405069: Stony Bar Circle
[6173/16883] osm-w921423192: West Commerce Drive
[6174/16883] osm-w924523449: 32nd Street North
[6175/16883] osm-w924534170: Rich Road
[6176/16883] osm-w926277126: Beech Street West
[6177/16883] osm-w931477311: Birch Bay Drive Southwest
[6178/16883] osm-w931477316: East Gull Lake, Cass County, Minnesota, United States
[6179/16883] osm-w931477320: Pine Beach Peninsula
[6180/16883] osm-w946171658: 1st Street North
[6181/16883] osm-w947002664: Old 59 Road
[6182/16883] osm-w954333874: Sugar Maple Lane
[6183/16883] osm-w954466939: East River Trail
[6184/16883] osm-w955083874: 3rd Avenue
[6185/16883] osm-w955171113: 22nd Street South
[6186/16883] osm-w963017020: Bunchberry Lane Northeast
[6187/16883] osm-w969916767: Clark Gable Road
[6188/16883] osm-w970451245: Detroit Lakes, Becker County, Minnesota, 56511, United State
[6189/16883] osm-w973137787: Fayal Township
[6190/16883] osm-w974169558: 4th Avenue South
[6191/16883] osm-w977940157: Proctor Road Northwest
[6192/16883] osm-w984806193: Eugene Street
[6193/16883] osm-w991055353: 156th Lane Northwest
[6194/16883] osm-w997953766: West Fish Lake Road
[6195/16883] osm-w1001514707: 280th Street Southwest
[6196/16883] osm-w1001831067: Potassium Street Northwest
[6197/16883] osm-w1001881906: View O Iles Circle
[6198/16883] osm-w1002378377: 32nd Avenue North
[6199/16883] osm-w1014936225: School Road
[6200/16883] osm-w1016888112: Dogwood Road
[6201/16883] osm-w1024328247: 7th Avenue South
[6202/16883] osm-w1028412356: 126th Lane Northwest
[6203/16883] osm-w1051409516: 15th Street South
[6204/16883] osm-w1052894492: Independence Avenue South
[6205/16883] osm-w1078007991: Star Island South Shore Path
[6206/16883] osm-w1084401251: 227th Avenue Northeast
[6207/16883] osm-w1087621631: 13th Street
[6208/16883] osm-w1105075242: Lake Avenue
[6209/16883] osm-w1111876984: Harriet Avenue
[6210/16883] osm-w1123656478: Wyldewood Drive
[6211/16883] osm-w1141547076: County Road 77
[6212/16883] osm-w1145013327: Meadow Lane North
[6213/16883] osm-w1177037626: 2nd Avenue Northeast
[6214/16883] osm-w1179638131: Howard Gnesen Road
[6215/16883] osm-w1181817021: Hopp Street
[6216/16883] osm-w1182326193: Buffalo Avenue North
[6217/16883] osm-w1194317144: Campground Entrance  Couillard Lane
[6218/16883] osm-w1197718783: Starview Lane
[6219/16883] osm-w1207929892: 8th Avenue North
[6220/16883] osm-w1215901453: 7th Street Southwest
[6221/16883] osm-w1216158550: Mission Road
[6222/16883] osm-w1221128010: Minnesota Avenue
[6223/16883] osm-w1221188359: Territorial Road
[6224/16883] osm-w1221188406: Hillside Lane West
[6225/16883] osm-w1221210117: South Grove Avenue
[6226/16883] osm-w1221406663: East 4th Street
[6227/16883] osm-w1221589877: Hoffman Road
[6228/16883] osm-w1221597506: Meander Road
[6229/16883] osm-w1221598594: Johnsville, Blaine, Anoka County, Minnesota, 55434, United S
[6230/16883] osm-w1221598928: East Minnesota Avenue
[6231/16883] osm-w1223119460: West Queen Street
[6232/16883] osm-w1223119462: Rush Street
[6233/16883] osm-w1223295723: 2nd Avenue South
[6234/16883] osm-w1226253702: Peony Lane North
[6235/16883] osm-w1229999988: 314th Street
[6236/16883] osm-w1231778606: North 3rd Street
[6237/16883] osm-w1231788286: Vermilion Boulevard East
[6238/16883] osm-w1244771510: Mill Street
[6239/16883] osm-w1245898948: West 99th Street
[6240/16883] osm-w1246711223: Hyland Courts Drive
[6241/16883] osm-w1246711238: Hyland Greens Drive
[6242/16883] osm-w1249796516: West 93rd Street
[6243/16883] osm-w1252998752: Bloomington, Hennepin County, Minnesota, 55437, United State
[6244/16883] osm-w1258459354: Flintwood Lane
[6245/16883] osm-w1262660922: Barton Avenue Northwest
[6246/16883] osm-w1263556150: West 96th Street
[6247/16883] osm-w1263570798: 40th Avenue
[6248/16883] osm-w1265011424: 4th Avenue South
[6249/16883] osm-w1266640628: Willow Beach Street Southwest
[6250/16883] osm-w1267836884: County Road 42 East
[6251/16883] osm-w1278041948: Oxford Mill Road
[6252/16883] osm-w1279741068: Howard Lake Road
[6253/16883] osm-w1285359575: Crystal Springs Road
[6254/16883] osm-w1285359601: Moose Point Road
[6255/16883] osm-w1285359614: Pokegama Commons
[6256/16883] osm-w1290773216: Jackson Street East
[6257/16883] osm-w1291134009: Eagle Creek Avenue Northeast
[6258/16883] osm-w1292695864: Staples, Oak Park Heights, Washington County, Minnesota, 550
[6259/16883] osm-w1293480260: Jordan Drive
[6260/16883] osm-w1293480402: Dee Street
[6261/16883] osm-w1293482592: 83rd Street Northwest
[6262/16883] osm-w1293483396: Daggett Pine Road
[6263/16883] osm-w1293561259: Squaw Point Loop
[6264/16883] osm-w1293731759: Longacres Drive
[6265/16883] osm-w1293733768: Greenbrier Road
[6266/16883] osm-w1293733770: Cedar Lake Road
[6267/16883] osm-w1293735731: Windsor Court
[6268/16883] osm-w1293736401: Arden View Drive
[6269/16883] osm-w1293946369: North Steamboat Lake Drive Northwest
[6270/16883] osm-w1293957475: 5th Avenue Northeast
[6271/16883] osm-w1293959977: North 1st Street
[6272/16883] osm-w1293962230: West McKinley Avenue
[6273/16883] osm-w1293964410: MN 5
[6274/16883] osm-w1293981034: Auburn Street Northwest
[6275/16883] osm-w1293985028: East 7th Street
[6276/16883] osm-w1293990853: Ferris Lane
[6277/16883] osm-w1293992767: Recreation Drive
[6278/16883] osm-w1295485913: Circle Heights Drive
[6279/16883] osm-w1295486731: Walnut Street
[6280/16883] osm-w1295486942: Center Street West
[6281/16883] osm-w1295488475: 4th Avenue Southwest
[6282/16883] osm-w1295489915: Endwood Trail
[6283/16883] osm-w1295490432: Common Street
[6284/16883] osm-w1295781300: East 1st Street South
[6285/16883] osm-w1295781514: 3rd Street Southeast
[6286/16883] osm-w1295786356: County Highway 1
[6287/16883] osm-w1295788311: Menage Avenue
[6288/16883] osm-w1295794600: 1st Street East
[6289/16883] osm-w1295797657: 210th Avenue
[6290/16883] osm-w1296221287: Ruth Street
[6291/16883] osm-w1296221768: Prinsburg Avenue
[6292/16883] osm-w1296234680: 2nd Street South
[6293/16883] osm-w1296243377: 5th Street Southwest
[6294/16883] osm-w1296493081: Irene Avenue
[6295/16883] osm-w1296511917: 242nd Lane Northeast
[6296/16883] osm-w1296526522: Moland Avenue North
[6297/16883] osm-w1296526813: Elk Street Northwest
[6298/16883] osm-w1296528397: Hill Avenue
[6299/16883] osm-w1296529804: 2nd Street
[6300/16883] osm-w1296661656: Highway 1
[6301/16883] osm-w1296664671: Bygland Road Southeast
[6302/16883] osm-w1296667981: Lincoln Avenue Northwest
[6303/16883] osm-w1296670067: 152nd Street Northwest
[6304/16883] osm-w1296671002: Endres Trail Northeast
[6305/16883] osm-w1296672989: South Avenue
[6306/16883] osm-w1296673216: Fern Avenue
[6307/16883] osm-w1296674733: 1st Street
[6308/16883] osm-w1296682308: Mesabi Trail - Eveleth Veterans Park Spur
[6309/16883] osm-w1297735458: 5th Avenue
[6310/16883] osm-w1297736556: County Road 77
[6311/16883] osm-w1297737196: Paul Bunyan Trail
[6312/16883] osm-w1297784248: Summehill Drive
[6313/16883] osm-w1297784881: Powers Rd 18
[6314/16883] osm-w1297785637: 3rd Street East
[6315/16883] osm-w1297788223: 2nd Street Southeast
[6316/16883] osm-w1297788990: 7th Street
[6317/16883] osm-w1297789723: 6th Street East
[6318/16883] osm-w1298151196: 2nd Street Northeast
[6319/16883] osm-w1298153235: Nature Road
[6320/16883] osm-w1298157912: 29th Avenue North
[6321/16883] osm-w1298237240: 79th Avenue Northeast
[6322/16883] osm-w1299843798: Eli Road
[6323/16883] osm-w1299849397: North Hazel Street
[6324/16883] osm-w1299854869: Mackubin Street
[6325/16883] osm-w1300051211: Lake Street Northeast
[6326/16883] osm-w1300063936: Timber Lake Drive
[6327/16883] osm-w1300636594: Judicial Road
[6328/16883] osm-w1300705255: 127th Street West
[6329/16883] osm-w1300716675: Birnamwood Drive
[6330/16883] osm-w1303486411: Portside Court Northwest
[6331/16883] osm-w1312157264: Clear Spring Drive
[6332/16883] osm-w1314651470: Deerwood Lane
[6333/16883] osm-w1315376080: North Hill Court
[6334/16883] osm-w1333165019: Deer Hills Drive
[6335/16883] osm-w1333196416: Zircon Lane North
[6336/16883] osm-w1339109568: 41st Avenue North
[6337/16883] osm-w1348312502: Hamline Avenue North
[6338/16883] osm-w1351260132: Itasca Avenue South
[6339/16883] osm-w1361307509: Park Avenue South
[6340/16883] osm-w1368810020: Craguns Drive
[6341/16883] osm-w1375895903: 3rd Street South
[6342/16883] osm-w1377085937: Parklawn Avenue
[6343/16883] osm-w1385113038: Surfside Drive
[6344/16883] osm-w1396723169: 20th Street Southeast
[6345/16883] osm-w1412636516: South Hill Street
[6346/16883] osm-w1413180611: Hillcrest Avenue
[6347/16883] osm-w1418458242: Cass County, Minnesota, 56484, United States
[6348/16883] osm-w1423087774: North Kennard Street
[6349/16883] osm-w1442467873: Minnesota State Highway 78
[6350/16883] osm-w1446788980: MN 40
[6351/16883] osm-w1449709040: Quint Avenue North
[6352/16883] osm-w1449709077: Quinnell Avenue North
[6353/16883] osm-w1449798346: 197th Street North
[6354/16883] osm-w1449798369: 197th Street North
[6355/16883] osm-w1449876664: Parkview Avenue North
[6356/16883] osm-w1449876700: Oakhill Road North
[6357/16883] osm-w1455242645: County Road 60 Northwest
[6358/16883] osm-w1456615076: 202nd Street North
[6359/16883] osm-w1456617537: Unity Avenue
[6360/16883] osm-w1456806069: Scandia, Washington County, Minnesota, 55073, United States
[6361/16883] osm-w1462857368: South Pelican Drive
[6362/16883] osm-w1464995164: West Milkiway Avenue
[6363/16883] osm-w1465664243: North Cleveland Avenue
[6364/16883] osm-w1469242668: Beasley Avenue
[6365/16883] osm-w1470129311: 4th Street Northeast
[6366/16883] osm-w1470129739: Humboldt Avenue North
[6367/16883] osm-w1471446303: Bryant Avenue North
[6368/16883] osm-w1473937081: University Avenue Northeast
[6369/16883] osm-w1474041403: Black Duck Drive
[6370/16883] osm-w1476270070: 119th Lane Northwest
[6371/16883] osm-w1479420352: Bent Tree Road
[6372/16883] osm-w1483068471: West Shore Drive
[6373/16883] osm-w1483469834: West Eagle Lake Drive
[6374/16883] osm-w1485569019: 5th Avenue
[6375/16883] osm-w1487721145: Franklin Avenue West
[6376/16883] osm-w1487721230: Garden Drive
[6377/16883] osm-w1488951081: MN 61
[6378/16883] osm-w1489934422: McDonald Drive North
[6379/16883] osm-w1490884173: East County Road
[6380/16883] osm-w1499467953: West Maine Street
[6381/16883] osm-w1512534419: Pelican Lake Road
[6382/16883] osm-w1517237506: Senns Beach Road
[6383/16883] osm-w1517241902: Church Road
[6384/16883] osm-w1517802232: Dupont Avenue North
[6385/16883] osm-w1526820959: County Road 3
[6386/16883] osm-w1526879829: Maple Drive
[6387/16883] osm-w1534489244: River Road
[6388/16883] osm-w1535304897: Plainview Street
[6389/16883] osm-w1545171734: Walden Way
[6390/16883] osm-w1545920858: North Main Street
[6391/16883] osm-w1547058309: County Highway 46
[6392/16883] osm-w1552183512: Sibley Memorial Highway
[6393/16883] osm-w51068021: North Hickory Street
[6394/16883] osm-w117597742: Hanes Drive
[6395/16883] osm-w134103455: Kent Drive
[6396/16883] osm-w134105814: Mansfield, Wright County, Missouri, 65704, United States
[6397/16883] osm-w134901272: East Olden Street
[6398/16883] osm-w233541020: Muegge Road
[6399/16883] osm-w236135095: Memorial Drive
[6400/16883] osm-w238670958: Penrose Street
[6401/16883] osm-w245002734: Marriott Lane
[6402/16883] osm-w245729333: MO D
[6403/16883] osm-w246283009: Belleau Creek Road
[6404/16883] osm-w246749665: Newbury Crossing
[6405/16883] osm-w263262201: Lake Shore Drive
[6406/16883] osm-w263782773: Treasure Lake Road
[6407/16883] osm-w264074733: Merion Circle
[6408/16883] osm-w265138758: South Farm Road 141
[6409/16883] osm-w266478293: Republic, Greene County, Missouri, 65738, United States
[6410/16883] osm-w267427768: Coy Boulevard
[6411/16883] osm-w269764141: North Cresthaven Avenue
[6412/16883] osm-w281809511: Northwest Vivion Road
[6413/16883] osm-w284077497: Kansas City, Platte County, Missouri, 64153, United States
[6414/16883] osm-w301738683: Jasper County, Missouri, 64830, United States
[6415/16883] osm-w314375335: January Avenue
[6416/16883] osm-w325458623: Mystic Cove
[6417/16883] osm-w330460641: Hazelwood, Saint Louis County, Missouri, 63031, United State
[6418/16883] osm-w331014140: Swingley Ridge Road
[6419/16883] osm-w331955775: Wildhorse Parkway Drive
[6420/16883] osm-w358273319: Northwest 87th Terrace
[6421/16883] osm-w358462436: Tennis Lane
[6422/16883] osm-w364229001: Barry County, Missouri, 65658, United States
[6423/16883] osm-w364229003: Barry County, Missouri, 65747, United States
[6424/16883] osm-w364606061: East Plaza Drive
[6425/16883] osm-w364633159: East Main Street
[6426/16883] osm-w364768221: North Walnut Street
[6427/16883] osm-w364937179: North Ingram Road
[6428/16883] osm-w366595431: Northwest 82nd Street
[6429/16883] osm-w374472412: West Jackson Street
[6430/16883] osm-w375591764: West Kirkpatrick Street
[6431/16883] osm-w375969721: East 147th Street
[6432/16883] osm-w376594508: Fitzgerald Avenue
[6433/16883] osm-w376989761: Gulf Street
[6434/16883] osm-w377406718: Manitou Street
[6435/16883] osm-w385510043: Oak Street
[6436/16883] osm-w386240537: South Home Street
[6437/16883] osm-w386240540: Palmyra Road
[6438/16883] osm-w386481707: Pike County, Missouri, United States
[6439/16883] osm-w387463457: Turkey North Drive
[6440/16883] osm-w387558269: Skyline Drive South
[6441/16883] osm-w389489811: 1st Street
[6442/16883] osm-w389634889: Old State Road
[6443/16883] osm-w393489501: Tinian
[6444/16883] osm-w394978151: East Corrine
[6445/16883] osm-w397185480: West Park Drive
[6446/16883] osm-w397523763: City Park Road
[6447/16883] osm-w398637475: Legion Circle
[6448/16883] osm-w398994577: Westfield Park
[6449/16883] osm-w399099642: Northfield Court
[6450/16883] osm-w399559874: Homecrest Street
[6451/16883] osm-w406609965: North Duchesne Drive
[6452/16883] osm-w422126804: MO 163
[6453/16883] osm-w436624317: Broadway Street
[6454/16883] osm-w436690711: Rolla, Phelps County, Missouri, 65402, United States
[6455/16883] osm-w446415817: Brickline Greenway
[6456/16883] osm-w450313994: Norwood Drive
[6457/16883] osm-w477770332: North Heady Avenue
[6458/16883] osm-w479336861: Meadowside Drive
[6459/16883] osm-w490748855: South Lake Shore Drive
[6460/16883] osm-w494913659: Bluebird Court
[6461/16883] osm-w500208299: Northwest Rust Court
[6462/16883] osm-w503735236: Belleview Avenue
[6463/16883] osm-w513781720: MO 92
[6464/16883] osm-w515382253: Lake Valley Lane
[6465/16883] osm-w515954464: North Mount Auburn Road
[6466/16883] osm-w530094108: I 270
[6467/16883] osm-w545058921: Dogwood Circle
[6468/16883] osm-w551565786: Autumn Leaf Drive
[6469/16883] osm-w556027107: Mill Street
[6470/16883] osm-w573362595: Kansas City, Clay County, Missouri, 64158, United States
[6471/16883] osm-w576048211: Piedmont, Wayne County, Missouri, 63957, United States
[6472/16883] osm-w583048223: East Newton Street
[6473/16883] osm-w584486985: Hinkson Trail
[6474/16883] osm-w607907200: MO 128
[6475/16883] osm-w608198352: Serve Court
[6476/16883] osm-w621646156: Forest Park Parkway
[6477/16883] osm-w629160008: T. E. Huntley Avenue
[6478/16883] osm-w634420843: Pine Wood Forest
[6479/16883] osm-w634420844: Sunset Ridge Lane
[6480/16883] osm-w650543027: Manchester Road
[6481/16883] osm-w678829918: Corporal M.E. Webster Memorial Parkway
[6482/16883] osm-w678946898: Peach Avenue
[6483/16883] osm-w713773577: Dogwood Trail
[6484/16883] osm-w730261542: South Rollins Street
[6485/16883] osm-w763264713: Horizon Village Drive
[6486/16883] osm-w764129224: North Ward Street
[6487/16883] osm-w775787994: McBride Pointe Drive
[6488/16883] osm-w810024533: Northwest South Shore Drive
[6489/16883] osm-w838283335: Sheffield Way
[6490/16883] osm-w839124820: E Street
[6491/16883] osm-w844056947: North Gower Avenue
[6492/16883] osm-w845504396: Northwest 79th Terrace
[6493/16883] osm-w845504399: North Hickory Street
[6494/16883] osm-w856086463: Northwest Crooked Road
[6495/16883] osm-w862992360: Platte City, Platte County, Missouri, 64079, United States
[6496/16883] osm-w903627351: East 34th Street
[6497/16883] osm-w908852770: North Howell Avenue
[6498/16883] osm-w921330515: South Short Line Drive
[6499/16883] osm-w923099962: Hawk Island Drive
[6500/16883] osm-w944008369: MO 21;MO 47
[6501/16883] osm-w961018249: Fernridge, Creve Coeur, Saint Louis County, Missouri, 63141,
[6502/16883] osm-w996457387: Lake Drive
[6503/16883] osm-w997608788: Prairie Avenue
[6504/16883] osm-w1033160324: Valley Ridge Drive
[6505/16883] osm-w1055819484: West Diane Street
[6506/16883] osm-w1055840151: North Smallin Road
[6507/16883] osm-w1059056531: West Farm Road 186
[6508/16883] osm-w1067242615: Baywood Villages Drive
[6509/16883] osm-w1076202967: East State Street
[6510/16883] osm-w1085758094: Caruthers Avenue
[6511/16883] osm-w1147117711: Cambridge Lane
[6512/16883] osm-w1189405534: Crown Center, Downtown Kansas City, Kansas City, Jackson Cou
[6513/16883] osm-w1192669455: Innsbrook Drive
[6514/16883] osm-w1194896197: Ward Parkway
[6515/16883] osm-w1194910338: Walnut Ridge Drive
[6516/16883] osm-w1202866638: Guelbreth Lane
[6517/16883] osm-w1206491369: Clayton Road
[6518/16883] osm-w1207299550: West Park Place Drive
[6519/16883] osm-w1207835244: Papin, Plattin Township, Jefferson County, Missouri, United 
[6520/16883] osm-w1214394322: West Fannetta Street
[6521/16883] osm-w1216906641: Sapsucker Road
[6522/16883] osm-w1221219725: Selma Castile Road
[6523/16883] osm-w1226653080: Ozark County, Missouri, United States
[6524/16883] osm-w1231376564: West 15th Street
[6525/16883] osm-w1254246771: MO T
[6526/16883] osm-w1269161523: Gainesville, Ozark County, Missouri, 65655, United States
[6527/16883] osm-w1285526983: Old Alton Thayer
[6528/16883] osm-w1289390437: County Road 250
[6529/16883] osm-w1293471941: Gerald, Franklin County, Missouri, 66037, United States
[6530/16883] osm-w1298534315: Oak Lake Trail
[6531/16883] osm-w1314280542: Autumn Trace Parkway
[6532/16883] osm-w1318075892: Swifts Highway
[6533/16883] osm-w1324164553: Lake Dogwood Lane
[6534/16883] osm-w1326227961: Crystal Ridge Drive
[6535/16883] osm-w1328157407: Walnut Drive
[6536/16883] osm-w1333224465: Bacardi Lane
[6537/16883] osm-w1333224791: Cantina Drive
[6538/16883] osm-w1333224968: Remington Boulevard
[6539/16883] osm-w1333225019: Saint Charles, Saint Charles County, Missouri, 63201, United
[6540/16883] osm-w1333415583: Jefferson City, Cole County, Missouri, 65102, United States
[6541/16883] osm-w1349694442: West Bryant Street
[6542/16883] osm-w1354039024: Normal Street
[6543/16883] osm-w1355350951: East 36th Street
[6544/16883] osm-w1355697974: Reynolds County, Missouri, 63654, United States
[6545/16883] osm-w1359902081: East Gans Road
[6546/16883] osm-w1364575708: C Street
[6547/16883] osm-w1374560211: Camp Sabra Road
[6548/16883] osm-w1377597452: Westglen Farms Drive
[6549/16883] osm-w1389210161: Robyn Road
[6550/16883] osm-w1389210388: South Delaware Avenue
[6551/16883] osm-w1389917951: East Bishop Street
[6552/16883] osm-w1391435952: Progress Parkway
[6553/16883] osm-w1416974069: North Owen Road
[6554/16883] osm-w1420046226: Westbrooke Village Drive
[6555/16883] osm-w1422756489: Southern Hills Drive
[6556/16883] osm-w1425507679: High Prairie, Town and Country, Saint Louis County, Missouri
[6557/16883] osm-w1427805635: MO 163
[6558/16883] osm-w1429854313: State Highway 265
[6559/16883] osm-w1432334431: MO CC
[6560/16883] osm-w1434376725: Greenway Bike Trail
[6561/16883] osm-w1434379410: Oakleaf Cove Court
[6562/16883] osm-w1434798209: North Main Street
[6563/16883] osm-w1435124390: Grant Road
[6564/16883] osm-w1443897929: MO BB
[6565/16883] osm-w1443897990: East Marvin Avenue
[6566/16883] osm-w1443898148: MO RA
[6567/16883] osm-w1443898209: West 2nd Street
[6568/16883] osm-w1444580779: Arrowhead Avenue
[6569/16883] osm-w1448320136: Glenmeade Drive
[6570/16883] osm-w1448320225: Connector Path
[6571/16883] osm-w1448459701: Charles Street
[6572/16883] osm-w1454241091: South Garden Street
[6573/16883] osm-w1455509264: Bertling Street
[6574/16883] osm-w1456031853: South Ingram Road
[6575/16883] osm-w1459578568: West Harper Street
[6576/16883] osm-w1459596403: MO 114
[6577/16883] osm-w1461936613: Great Oaks
[6578/16883] osm-w1462199252: Gratz-Brown Street
[6579/16883] osm-w1462199545: Noll Drive
[6580/16883] osm-w1462199700: South Broadway
[6581/16883] osm-w1462199771: Golden Aster Drive
[6582/16883] osm-w1462623424: Fox Lane
[6583/16883] osm-w1468074935: Hawkmount Circle
[6584/16883] osm-w1468075257: Forest Trace Drive
[6585/16883] osm-w1468075432: Oak Hill Cluster
[6586/16883] osm-w1468517704: Napoleon Drive
[6587/16883] osm-w1471499083: Maple Street
[6588/16883] osm-w1471499697: Park Place
[6589/16883] osm-w1471508107: Northeast 50th Court
[6590/16883] osm-w1471510375: Rosewood Drive
[6591/16883] osm-w1471510633: Northwest Potomac Avenue
[6592/16883] osm-w1472113232: Troon Drive
[6593/16883] osm-w1472113575: Lake Shore Drive
[6594/16883] osm-w1472126823: South Lewis Shaw Drive
[6595/16883] osm-w1472817434: The i'm Third Way
[6596/16883] osm-w1472817853: Holmes Road
[6597/16883] osm-w1472817948: East 5th Street
[6598/16883] osm-w1472819057: South Pemiscot Street
[6599/16883] osm-w1473988547: Memorial Drive
[6600/16883] osm-w1473989568: South Redman Avenue
[6601/16883] osm-w1474474557: South High Street
[6602/16883] osm-w1474481264: Jackson Street
[6603/16883] osm-w1474482646: School Road
[6604/16883] osm-w1474482923: Richland, Pulaski County, Missouri, 65556, United States
[6605/16883] osm-w1474483321: Villages Way
[6606/16883] osm-w1474851842: Maine Street
[6607/16883] osm-w1474852512: Deer Lick Street
[6608/16883] osm-w1474853864: Broadway
[6609/16883] osm-w1474900915: Cedars Valley Drive
[6610/16883] osm-w1474901123: Prospector Ridge Drive
[6611/16883] osm-w1474901642: Moorgate Drive
[6612/16883] osm-w1475050102: Theodosia, Ozark County, Missouri, 65676, United States
[6613/16883] osm-w1475098819: Blue Jay Way
[6614/16883] osm-w1475106932: Hazelwood, Saint Louis County, Missouri, 63042, United State
[6615/16883] osm-w1478698859: Oakville, Saint Louis County, Missouri, 63129, United States
[6616/16883] osm-w1482605223: Pibern Trail
[6617/16883] osm-w1484416273: West Crandall Street
[6618/16883] osm-w1489193132: 2nd Street
[6619/16883] osm-w1494491194: Ford Drive
[6620/16883] osm-w1510504868: County Road 459
[6621/16883] osm-w1510505004: Avenue D
[6622/16883] osm-w1510505928: Parnell Drive
[6623/16883] osm-w1510505995: Spring Creek Court
[6624/16883] osm-w1510506015: Fall Creek Trail
[6625/16883] osm-w1512535636: Northwest 82nd Street
[6626/16883] osm-w1512535913: South Keeney Street
[6627/16883] osm-w1512536002: Saint Pius Drive
[6628/16883] osm-w1521454968: Black Oak Drive
[6629/16883] osm-w1525853002: College Avenue
[6630/16883] osm-w1526459280: Mulligan Court
[6631/16883] osm-w1526658518: Sunrise Ridge Drive
[6632/16883] osm-w1526782522: Duckhead Road
[6633/16883] osm-w1536015762: Horseshoe Bend Road
[6634/16883] osm-w1536223505: Sailboat Drive
[6635/16883] osm-w1536223509: Arrowhead Estates Road
[6636/16883] osm-w1536260298: Hamrock Lane
[6637/16883] osm-w1536332528: Bridgepoint Drive
[6638/16883] osm-w1536351444: Trump Drive
[6639/16883] osm-w1536619896: Diamond Boulevard
[6640/16883] osm-w1536631120: Nichols Road
[6641/16883] osm-w1536631133: Alona Point
[6642/16883] osm-w1536631176: St Moritz Drive
[6643/16883] osm-w1537269833: Weston Point Drive
[6644/16883] osm-w1537278025: Baydy Peak Road
[6645/16883] osm-w1537278027: Camden County, Missouri, 65079, United States
[6646/16883] osm-w1538476393: Evergreen Condo Drive
[6647/16883] osm-w1539533466: Windsor Bay Drive
[6648/16883] osm-w1540115696: 5-92T
[6649/16883] osm-w1548974941: Bent Oak Ridge Drive
[6650/16883] osm-w1548995217: South Brushwood Lake Road
[6651/16883] osm-w1443470955: County Road 1409
[6652/16883] osm-w113616717: D'Iberville, Harrison County, Mississippi, 39540, United Sta
[6653/16883] osm-w129880504: North Biloxi, Biloxi, Harrison County, Mississippi, 39532, U
[6654/16883] osm-w191921282: Jolly Road
[6655/16883] osm-w204838474: West 29th Street
[6656/16883] osm-w247056388: Munn Avenue
[6657/16883] osm-w266395507: Holley Street
[6658/16883] osm-w282571255: Palestine Road
[6659/16883] osm-w284317019: Lake Forest Road
[6660/16883] osm-w304527195: West Parkway Drive
[6661/16883] osm-w306469406: Twisted Oak Drive
[6662/16883] osm-w343262266: Lynn Ray Road
[6663/16883] osm-w372704012: East Church Street
[6664/16883] osm-w440754497: Kirk Road
[6665/16883] osm-w485889623: South Park Avenue
[6666/16883] osm-w485899394: Mark Drive
[6667/16883] osm-w485933667: North Jackson Avenue
[6668/16883] osm-w486140618: Hinton Road
[6669/16883] osm-w486269727: Gordon Road
[6670/16883] osm-w486272540: Country Club Road
[6671/16883] osm-w486385466: Main Street
[6672/16883] osm-w486405690: Magnolia Lane
[6673/16883] osm-w486593962: Charlotte Street
[6674/16883] osm-w486674224: North Church Street
[6675/16883] osm-w486889126: Abbay Drive
[6676/16883] osm-w486898135: Myrtle Street
[6677/16883] osm-w486997808: Cabin Road
[6678/16883] osm-w487059667: South Main Street
[6679/16883] osm-w487422057: Oakwood Drive
[6680/16883] osm-w487430810: Hospital Street
[6681/16883] osm-w489158342: Buena Vista Street
[6682/16883] osm-w489158833: South Pascagoula, Pascagoula, Jackson County, Mississippi, 3
[6683/16883] osm-w491453541: Overbrook Drive
[6684/16883] osm-w496460872: Byram Parkway
[6685/16883] osm-w550765316: Southaven, DeSoto County, Mississippi, 38672, United States
[6686/16883] osm-w570549922: Anderson Road
[6687/16883] osm-w577566272: Meadows Drive
[6688/16883] osm-w585541109: Wilcox Boulevard
[6689/16883] osm-w617879951: South Clayton Street
[6690/16883] osm-w639819456: Bridgewater Crossing
[6691/16883] osm-w642982692: West Valley Avenue
[6692/16883] osm-w666001315: Redbud Court
[6693/16883] osm-w666228346: Henderson Street
[6694/16883] osm-w674075324: Rayford Allen Drive
[6695/16883] osm-w720413433: Whispering Oak
[6696/16883] osm-w720754022: Church Lake Drive
[6697/16883] osm-w772064380: Hall Road
[6698/16883] osm-w782684844: Commerce Parkway
[6699/16883] osm-w787665518: East Mc Cormick Drive
[6700/16883] osm-w831072387: Oak Pointe Lane
[6701/16883] osm-w869782403: Oak Grove Cove
[6702/16883] osm-w876170494: County Road 380
[6703/16883] osm-w919748253: Country Club Drive
[6704/16883] osm-w921448083: North Union Street
[6705/16883] osm-w941671077: Bellevue Drive
[6706/16883] osm-w998551988: West 5th Avenue
[6707/16883] osm-w1056491253: MS 12
[6708/16883] osm-w1064685221: North Hills Street
[6709/16883] osm-w1064691006: 39th Street
[6710/16883] osm-w1064957709: 4th Place
[6711/16883] osm-w1066879655: Richard May Memorial Drive
[6712/16883] osm-w1068354527: Driftwood Drive
[6713/16883] osm-w1073202737: Springlake Drive
[6714/16883] osm-w1079135216: County Road 2424
[6715/16883] osm-w1081278450: Pinecrest Circle
[6716/16883] osm-w1081631307: Ellard Street
[6717/16883] osm-w1084089590: Oakwood Drive
[6718/16883] osm-w1084402374: North Polk Street
[6719/16883] osm-w1084408998: Legion Lake Road
[6720/16883] osm-w1084449853: County Road 35
[6721/16883] osm-w1091759833: Highway 18
[6722/16883] osm-w1091768213: MS 13
[6723/16883] osm-w1093470675: Airport Road
[6724/16883] osm-w1101400693: Austin Road
[6725/16883] osm-w1110558867: Faisonia Avenue
[6726/16883] osm-w1123817327: Dutch Parker Road
[6727/16883] osm-w1126697924: Prichard Road
[6728/16883] osm-w1159907504: Catching Road
[6729/16883] osm-w1162115781: Ruben Circle
[6730/16883] osm-w1165509148: Keele Street
[6731/16883] osm-w1167718015: Southlake Avenue
[6732/16883] osm-w1172644148: Verner Road
[6733/16883] osm-w1173344370: Camp Grounds Road
[6734/16883] osm-w1184564134: East Main Street
[6735/16883] osm-w1185853446: School Street
[6736/16883] osm-w1218256612: Matthews Drive
[6737/16883] osm-w1218257191: Senatobia, Tate County, Mississippi, 38668, United States
[6738/16883] osm-w1231112111: Weeks Street
[6739/16883] osm-w1240783087: Bailey Woods Trail
[6740/16883] osm-w1248794060: Nail Road
[6741/16883] osm-w1250666560: Peabody Avenue
[6742/16883] osm-w1263576094: Applewood Street
[6743/16883] osm-w1263576284: East Cherry Street
[6744/16883] osm-w1264299669: West Commerce Street
[6745/16883] osm-w1285800943: USS Port Royal
[6746/16883] osm-w1293464980: East Oxford Street
[6747/16883] osm-w1293471526: Walls, DeSoto County, Mississippi, 38641, United States
[6748/16883] osm-w1295094084: Gale Drive
[6749/16883] osm-w1315287236: Main Street
[6750/16883] osm-w1321485739: Westover Drive
[6751/16883] osm-w1322141901: Anna Drive
[6752/16883] osm-w1322588751: Wilkinson County, Mississippi, United States
[6753/16883] osm-w1322588794: McDaniel Street
[6754/16883] osm-w1322736300: North Jordan Street
[6755/16883] osm-w1322736392: Industrial Circle
[6756/16883] osm-w1322736434: Neshoba County, Mississippi, United States
[6757/16883] osm-w1326228213: Belvedere Drive
[6758/16883] osm-w1329889313: Manhattan Road
[6759/16883] osm-w1329889365: Mayhew Street
[6760/16883] osm-w1329889433: Countryside Place
[6761/16883] osm-w1331259623: East 2nd Street
[6762/16883] osm-w1333417126: Natchez, Adams County, Mississippi, 39120, United States
[6763/16883] osm-w1333417163: Claiborne County, Mississippi, United States
[6764/16883] osm-w1333417207: McComb Avenue
[6765/16883] osm-w1333417504: Roan Ready Road
[6766/16883] osm-w1333417579: Larch Avenue
[6767/16883] osm-w1333417605: Saint Stephens Road
[6768/16883] osm-w1333417885: Perkins Street
[6769/16883] osm-w1333417971: Old Amy Road
[6770/16883] osm-w1333418046: Highway 18
[6771/16883] osm-w1333418163: Meadow Road
[6772/16883] osm-w1333418837: Oak Hill Circle
[6773/16883] osm-w1333418991: Leaside Street
[6774/16883] osm-w1333419309: Reserve Drive
[6775/16883] osm-w1333419369: Arrow Drive
[6776/16883] osm-w1333419575: US 82
[6777/16883] osm-w1333419683: MS 50
[6778/16883] osm-w1333419919: Wiygul Street
[6779/16883] osm-w1333420061: Mattox Road
[6780/16883] osm-w1333668780: Waveland Avenue
[6781/16883] osm-w1333668796: Holly Hills Road
[6782/16883] osm-w1333668834: Puckett Parkway
[6783/16883] osm-w1333669226: Old Taylor Road
[6784/16883] osm-w1335583129: Forrest County, Mississippi, 39407, United States
[6785/16883] osm-w1335602422: Forrest County, Mississippi, 39407, United States
[6786/16883] osm-w1353249204: Magnolia Drive
[6787/16883] osm-w1355435333: Woodhaven Drive
[6788/16883] osm-w1355505141: Hazlewood Circle
[6789/16883] osm-w1355505216: US 51
[6790/16883] osm-w1355507093: North Siwell Road
[6791/16883] osm-w1355509100: Magnolia Drive
[6792/16883] osm-w1356671879: East Moore Road
[6793/16883] osm-w1359714708: South of Fields
[6794/16883] osm-w1409548761: East Academy Street
[6795/16883] osm-w1412403782: Azalea Drive
[6796/16883] osm-w1416747995: County Road 561
[6797/16883] osm-w1416748396: Watkins Drive
[6798/16883] osm-w1416748588: Dart Place
[6799/16883] osm-w1416748835: Old Liberty Road
[6800/16883] osm-w1416972699: Hearington Drive
[6801/16883] osm-w1416973431: Crenshaw Cove
[6802/16883] osm-w1425283155: Main Street
[6803/16883] osm-w1425507629: Plow Street
[6804/16883] osm-w1425653371: Warpath Road
[6805/16883] osm-w1426379658: Patrick Drive
[6806/16883] osm-w1426379787: Booneville, Prentiss County, Mississippi, 38829, United Stat
[6807/16883] osm-w1426685794: Beverly Drive
[6808/16883] osm-w1428842614: Harmony Road
[6809/16883] osm-w1442423730: West North Street
[6810/16883] osm-w1442423875: Cedar Avenue
[6811/16883] osm-w1442429561: County Road 734
[6812/16883] osm-w1443470934: Irish Hill Drive
[6813/16883] osm-w1443952326: Hoffman Street
[6814/16883] osm-w1444266986: Island Estates Drive
[6815/16883] osm-w1444267065: Sherman Avenue
[6816/16883] osm-w1444267282: East 2nd Street
[6817/16883] osm-w1444267288: East 2nd Street
[6818/16883] osm-w1444267290: Courtenay Avenue
[6819/16883] osm-w1444267292: East 2nd Street
[6820/16883] osm-w1444267711: East Scenic Drive
[6821/16883] osm-w1444267713: East Scenic Drive
[6822/16883] osm-w1444268078: South Island View Avenue
[6823/16883] osm-w1444268107: Citadel Circle
[6824/16883] osm-w1444268387: Long Beach, Harrison County, Mississippi, 39560, United Stat
[6825/16883] osm-w1444268533: Gates Avenue
[6826/16883] osm-w1444268874: Nugent, Gulfport, Harrison County, Mississippi, 39503, Unite
[6827/16883] osm-w1444269123: Atkinson Road
[6828/16883] osm-w1444269246: Southern Avenue
[6829/16883] osm-w1444269394: Herman Ladner Road
[6830/16883] osm-w1444269517: Jacobs Avenue
[6831/16883] osm-w1444269695: Deer Creek Road
[6832/16883] osm-w1444270494: City Park
[6833/16883] osm-w1444270963: Thyer Drive
[6834/16883] osm-w1449265671: Broadwing Circle West
[6835/16883] osm-w1456533297: 3rd Avenue
[6836/16883] osm-w1462245269: East 3rd Street
[6837/16883] osm-w1462245326: Bass Clef Lane
[6838/16883] osm-w1462245618: West Barton Avenue
[6839/16883] osm-w1462245920: I 55
[6840/16883] osm-w1462246197: Rosemary Drive
[6841/16883] osm-w1462495810: US 98
[6842/16883] osm-w1462496325: Howze Street
[6843/16883] osm-w1472898041: Martin Luther King Drive
[6844/16883] osm-w1472898238: McDowell Road
[6845/16883] osm-w1472898327: Veterans Boulevard
[6846/16883] osm-w1472899748: Flynt Drive
[6847/16883] osm-w1472900767: Mimosa Drive
[6848/16883] osm-w1472900857: North Street
[6849/16883] osm-w1473733177: Diamondhead, Hancock County, Mississippi, 39525, United Stat
[6850/16883] osm-w1473927048: Old Woolmarket Road
[6851/16883] osm-w1473930998: Twin Bayou Drive
[6852/16883] osm-w1473931346: Ballpark Road
[6853/16883] osm-w1473933772: South Farm Road
[6854/16883] osm-w1474039118: MS 35
[6855/16883] osm-w1474237454: Golden Gate Avenue
[6856/16883] osm-w1487439602: Greenville, Washington County, Mississippi, 38704, United St
[6857/16883] osm-w1487439606: Cypress Lane
[6858/16883] osm-w1487439611: Briarwood Cove
[6859/16883] osm-w1487439612: Bell Cove
[6860/16883] osm-w1500822525: Chesterfield Drive South
[6861/16883] osm-w1500823018: Falcon Road
[6862/16883] osm-w1510506774: East Floyce Street
[6863/16883] osm-w1510506797: North Sycamore Street
[6864/16883] osm-w1513512800: Haven Acres, Lee County, Mississippi, 38803, United States
[6865/16883] osm-w1518633771: Colonial Lane
[6866/16883] osm-w1518634096: Anuaea Street
[6867/16883] osm-w1527715631: Snow Lake Drive
[6868/16883] osm-w1530381669: Wisconsin Avenue
[6869/16883] osm-w1530383137: Minnesota Avenue
[6870/16883] osm-w1530383718: Percy Quin Park Drive
[6871/16883] osm-w1530486643: River Road East
[6872/16883] osm-w1530734866: Greenwood, Leflore County, Mississippi, 38935, United States
[6873/16883] osm-w1530735716: Winona, Montgomery County, Mississippi, 38967, United States
[6874/16883] osm-w1530735876: College Vista, Oktibbeha County, Mississippi, 39760, United 
[6875/16883] osm-w1530737077: Queensburg Avenue
[6876/16883] osm-w1531670684: I-20
[6877/16883] osm-w1531671937: Glensview Drive
[6878/16883] osm-w1544182268: Lincoln Road
[6879/16883] osm-w1553153220: Long Beach, Harrison County, Mississippi, 39560, United Stat
[6880/16883] osm-w153884471: South Michigan Street
[6881/16883] osm-w172949358: North Wisconsin Street
[6882/16883] osm-w232495846: Big Sky, Gallatin County, Montana, United States
[6883/16883] osm-w234491895: Crail Ranch Trail
[6884/16883] osm-w264880370: West Fulton Avenue
[6885/16883] osm-w334896017: West 4th Avenue
[6886/16883] osm-w339656097: West Division Street
[6887/16883] osm-w344134095: School Drive
[6888/16883] osm-w369241883: Ravalli County, Montana, United States
[6889/16883] osm-w406112967: 14th Avenue Northwest
[6890/16883] osm-w430160812: Willow Street
[6891/16883] osm-w440512755: West Swift Creek Way
[6892/16883] osm-w499513582: Eddy Avenue
[6893/16883] osm-w499516941: Coolidge Street Northwest
[6894/16883] osm-w500980475: Mission Drive
[6895/16883] osm-w540295481: De Lacy Avenue
[6896/16883] osm-w560379920: Spring Creek Drive
[6897/16883] osm-w577678149: Mennonite Church Road
[6898/16883] osm-w620194240: Polson, Lake County, Montana, 59860, United States
[6899/16883] osm-w635473440: Rimrock Road
[6900/16883] osm-w754974750: Carbon County, Montana, 59068, United States
[6901/16883] osm-w756103722: East Side Road
[6902/16883] osm-w757452381: Bannock Circle
[6903/16883] osm-w767399360: South 22nd Street West
[6904/16883] osm-w832415701: Skyranch Drive
[6905/16883] osm-w841071465: Culdesac
[6906/16883] osm-w842521433: US 12
[6907/16883] osm-w847720647: Madison County, Montana, United States
[6908/16883] osm-w855581310: Rocking CCs Guest Ranch, Meagher County, Montana, United Sta
[6909/16883] osm-w884974987: West Broadway Street
[6910/16883] osm-w897485477: Parkway Drive
[6911/16883] osm-w926478489: 14th Street East
[6912/16883] osm-w953826516: West Swan Shores Road
[6913/16883] osm-w1003284740: Old Track
[6914/16883] osm-w1015654586: East Spruce Street
[6915/16883] osm-w1081850505: Dearborn Canyon Road
[6916/16883] osm-w1101305672: Lake Hills Drive
[6917/16883] osm-w1103015206: Starner Lane
[6918/16883] osm-w1119983085: Main Street
[6919/16883] osm-w1210878185: Burning Tree Lane
[6920/16883] osm-w1267845522: Field Road
[6921/16883] osm-w1300122251: Harrison Street
[6922/16883] osm-w1311631702: Georganna Drive
[6923/16883] osm-w1313646610: Grundy Lane
[6924/16883] osm-w1314257688: Daly Mansion Road
[6925/16883] osm-w1321634307: Buckhouse Lane
[6926/16883] osm-w1321634893: Evergreen Road
[6927/16883] osm-w1326144710: North Woodchuck Creek Road
[6928/16883] osm-w1328901045: Arrow Hill Drive
[6929/16883] osm-w1330772447: Alvista Loop
[6930/16883] osm-w1331123297: Steller Way
[6931/16883] osm-w1339995493: East Jefferson Street
[6932/16883] osm-w1346058578: Spring Lane
[6933/16883] osm-w1348654326: West 9th Street
[6934/16883] osm-w1350128931: Glenwood Road
[6935/16883] osm-w1372496423: Big Arm Road
[6936/16883] osm-w1376032431: Spring Ridge Drive
[6937/16883] osm-w1410943703: Heavens Gate
[6938/16883] osm-w1432378177: 8th Street West
[6939/16883] osm-w1437020654: 10th Street Southeast
[6940/16883] osm-w1437033952: Springhill Road
[6941/16883] osm-w1437034066: Spooner Road
[6942/16883] osm-w1437034168: Brackett Creek Road
[6943/16883] osm-w1450869127: Park Street
[6944/16883] osm-w1451819047: State Highway 69
[6945/16883] osm-w1452395986: Water Street
[6946/16883] osm-w1452626005: 4th Street Northwest
[6947/16883] osm-w1452772510: Tongue River Road
[6948/16883] osm-w1453420923: 1st Street Northwest
[6949/16883] osm-w1455542005: Chaffin Lane
[6950/16883] osm-w1494842601: 13th Street West
[6951/16883] osm-w1516635038: Chouteau Avenue
[6952/16883] osm-w1523055256: 1st Street
[6953/16883] osm-w1525540151: Old Pond Road
[6954/16883] osm-w1528914956: Sourdough Ridge Road
[6955/16883] osm-w1528915199: Willow Boulevard
[6956/16883] osm-w1528915250: Elizabeth Warren Avenue
[6957/16883] osm-w1528917535: Georgia Road
[6958/16883] osm-w1528917679: Big Fork Stage Road
[6959/16883] osm-w1531764443: North Reserve Business Center, Missoula, Missoula County, Mo
[6960/16883] osm-w1536079708: Darrell Waltrip Way
[6961/16883] osm-w1539785553: Highway 47
[6962/16883] osm-w1552459194: Main Street
[6963/16883] osm-w1552459349: 2nd Avenue Southeast
[6964/16883] osm-w1552459395: Washington Street
[6965/16883] osm-w1456168476: Windchester Road
[6966/16883] osm-w31308121: Graylyn Court
[6967/16883] osm-w53894213: Sludge
[6968/16883] osm-w105660664: Imperial Center Greenway
[6969/16883] osm-w105774615: Old Oxford Road
[6970/16883] osm-w105801513: Aerial Center Parkway
[6971/16883] osm-w120409937: Wesser, Swain County, North Carolina, United States
[6972/16883] osm-w137926875: Taylor Hall to South Campus Recreation Center
[6973/16883] osm-w148772152: Camley Avenue
[6974/16883] osm-w151178091: Gentle Pine Place
[6975/16883] osm-w168725298: Grandview Drive
[6976/16883] osm-w171247815: Greystone Road
[6977/16883] osm-w204338161: Seabird Way
[6978/16883] osm-w215042312: Harken Drive
[6979/16883] osm-w215042317: Kings Point Drive
[6980/16883] osm-w224699786: Commerce Place
[6981/16883] osm-w225301081: Pearson Circle
[6982/16883] osm-w225821793: I 95
[6983/16883] osm-w226898159: Woodlawn Road
[6984/16883] osm-w228978521: Cedar Street
[6985/16883] osm-w229482012: West Battleboro Avenue
[6986/16883] osm-w234839860: Saint Regis Circle
[6987/16883] osm-w234909843: Falls of Neuse Road
[6988/16883] osm-w235570604: Laurel Coach Lane
[6989/16883] osm-w237059760: Albacore Street
[6990/16883] osm-w237059763: Orions Way
[6991/16883] osm-w237101561: Westminster Drive
[6992/16883] osm-w237390207: Center Court Drive
[6993/16883] osm-w237390213: Ocean Sands North, Corolla, Currituck County, North Carolina
[6994/16883] osm-w237390223: Sand Fiddler Circle
[6995/16883] osm-w237563731: South Fir Avenue
[6996/16883] osm-w238388868: Woodfield Drive
[6997/16883] osm-w245840349: Fort Caswell
[6998/16883] osm-w246188996: Rough Point Court
[6999/16883] osm-w261843076: Odell Road
[7000/16883] osm-w261971587: Adams Drive
[7001/16883] osm-w262142166: Ruth Street
[7002/16883] osm-w262258855: Ethridge Street
[7003/16883] osm-w273197857: Shipyard Court
[7004/16883] osm-w280252202: Dunbar Drive Southwest
[7005/16883] osm-w280252205: Great Egret Circle
[7006/16883] osm-w281014276: Jenkins Way
[7007/16883] osm-w282124491: Emanuel Church Road
[7008/16883] osm-w282779987: Curtis Court
[7009/16883] osm-w285231687: Laundry Lane
[7010/16883] osm-w296920884: Salter Path Road
[7011/16883] osm-w298827559: Needlepine Lane
[7012/16883] osm-w298981563: South Seachase Drive
[7013/16883] osm-w298984996: Nags Head, Dare County, North Carolina, 27959, United States
[7014/16883] osm-w299191360: South Virginia Dare Trail
[7015/16883] osm-w304002023: Norton Road
[7016/16883] osm-w304437512: Fairwinds Lane
[7017/16883] osm-w307224260: Sea Gull Landing
[7018/16883] osm-w313033849: Jericho Hardison Street
[7019/16883] osm-w324338340: Hensons Road
[7020/16883] osm-w324882521: Plantation Park Boulevard
[7021/16883] osm-w324882522: Wynhollow Downs Lane
[7022/16883] osm-w324882524: Lancaster Highway
[7023/16883] osm-w325722268: Rhett Drive
[7024/16883] osm-w326617754: Charleston Place Lane
[7025/16883] osm-w334684293: State Road
[7026/16883] osm-w339573601: Greensboro, Guilford County, North Carolina, 24707, United S
[7027/16883] osm-w342283471: Old Oak Ridge Road
[7028/16883] osm-w345785430: Terrace Place
[7029/16883] osm-w351450361: West Chestnut Street
[7030/16883] osm-w353921705: Colington Drive
[7031/16883] osm-w362555171: Middle Fork Road
[7032/16883] osm-w364582112: Main Street
[7033/16883] osm-w365159209: Smith Avenue
[7034/16883] osm-w366987342: Moss Plantation Avenue Northwest
[7035/16883] osm-w374439102: Creekside Drive
[7036/16883] osm-w377649852: East Stage Coach Trail
[7037/16883] osm-w378164404: Langley Avenue
[7038/16883] osm-w378323336: Burke Trail
[7039/16883] osm-w385196052: Revere Lane
[7040/16883] osm-w386990275: Monarch Lane
[7041/16883] osm-w388936242: Grays Lane
[7042/16883] osm-w399695564: Meridian Parkway
[7043/16883] osm-w406894282: Horseman Trail
[7044/16883] osm-w407026724: Election Oak Drive
[7045/16883] osm-w407385671: Lodge Drive
[7046/16883] osm-w407556969: Cross Creek Court
[7047/16883] osm-w407559168: Carlisle Way
[7048/16883] osm-w413995375: Greenbrier Farm Road
[7049/16883] osm-w417445946: Edgewood Drive
[7050/16883] osm-w429484352: Golf South Drive
[7051/16883] osm-w429556552: Forest Hills Court
[7052/16883] osm-w429760171: Camden Road
[7053/16883] osm-w429760177: Bluffside Drive
[7054/16883] osm-w430087358: Courtside Lane
[7055/16883] osm-w430254289: Carolina Meadows, Chatham County, North Carolina, 27517, Uni
[7056/16883] osm-w430895889: Boone Station Drive
[7057/16883] osm-w430895900: West Main Street
[7058/16883] osm-w430895903: Joy Drive
[7059/16883] osm-w430895904: Old Saint Marks Church Road
[7060/16883] osm-w430895906: Cobble Creek Road
[7061/16883] osm-w431048271: North Mebane Street
[7062/16883] osm-w431093452: Cates Drive
[7063/16883] osm-w431102294: Lee Lawing Road
[7064/16883] osm-w431281017: Churton Grove Boulevard
[7065/16883] osm-w431969874: Campus Drive
[7066/16883] osm-w432240659: US 1
[7067/16883] osm-w432509553: Oakwood View Drive
[7068/16883] osm-w434299699: West Williams Street
[7069/16883] osm-w434688172: South Green Street
[7070/16883] osm-w435593880: Orchard Park Circle
[7071/16883] osm-w435593885: Bridge Pointe Drive
[7072/16883] osm-w435593897: Burnage Hall Road
[7073/16883] osm-w438475285: North Clyde Street
[7074/16883] osm-w439094701: Laurel Ridge Drive
[7075/16883] osm-w439769531: Horse Pen Creek Road
[7076/16883] osm-w441492668: North Aspen Street
[7077/16883] osm-w441726499: Lighthouse Road
[7078/16883] osm-w446568041: Zillicoa Street
[7079/16883] osm-w446880974: Clubhouse Court
[7080/16883] osm-w448563819: Grey Eagle Circle
[7081/16883] osm-w465563886: I 85;US 601
[7082/16883] osm-w466177173: Ferndale Boulevard
[7083/16883] osm-w466573454: East Ashe Street
[7084/16883] osm-w466988122: Fairway Drive
[7085/16883] osm-w467027269: Speight Street
[7086/16883] osm-w467040261: East Spring Street
[7087/16883] osm-w469461865: Seqirus Greenway
[7088/16883] osm-w472151925: Ocean Drive
[7089/16883] osm-w473681901: Chestnut Grove Road
[7090/16883] osm-w475090505: Northwest Cabarrus Drive
[7091/16883] osm-w484448869: Pointe West Drive
[7092/16883] osm-w484628911: Pelletier Loop Road
[7093/16883] osm-w510332086: North Side Lane
[7094/16883] osm-w513109425: Blue Ridge Assembly Road
[7095/16883] osm-w513188702: Gaston County, North Carolina, 28056, United States
[7096/16883] osm-w529462951: Mossy Creek Lane
[7097/16883] osm-w545834589: Park Center Loop
[7098/16883] osm-w549706541: White Pine Drive
[7099/16883] osm-w555307411: State Highway 68
[7100/16883] osm-w556341547: Sunshine Drive
[7101/16883] osm-w556341548: Ocean Boulevard West
[7102/16883] osm-w556341581: Holden Beach, Brunswick County, North Carolina, United State
[7103/16883] osm-w557793856: North Country Club Road
[7104/16883] osm-w558896797: John Hawks Road
[7105/16883] osm-w558944482: Cranlyn Road
[7106/16883] osm-w565639034: Barkley Farm Road
[7107/16883] osm-w566823105: Turkey Foot Road
[7108/16883] osm-w577310162: Michelle Linnea Drive
[7109/16883] osm-w577920314: Rocky Branch Trail
[7110/16883] osm-w581958169: Northwood High School Road
[7111/16883] osm-w582751808: Winding Creek Circle
[7112/16883] osm-w582751813: Willow Creek Circle
[7113/16883] osm-w582756871: Willow Creek Circle
[7114/16883] osm-w583553329: Still Meadow Drive
[7115/16883] osm-w587944116: Cedar Forest Way
[7116/16883] osm-w588829581: Chatham County, North Carolina, United States
[7117/16883] osm-w593141237: Redstone Mountain Lane
[7118/16883] osm-w595246283: Holman Drive
[7119/16883] osm-w597946416: Heathered Farm Way
[7120/16883] osm-w599510299: Jenkins Farm Lane
[7121/16883] osm-w604046148: The Grove
[7122/16883] osm-w604046161: Bridford Lake Circle
[7123/16883] osm-w613963922: Plantation Ridge Drive
[7124/16883] osm-w616211413: Charlie Brown Road
[7125/16883] osm-w617207590: Stratford Drive
[7126/16883] osm-w625334638: Gulf Stream Drive
[7127/16883] osm-w625548582: Orton Road Southeast
[7128/16883] osm-w636149281: Cypress Drive
[7129/16883] osm-w638834646: Seven Springs Road
[7130/16883] osm-w657749527: Tuttle Lane
[7131/16883] osm-w672686490: Thomas Road
[7132/16883] osm-w673002472: Wingina Avenue
[7133/16883] osm-w674141912: Park Street
[7134/16883] osm-w674167502: Mize Road
[7135/16883] osm-w678037704: North Lee Avenue
[7136/16883] osm-w678757111: Balsam Road
[7137/16883] osm-w681613592: Club House Drive
[7138/16883] osm-w684271970: Country Club Drive
[7139/16883] osm-w688479055: Cross Of Honor Way
[7140/16883] osm-w688494124: Long Street
[7141/16883] osm-w688525373: Overbrook Drive
[7142/16883] osm-w691306936: Cameron Walk Court
[7143/16883] osm-w691525351: Lake Drive
[7144/16883] osm-w694820379: Westerwood Village Drive
[7145/16883] osm-w695958297: Seawatch Way
[7146/16883] osm-w702949237: NC 47
[7147/16883] osm-w709708759: Alice Ingram Circle
[7148/16883] osm-w712058189: Valley Ridge Drive
[7149/16883] osm-w713816906: Gateway Boulevard
[7150/16883] osm-w721262629: Rachel Winkler Road
[7151/16883] osm-w727655821: Deck Hill Road
[7152/16883] osm-w728193988: Dorner Circle
[7153/16883] osm-w730019789: Ramsey Drive
[7154/16883] osm-w731888865: Stones Throw Lane
[7155/16883] osm-w732498845: Frontier Village Cabin Road
[7156/16883] osm-w741786767: Rush Branch Road
[7157/16883] osm-w746281444: North Lumina Avenue
[7158/16883] osm-w746423376: NC Highway 22 North
[7159/16883] osm-w754337599: Crest Street
[7160/16883] osm-w758476987: Tennis Knob
[7161/16883] osm-w764590213: Coharie Drive
[7162/16883] osm-w793844344: Rosa Drive
[7163/16883] osm-w800398451: West Arrowood Road
[7164/16883] osm-w801439622: Grandwood Lane
[7165/16883] osm-w802069327: New Brunswick Lane
[7166/16883] osm-w806000757: Milano Avenue
[7167/16883] osm-w806219547: Lowell Road
[7168/16883] osm-w821669253: Colony Road
[7169/16883] osm-w822909714: Alpine Road
[7170/16883] osm-w824008224: Union County, North Carolina, 28173, United States
[7171/16883] osm-w825061698: Camden Drive
[7172/16883] osm-w830190952: Arboretum Road
[7173/16883] osm-w830190955: East Forest Road
[7174/16883] osm-w830190957: Forest Road
[7175/16883] osm-w830190960: Forest Road
[7176/16883] osm-w832024748: Settlers Lane
[7177/16883] osm-w834316280: Settlers Lane
[7178/16883] osm-w838017374: Lakes Edge Apartment
[7179/16883] osm-w844104398: Fairmont, Robeson County, North Carolina, 28340, United Stat
[7180/16883] osm-w889391621: King Lear Lane
[7181/16883] osm-w893172690: Cabana Court Northeast
[7182/16883] osm-w893189332: Olde Village Circle
[7183/16883] osm-w893189358: Northgate Drive
[7184/16883] osm-w893199577: Alba Lane
[7185/16883] osm-w893199596: Glendale Drive Northeast
[7186/16883] osm-w893784449: Town Center Drive
[7187/16883] osm-w893808091: Inkeeper Drive
[7188/16883] osm-w894082574: Evangaline Drive
[7189/16883] osm-w894701367: Fort Sumter Road
[7190/16883] osm-w907929934: Bellwood Street
[7191/16883] osm-w915259584: Salter Path Road
[7192/16883] osm-w918950536: Polkville Road
[7193/16883] osm-w918971693: Riversedge Drive
[7194/16883] osm-w921501144: Pembroke Jones Drive
[7195/16883] osm-w932304595: Mustian Street
[7196/16883] osm-w941477672: North West Street
[7197/16883] osm-w948283075: Summer Breeze Northeast Court
[7198/16883] osm-w957188334: McDowell Street
[7199/16883] osm-w973287305: Nichols Lakeland Drive
[7200/16883] osm-w976850512: Canterwood Drive
[7201/16883] osm-w979432352: Starmount Road
[7202/16883] osm-w981463625: Rampart Street
[7203/16883] osm-w981520969: Ocean Highway East
[7204/16883] osm-w986985892: Wayfaring Road
[7205/16883] osm-w989162308: Inland Greens Drive
[7206/16883] osm-w990193086: Club Road
[7207/16883] osm-w991458110: Caratoke Highway
[7208/16883] osm-w991857534: Airport Road
[7209/16883] osm-w991999748: Schenck Parkway
[7210/16883] osm-w992139947: Pireway Road
[7211/16883] osm-w993282513: Knight Boulevard
[7212/16883] osm-w993304661: Springside Road
[7213/16883] osm-w993304671: Springside Road
[7214/16883] osm-w995041663: Green Cove Road
[7215/16883] osm-w995043323: Mountain Valley, Henderson County, North Carolina, 28790, Un
[7216/16883] osm-w995667668: East Thalassa Avenue
[7217/16883] osm-w996974106: High Ridge Road
[7218/16883] osm-w997995529: Lost Creek Drive
[7219/16883] osm-w1007120993: Bryan Place
[7220/16883] osm-w1010134711: 1st Street
[7221/16883] osm-w1010159948: Main Trail
[7222/16883] osm-w1013495546: Ruby Way Northwest
[7223/16883] osm-w1013505241: Old Berwick Street Southwest
[7224/16883] osm-w1014208965: NC 410
[7225/16883] osm-w1015705307: East Valley Drive
[7226/16883] osm-w1022818671: West 2nd Street
[7227/16883] osm-w1027399673: Georgia Street Southwest
[7228/16883] osm-w1030331165: Surrey Lane
[7229/16883] osm-w1042066698: Ten Ten Road
[7230/16883] osm-w1055250789: Marion Cornett Road
[7231/16883] osm-w1058388356: Lennon Drive West
[7232/16883] osm-w1061792422: South Bethel Road
[7233/16883] osm-w1062075781: East Point Estates Court
[7234/16883] osm-w1066212354: NC 54
[7235/16883] osm-w1066263297: South Alston Avenue
[7236/16883] osm-w1067627702: Westover, Raleigh, Wake County, North Carolina, 27607, Unite
[7237/16883] osm-w1067810755: Kanuga Conference Drive
[7238/16883] osm-w1070457273: Sherwood Circle
[7239/16883] osm-w1083794531: Bellflower Circle
[7240/16883] osm-w1084300982: New Hanover County, North Carolina, 28449, United States
[7241/16883] osm-w1084402045: Virginia Road
[7242/16883] osm-w1086110295: South Lake Summit Road
[7243/16883] osm-w1086566449: Point Court
[7244/16883] osm-w1086566743: Dock Side Drive
[7245/16883] osm-w1086568220: Marina Village
[7246/16883] osm-w1087080526: Coral Drive
[7247/16883] osm-w1088016919: East Bay Drive
[7248/16883] osm-w1088052993: New River Inlet Road
[7249/16883] osm-w1088056166: North Shore Drive
[7250/16883] osm-w1089511776: Chapel Hill Road
[7251/16883] osm-w1089769419: Marshland Circle
[7252/16883] osm-w1089880601: Research Triangle Park, Nelson, Durham County, North Carolin
[7253/16883] osm-w1091082141: Fair Street
[7254/16883] osm-w1091397533: US Highway 17
[7255/16883] osm-w1091734722: East High Bluff Drive
[7256/16883] osm-w1093498770: White Oak Crossing
[7257/16883] osm-w1095287868: I 85
[7258/16883] osm-w1098430155: Walnut Street
[7259/16883] osm-w1098503534: Clubhouse Road
[7260/16883] osm-w1101504947: Scotts Landing
[7261/16883] osm-w1101506314: Clubhouse Drive
[7262/16883] osm-w1106184168: Copperstone Drive
[7263/16883] osm-w1106990344: Copas Road Southwest
[7264/16883] osm-w1106993997: Abbington Place Southwest
[7265/16883] osm-w1107896483: Northwest Ayersville Road
[7266/16883] osm-w1110462416: I 26;I 240
[7267/16883] osm-w1110462422: I 26
[7268/16883] osm-w1117942516: Londonshire Drive
[7269/16883] osm-w1119151303: Cloverknoll Drive
[7270/16883] osm-w1120221330: Adams Farm Parkway
[7271/16883] osm-w1121556770: Millbridge Parkway
[7272/16883] osm-w1130691112: Carolina Beach, New Hanover County, North Carolina, 28428, U
[7273/16883] osm-w1151209078: St Croix Place
[7274/16883] osm-w1161552898: Ocean Sands North, Corolla, Currituck County, North Carolina
[7275/16883] osm-w1162054463: Ocean Trail
[7276/16883] osm-w1162392225: Austin Street
[7277/16883] osm-w1162633957: South Holiday Boulevard
[7278/16883] osm-w1163108970: Runnymede Lane
[7279/16883] osm-w1181248651: North Church Street
[7280/16883] osm-w1181762335: Bells Island Road
[7281/16883] osm-w1197553031: Reedy Fork Parkway
[7282/16883] osm-w1197559794: Regents Park Lane
[7283/16883] osm-w1198467679: Witty Road
[7284/16883] osm-w1207008102: Plantation Drive
[7285/16883] osm-w1207035009: Ventana Drive
[7286/16883] osm-w1208281930: East Greenway Drive North
[7287/16883] osm-w1208650560: Beaufort County, North Carolina, United States
[7288/16883] osm-w1208651371: Woodstock Point
[7289/16883] osm-w1208651496: East Harborside Road
[7290/16883] osm-w1208651582: Plantation Parkway
[7291/16883] osm-w1208651602: Man of War
[7292/16883] osm-w1208651786: Antebellum Drive
[7293/16883] osm-w1208652300: Olde Farm Road
[7294/16883] osm-w1208652321: West Fort Macon Road
[7295/16883] osm-w1208652731: West Fort Macon Road
[7296/16883] osm-w1208652981: West Fort Macon Road
[7297/16883] osm-w1208653117: Mansfield Parkway
[7298/16883] osm-w1208653586: Camp Morehead Drive
[7299/16883] osm-w1208653800: Core Drive
[7300/16883] osm-w1208653864: Brant Landing Road
[7301/16883] osm-w1208654503: Carteret Avenue
[7302/16883] osm-w1217816926: Arnold Road
[7303/16883] osm-w1218592543: 2nd Street
[7304/16883] osm-w1223427350: Pilgrim Church Road
[7305/16883] osm-w1226025417: Scarborough Lane
[7306/16883] osm-w1226025441: Georgetown Sands Road
[7307/16883] osm-w1226025452: West Bias Drive
[7308/16883] osm-w1228956147: Yadkin County, North Carolina, United States
[7309/16883] osm-w1230404206: Logan Street
[7310/16883] osm-w1231250528: NC 53
[7311/16883] osm-w1239021068: Norman Island Drive
[7312/16883] osm-w1239021075: West Catawba Avenue
[7313/16883] osm-w1239021085: Vineyard Point Lane
[7314/16883] osm-w1240335816: Seabrook Road
[7315/16883] osm-w1240336051: Indian Lake Drive
[7316/16883] osm-w1240728111: Snow Goose Lane
[7317/16883] osm-w1240795569: Sanderling, Duck, Dare County, North Carolina, United States
[7318/16883] osm-w1244200911: West 6th Street
[7319/16883] osm-w1245262007: Mourglea Avenue Extension
[7320/16883] osm-w1248794318: Richmond Pines Drive
[7321/16883] osm-w1248796012: Culpepper Drive
[7322/16883] osm-w1248884329: Nixon Road
[7323/16883] osm-w1250242347: Boykin Bridge Road
[7324/16883] osm-w1253694885: Old Fike XC Course
[7325/16883] osm-w1256979340: Hobbs Road
[7326/16883] osm-w1258894367: Fallen Pear Lane Northeast
[7327/16883] osm-w1263886806: Lockwood Road
[7328/16883] osm-w1264285527: Side Street
[7329/16883] osm-w1264288338: Azalea Road
[7330/16883] osm-w1264368616: Sugarberry Drive
[7331/16883] osm-w1268214466: Meadow Creek Lane
[7332/16883] osm-w1277944091: Carolina Shores, Brunswick County, North Carolina, 28467, Un
[7333/16883] osm-w1280701794: 7th Street
[7334/16883] osm-w1283491522: Jennel Way
[7335/16883] osm-w1284844201: Indiana Avenue
[7336/16883] osm-w1290045716: Royal Oaks Court
[7337/16883] osm-w1292442762: Bridge Road
[7338/16883] osm-w1293456645: Yaupon Lane
[7339/16883] osm-w1293457581: Sundance Circle
[7340/16883] osm-w1293467541: Tallulah Road
[7341/16883] osm-w1299164125: Stephens Grove Lane
[7342/16883] osm-w1301130915: Racquet Club Road
[7343/16883] osm-w1301218448: The Courtyard
[7344/16883] osm-w1301659346: Fair Play Road
[7345/16883] osm-w1311580106: Southport-Supply Rd SE
[7346/16883] osm-w1311816090: Bennett Place
[7347/16883] osm-w1313099489: York Ridge Lane
[7348/16883] osm-w1313099687: Gray Wolf Lane
[7349/16883] osm-w1313099833: Campers Path
[7350/16883] osm-w1313816383: Painters Gap Road
[7351/16883] osm-w1314017873: Southwest Drive
[7352/16883] osm-w1314018184: Portside Drive
[7353/16883] osm-w1314019323: Victoria Bay Drive
[7354/16883] osm-w1314019581: Oakmoor Court
[7355/16883] osm-w1314020519: Wellington Chase Drive
[7356/16883] osm-w1314021257: Williamson Road
[7357/16883] osm-w1314021582: 4th Street Southwest
[7358/16883] osm-w1314316170: Edgewater Court
[7359/16883] osm-w1314700590: Spencer Street
[7360/16883] osm-w1314701949: Shoal Creek Drive
[7361/16883] osm-w1314713958: Cummings Road
[7362/16883] osm-w1314819655: Landing Boulevard Southwest
[7363/16883] osm-w1314898348: East 10th Street
[7364/16883] osm-w1314957131: Wildlife Road
[7365/16883] osm-w1314961434: East Church Street
[7366/16883] osm-w1315054197: NC 11
[7367/16883] osm-w1315339372: Wild Swan Lane
[7368/16883] osm-w1315902555: Erwin Road
[7369/16883] osm-w1319135776: North Cox Avenue
[7370/16883] osm-w1319754756: Deese Road
[7371/16883] osm-w1321479865: Flora McDonald Drive
[7372/16883] osm-w1321756065: Red Maple Lane
[7373/16883] osm-w1321757269: Davidson Highway
[7374/16883] osm-w1321757319: North Rose Avenue
[7375/16883] osm-w1321757596: Peeler Road
[7376/16883] osm-w1321770135: Bens Cove Road
[7377/16883] osm-w1322334202: Ravenswood Road
[7378/16883] osm-w1322917896: Lees Creek Road
[7379/16883] osm-w1323331087: Line Drive
[7380/16883] osm-w1323331111: Beddoes Drive
[7381/16883] osm-w1323331330: Old Village Lane
[7382/16883] osm-w1323331339: Spicer Lake
[7383/16883] osm-w1323331411: Clinton Street
[7384/16883] osm-w1323331470: Queens Court
[7385/16883] osm-w1323331616: Hugenot Trail
[7386/16883] osm-w1323331874: Old Stantonsburg Road
[7387/16883] osm-w1323332111: West 3rd Street
[7388/16883] osm-w1323332119: Alamance Church Road
[7389/16883] osm-w1323332176: Wind Road
[7390/16883] osm-w1323332180: Cottage Place
[7391/16883] osm-w1323332191: Bluff Run Drive
[7392/16883] osm-w1323332359: South Long Es Street
[7393/16883] osm-w1323701186: Davis Creek Road
[7394/16883] osm-w1325284798: William Wallace Drive
[7395/16883] osm-w1328450612: South Dogwood Trail
[7396/16883] osm-w1328880214: South Horner Boulevard
[7397/16883] osm-w1329889478: Washburn Road
[7398/16883] osm-w1329910054: Birch Creek Drive
[7399/16883] osm-w1331113988: Pine Island Beach Acess 3
[7400/16883] osm-w1331113992: Meadow Lane
[7401/16883] osm-w1331113998: Northside Road
[7402/16883] osm-w1332638863: View Ridge Parkway
[7403/16883] osm-w1333101776: White Oak Road
[7404/16883] osm-w1333776564: Old NC 86
[7405/16883] osm-w1334161255: Champion Mount Pleasant Road
[7406/16883] osm-w1334161304: East Burke Boulevard
[7407/16883] osm-w1334161334: Grassy Knoll Trail
[7408/16883] osm-w1334161468: Iredell County, North Carolina, 28115, United States
[7409/16883] osm-w1334515953: Pine Mountain Trail
[7410/16883] osm-w1334516079: Lambs Creek Road
[7411/16883] osm-w1334516378: Thistiedew Lane
[7412/16883] osm-w1334516490: Asheville, Buncombe County, North Carolina, 28776, United St
[7413/16883] osm-w1334516513: Kensington Place
[7414/16883] osm-w1334517133: Peniel Road
[7415/16883] osm-w1334861238: Old Mocksville Road
[7416/16883] osm-w1334993034: M.H. Rourk Drive
[7417/16883] osm-w1334993811: Duart Road
[7418/16883] osm-w1334993904: Norment Road
[7419/16883] osm-w1334994008: Watson Farm Road
[7420/16883] osm-w1334994057: Troy Candor Road
[7421/16883] osm-w1334994706: Barringer Road
[7422/16883] osm-w1334994943: Allistair Road
[7423/16883] osm-w1334995699: Santeetlah Road
[7424/16883] osm-w1338466751: Sourwood Lane
[7425/16883] osm-w1340589482: Via Old Sound Boulevard
[7426/16883] osm-w1341931065: Little Sugar Creek Greenway
[7427/16883] osm-w1352462299: New Camp Creek Church Road
[7428/16883] osm-w1353800172: Echo Pond Road
[7429/16883] osm-w1354033131: Southern Wayne Drive
[7430/16883] osm-w1354060617: Trinity High School Drive
[7431/16883] osm-w1354060722: Kendall Mill Road
[7432/16883] osm-w1354061033: Berkley Lane
[7433/16883] osm-w1354061098: East Cardinal Street
[7434/16883] osm-w1354742762: White Oak Road
[7435/16883] osm-w1355502249: Gormly Circle
[7436/16883] osm-w1355502999: Berwick Place
[7437/16883] osm-w1355503752: Rock Springs Church Road
[7438/16883] osm-w1355504631: Paddlewheel Drive
[7439/16883] osm-w1355504691: Graceland
[7440/16883] osm-w1355504838: Wilton Court
[7441/16883] osm-w1356375788: Elmstone Drive
[7442/16883] osm-w1356414065: Deer Chase
[7443/16883] osm-w1356414245: Judas Tree Lane
[7444/16883] osm-w1356418743: Shallotte, Brunswick County, North Carolina, 28470, United S
[7445/16883] osm-w1356434386: Wallington Road
[7446/16883] osm-w1356436323: Par Drive
[7447/16883] osm-w1356437085: Par Drive
[7448/16883] osm-w1356604029: Supernova Street
[7449/16883] osm-w1356638405: Burke Street
[7450/16883] osm-w1356639181: Cleveland Fire Road
[7451/16883] osm-w1356640097: Old Georgetown Road Southwest
[7452/16883] osm-w1356641306: Indian Springs Road
[7453/16883] osm-w1356641638: Merlin Lane
[7454/16883] osm-w1356641906: Livius Court
[7455/16883] osm-w1356641934: Royall Avenue
[7456/16883] osm-w1356642211: C B A Lane
[7457/16883] osm-w1356642539: Bunn Elementary School Road
[7458/16883] osm-w1356643063: Blue Jeans Road
[7459/16883] osm-w1356643199: Lake Waccamaw, Columbus County, North Carolina, 28450, Unite
[7460/16883] osm-w1356645869: Bald Cypress Circle
[7461/16883] osm-w1356647288: Georgia Road
[7462/16883] osm-w1356649247: Shipyard Boulevard
[7463/16883] osm-w1356649409: Flint Drive
[7464/16883] osm-w1356649474: Croquet Drive
[7465/16883] osm-w1356649514: Rondo Place
[7466/16883] osm-w1356649575: Wilmington, New Hanover County, North Carolina, 28409, Unite
[7467/16883] osm-w1356649752: Ashley Park Drive
[7468/16883] osm-w1356681661: Oleander Drive
[7469/16883] osm-w1356769430: Crayton Oak Drive
[7470/16883] osm-w1356849365: Allen Lane
[7471/16883] osm-w1356850378: Martin Luther King Jr Drive
[7472/16883] osm-w1356853473: Sunset Beach, Brunswick County, North Carolina, 28468, Unite
[7473/16883] osm-w1356855338: Westwood Drive
[7474/16883] osm-w1356855411: Pressly Foushee Road
[7475/16883] osm-w1356855544: Goldston Glendon Road
[7476/16883] osm-w1356855861: North Chapin Road
[7477/16883] osm-w1356856207: Village Walk West
[7478/16883] osm-w1356857695: Ivocet Drive
[7479/16883] osm-w1356857738: Suncourt Villa Drive
[7480/16883] osm-w1356857747: Beasley Road
[7481/16883] osm-w1356857838: Brownlow Circle
[7482/16883] osm-w1356857993: Quilon Circle
[7483/16883] osm-w1356858016: Island Cove
[7484/16883] osm-w1356858076: Steeplechase Road
[7485/16883] osm-w1356858151: River Road
[7486/16883] osm-w1356858229: Sound Watch Drive
[7487/16883] osm-w1356858236: Mill Creek Court
[7488/16883] osm-w1356858311: Hunt Club Road
[7489/16883] osm-w1356859500: Wendy Lane Southwest
[7490/16883] osm-w1356859670: Zion Church Road Northeast
[7491/16883] osm-w1356860167: Warrior Drive
[7492/16883] osm-w1356860438: Cedar Dell Lane
[7493/16883] osm-w1356860447: Saint George Place
[7494/16883] osm-w1360212806: Brunswick County, North Carolina, 28467, United States
[7495/16883] osm-w1360212826: Woodlands Way
[7496/16883] osm-w1376248024: Cockley Beck
[7497/16883] osm-w1383034197: Marine Corps Base Camp Lejeune, Onslow County, North Carolin
[7498/16883] osm-w1385504372: Regatta Lane
[7499/16883] osm-w1387136611: Herrons Nest Place Northwest
[7500/16883] osm-w1388669324: Blackberry Road
[7501/16883] osm-w1389574420: Rosewood Road
[7502/16883] osm-w1395445494: Middle Street
[7503/16883] osm-w1395540291: Lindsey Street
[7504/16883] osm-w1396294725: Carrion Lane
[7505/16883] osm-w1412122607: Panther Trail
[7506/16883] osm-w1412345960: Sleepy Creek Drive
[7507/16883] osm-w1412404122: Flintstone Drive
[7508/16883] osm-w1412404339: Old Chinquapin Road
[7509/16883] osm-w1413176038: Academic Drive
[7510/16883] osm-w1413620260: North Hills Drive
[7511/16883] osm-w1413620345: Bradley Road
[7512/16883] osm-w1413620385: Hebron Road
[7513/16883] osm-w1414154034: Hamburg Street
[7514/16883] osm-w1414377756: Pringle Road
[7515/16883] osm-w1414377826: Kings Mill Road
[7516/16883] osm-w1414377836: Tor Court
[7517/16883] osm-w1416528042: Highlands Drive
[7518/16883] osm-w1416563524: Piney Creek School Road
[7519/16883] osm-w1416738097: Old Towne Drive
[7520/16883] osm-w1416738186: James Sprunt Drive
[7521/16883] osm-w1416738617: Rufty Street
[7522/16883] osm-w1416739270: Kindness Lane
[7523/16883] osm-w1419913434: Ocean Trail
[7524/16883] osm-w1420458170: Trent Woods Drive
[7525/16883] osm-w1420545396: Bala Lane
[7526/16883] osm-w1420878248: Worsham Mill Road
[7527/16883] osm-w1423333606: Marker Fifty Five Avenue
[7528/16883] osm-w1424850726: Streamside Drive
[7529/16883] osm-w1425055033: Park Drive
[7530/16883] osm-w1425309469: Rassie Wicker Drive
[7531/16883] osm-w1425309885: West H Street
[7532/16883] osm-w1428805054: Connestee Trail
[7533/16883] osm-w1429403512: Forest Hill Avenue
[7534/16883] osm-w1431040226: Asbury Road
[7535/16883] osm-w1431335051: Beach Road South
[7536/16883] osm-w1432608328: Crescent Drive
[7537/16883] osm-w1433220866: Williams Glenn Road
[7538/16883] osm-w1433622271: Martin Luther King Jr Parkway
[7539/16883] osm-w1434060698: Brandywine Drive Northeast
[7540/16883] osm-w1434526652: Place at the Beach
[7541/16883] osm-w1434916097: Greenough Way
[7542/16883] osm-w1437046443: North Outerbridge Road
[7543/16883] osm-w1442139374: Running Creek Trail
[7544/16883] osm-w1442199805: Wrightsville, Wilmington, New Hanover County, North Carolina
[7545/16883] osm-w1442978530: South 8th Street
[7546/16883] osm-w1442978536: Wrightsville Avenue
[7547/16883] osm-w1442978538: Lions Gate Drive
[7548/16883] osm-w1442978541: Cape Harbor Drive
[7549/16883] osm-w1442978553: Marsh Oaks Drive
[7550/16883] osm-w1442978555: Plantation Landing Drive
[7551/16883] osm-w1442978557: Bridge Road
[7552/16883] osm-w1442978558: Rip Tide Lane
[7553/16883] osm-w1442978571: St. James Plantation, St. James, Brunswick County, North Car
[7554/16883] osm-w1442978573: Arbor Creek Drive Southeast
[7555/16883] osm-w1442978594: Oceanic Drive
[7556/16883] osm-w1442978604: Cougar Road
[7557/16883] osm-w1442978619: Egret Circle
[7558/16883] osm-w1442978648: New Street
[7559/16883] osm-w1444097850: Camp Branch Road
[7560/16883] osm-w1444273655: Illahee Hills, Transylvania County, North Carolina, 28712, U
[7561/16883] osm-w1445293768: Masters Way
[7562/16883] osm-w1445893265: Salmon Lane
[7563/16883] osm-w1446373298: Ray Road
[7564/16883] osm-w1446374573: Cottonwood Drive
[7565/16883] osm-w1446520365: Harbinger Way
[7566/16883] osm-w1446608140: Finley Forest Circle
[7567/16883] osm-w1447816386: Old Mill Road
[7568/16883] osm-w1448255261: Carver School Road
[7569/16883] osm-w1448319821: Cascade Knoll Drive
[7570/16883] osm-w1448319839: East School Road
[7571/16883] osm-w1451368069: Baldwin Drive
[7572/16883] osm-w1451400702: Lakeledge Road
[7573/16883] osm-w1451461323: Farmington Road
[7574/16883] osm-w1451644663: Cheyenne Court
[7575/16883] osm-w1454572134: Waterfront Drive
[7576/16883] osm-w1456168479: Saint Andrew Street
[7577/16883] osm-w1456803489: Standen Lane
[7578/16883] osm-w1457136422: North Deerhaven Lane
[7579/16883] osm-w1457136423: Hallett Court
[7580/16883] osm-w1457370659: Cloudberry Drive
[7581/16883] osm-w1457937028: Pinnacle Inn Road
[7582/16883] osm-w1464442031: Pittsboro Elementary School Road
[7583/16883] osm-w1464443078: Legacy Club Drive
[7584/16883] osm-w1464445922: Madison Drive
[7585/16883] osm-w1468123776: South Creek
[7586/16883] osm-w1468123832: Pond Road
[7587/16883] osm-w1471445122: Moose Branch Road
[7588/16883] osm-w1471717778: Kitty Hawk, Dare County, North Carolina, United States
[7589/16883] osm-w1473240954: Rev. Dr. John Mendez Drive
[7590/16883] osm-w1473243063: Old Salisbury Road
[7591/16883] osm-w1473243368: Stonewood Drive Southwest
[7592/16883] osm-w1473250443: Oak Summit Road
[7593/16883] osm-w1473253228: Buxton Oaks Lane
[7594/16883] osm-w1473253297: Big Kinnakeet Drive
[7595/16883] osm-w1473253354: Spinnaker Run Road
[7596/16883] osm-w1473253407: Sound Shore Drive
[7597/16883] osm-w1474195907: Roseboro Road
[7598/16883] osm-w1474880259: King Fisher Drive
[7599/16883] osm-w1474894617: North Rochelle Boulevard
[7600/16883] osm-w1474894764: Watkins Village, Piney Green, Marine Corps Base Camp Lejeune
[7601/16883] osm-w1475417229: Bass Chapel Road
[7602/16883] osm-w1476219633: US 158
[7603/16883] osm-w1476653378: Rd To Back of School
[7604/16883] osm-w1476653744: Rd To Back of School
[7605/16883] osm-w1476668020: Semora Road
[7606/16883] osm-w1476669868: Millspring Drive
[7607/16883] osm-w1476686925: Brandywine Road
[7608/16883] osm-w1476687166: Village Park Drive
[7609/16883] osm-w1476689843: Summerwalk Circle
[7610/16883] osm-w1481191104: Elk Road
[7611/16883] osm-w1481249946: East Bear Grass Road
[7612/16883] osm-w1481251802: East Eden Place
[7613/16883] osm-w1481252799: Lyman Drive
[7614/16883] osm-w1481255485: Sands Villa
[7615/16883] osm-w1481255898: Brandywine Boulevard
[7616/16883] osm-w1481257868: Sound of the Sea, Emerald Isle, Carteret County, North Carol
[7617/16883] osm-w1481259387: Crossland Drive
[7618/16883] osm-w1481259786: Seafarer Road
[7619/16883] osm-w1481260496: Peach Dahlia Road
[7620/16883] osm-w1481262791: Beatties Ford Road
[7621/16883] osm-w1481407993: High School Road
[7622/16883] osm-w1481410499: Davis Street
[7623/16883] osm-w1481412352: NC Highway 172
[7624/16883] osm-w1481424287: New River Inlet Road
[7625/16883] osm-w1481425118: East Point Court
[7626/16883] osm-w1481426349: Swift Creek Drive
[7627/16883] osm-w1481571213: Birmingham Drive
[7628/16883] osm-w1482600323: Panola Street
[7629/16883] osm-w1482601949: Nash Street
[7630/16883] osm-w1482603145: Westminister Drive
[7631/16883] osm-w1482603278: Sheffield Drive
[7632/16883] osm-w1482604208: South Clarendon Drive
[7633/16883] osm-w1482604327: Matthews Street
[7634/16883] osm-w1482606702: Webb School Road
[7635/16883] osm-w1482607284: Crescent Drive
[7636/16883] osm-w1482612884: Community Center Drive
[7637/16883] osm-w1482614150: Marsh Harbour Road
[7638/16883] osm-w1482695882: Matrix Drive
[7639/16883] osm-w1482935300: Elizabeth Road
[7640/16883] osm-w1482935974: North Lee Street
[7641/16883] osm-w1482953019: Silver Dew Court
[7642/16883] osm-w1483116970: East Cornwallis Road
[7643/16883] osm-w1483121809: Bassett Street
[7644/16883] osm-w1483455018: Parks Meadow Drive
[7645/16883] osm-w1483455731: Hamp Stone Road
[7646/16883] osm-w1483469274: North Moore Road
[7647/16883] osm-w1483470123: Pineneedle Drive
[7648/16883] osm-w1483676950: Tennis Courts Path
[7649/16883] osm-w1484131858: Southern High School Road
[7650/16883] osm-w1484176154: Piedmont Avenue
[7651/16883] osm-w1484177217: Bonnar Bridge Parkway
[7652/16883] osm-w1484177449: Preakness Parkway
[7653/16883] osm-w1484178769: Gerringer Mill Road
[7654/16883] osm-w1484179130: Southeast School Road
[7655/16883] osm-w1484216703: North Point Boulevard
[7656/16883] osm-w1484393525: Summerfield, Guilford County, North Carolina, 27358, United 
[7657/16883] osm-w1484394050: The Vineyard Trail
[7658/16883] osm-w1484411372: Gentle Pond Court
[7659/16883] osm-w1484412697: Abbotts Creek Church Road
[7660/16883] osm-w1484632866: Sportime Place
[7661/16883] osm-w1484633057: Old Oak Ridge Road
[7662/16883] osm-w1484633706: Bramblegate Road
[7663/16883] osm-w1484634619: Crowne Lake Circle
[7664/16883] osm-w1484635138: Abbington Place Apartment
[7665/16883] osm-w1484636216: Fleetwood Lane
[7666/16883] osm-w1484638188: Millburn Drive
[7667/16883] osm-w1484639087: Grand Village Drive
[7668/16883] osm-w1484639269: Teakwood Drive
[7669/16883] osm-w1486121461: Painted Tree Road
[7670/16883] osm-w1486123118: Ashley Park, Charlotte, Mecklenburg County, North Carolina, 
[7671/16883] osm-w1486123419: Farmhurst Drive
[7672/16883] osm-w1486123486: Park Slope Drive
[7673/16883] osm-w1486123908: Garden Terrace Court
[7674/16883] osm-w1486404725: Oak Creek Lane
[7675/16883] osm-w1486942096: Warrior Road
[7676/16883] osm-w1487684363: Drake Road
[7677/16883] osm-w1489632875: Legend Court
[7678/16883] osm-w1490004979: Doyers Drive
[7679/16883] osm-w1491121504: NC 194
[7680/16883] osm-w1491121672: Mount Jefferson Road
[7681/16883] osm-w1491121898: Clubhouse Drive
[7682/16883] osm-w1491121985: Grandview Point
[7683/16883] osm-w1491122110: Harborgate Drive
[7684/16883] osm-w1491319798: Country Club Road
[7685/16883] osm-w1491357944: North Drive
[7686/16883] osm-w1491476575: Elkin Highway
[7687/16883] osm-w1491478188: Oak Hill Drive
[7688/16883] osm-w1491478349: Woodfield Way
[7689/16883] osm-w1491485005: 8th Avenue Northwest
[7690/16883] osm-w1491485575: Welch Road West
[7691/16883] osm-w1491511931: Innsbrook Road
[7692/16883] osm-w1491512376: Pearl Street
[7693/16883] osm-w1491514152: River Ridge Drive
[7694/16883] osm-w1491517550: Buncombe County, North Carolina, 26778, United States
[7695/16883] osm-w1491518946: State Road 3196
[7696/16883] osm-w1491520755: Camp Highlander Road
[7697/16883] osm-w1491522371: North Whitted Street
[7698/16883] osm-w1492033959: Kenmure Drive
[7699/16883] osm-w1492033996: Red Bird Song Road
[7700/16883] osm-w1492443934: Fieldcrest Court
[7701/16883] osm-w1492445333: Nathan Hunt Drive
[7702/16883] osm-w1492634458: Valley Road
[7703/16883] osm-w1492634689: Emma Street
[7704/16883] osm-w1492740326: Forest Hills Drive
[7705/16883] osm-w1492901351: Orrs Camp Road
[7706/16883] osm-w1493308411: Windward Drive
[7707/16883] osm-w1494097716: Logan Circle
[7708/16883] osm-w1494098082: Lake Trail
[7709/16883] osm-w1494102245: Luckadoo Mountain Road
[7710/16883] osm-w1494102491: Lattimore Road
[7711/16883] osm-w1494470233: U-No, Henderson County, North Carolina, 28792, United States
[7712/16883] osm-w1494472330: Red Oak Drive
[7713/16883] osm-w1494472628: Crab Creek Road
[7714/16883] osm-w1494472914: Blue Star Way
[7715/16883] osm-w1495283121: Prince George Road
[7716/16883] osm-w1495319372: Critcher Drive
[7717/16883] osm-w1495659633: Spicewood Lane
[7718/16883] osm-w1495660001: Mooresville Road
[7719/16883] osm-w1495670060: Laurel Glen Drive
[7720/16883] osm-w1495672037: Glencrest Drive
[7721/16883] osm-w1495695655: Finch Farm Road
[7722/16883] osm-w1495696040: Tanner Court
[7723/16883] osm-w1495696277: Country Club Boulevard
[7724/16883] osm-w1495696415: Dragon Drive
[7725/16883] osm-w1495699861: Davidson Drive
[7726/16883] osm-w1495704689: Longleaf Drive
[7727/16883] osm-w1495706218: Hollycrest Drive
[7728/16883] osm-w1495707839: Marion Avenue
[7729/16883] osm-w1495744445: Keltic Cove Drive
[7730/16883] osm-w1495751881: Robbins Crescent Road
[7731/16883] osm-w1495752304: Brevard Drive
[7732/16883] osm-w1495752448: Ridgeway Drive
[7733/16883] osm-w1495752484: South New Hope Road
[7734/16883] osm-w1501078996: Haywood County, North Carolina, United States
[7735/16883] osm-w1501782763: Toxaway Point
[7736/16883] osm-w1512782078: New House Road
[7737/16883] osm-w1512783788: Elysian Drive
[7738/16883] osm-w1512783806: Dalewood Drive
[7739/16883] osm-w1512783828: Bethabara Hills Drive
[7740/16883] osm-w1512783904: Crowne Oak Circle
[7741/16883] osm-w1518299669: Mountain Camp Trail
[7742/16883] osm-w1518299932: Mountaineer Ridge Drive
[7743/16883] osm-w1518300702: Lasker Golf Course Road
[7744/16883] osm-w1525010888: West Avenue
[7745/16883] osm-w1525460337: Kineton Circle
[7746/16883] osm-w1525677879: Piedmont Parkway
[7747/16883] osm-w1525678964: Stonebrook Court
[7748/16883] osm-w1525681853: South Davis Street
[7749/16883] osm-w1526325697: Creekshore Drive
[7750/16883] osm-w1540390340: Eagles Nest Road
[7751/16883] osm-w1546134291: Purchase Road
[7752/16883] osm-w1547961565: Waters Drive
[7753/16883] osm-w1553154732: Gerton Highway
[7754/16883] osm-w1553264162: Cheoah Dam Overlook Trail
[7755/16883] osm-r12230711: Greenville Highway
[7756/16883] osm-r18609404: Vickrey Chapel Road
[7757/16883] osm-w49090291: Lansing Lane
[7758/16883] osm-w58673237: 7th Street Northeast
[7759/16883] osm-w58744631: 4th Street South
[7760/16883] osm-w85039859: 33rd Avenue North
[7761/16883] osm-w97715485: 13th Avenue North
[7762/16883] osm-w133428970: 17th Avenue South
[7763/16883] osm-w133492201: I 94;US 52
[7764/16883] osm-w139320176: Harwood Drive
[7765/16883] osm-w139539867: 2nd Avenue Northeast
[7766/16883] osm-w163088449: Willow Road
[7767/16883] osm-w185152763: Briarwood, Cass County, North Dakota, 58104, United States
[7768/16883] osm-w244148343: 44th Street Southwest
[7769/16883] osm-w244599507: Rose Creek Parkway East
[7770/16883] osm-w244871228: 13th Avenue West
[7771/16883] osm-w245749961: Pool Drive
[7772/16883] osm-w284006937: 42nd Street
[7773/16883] osm-w286756345: Park Drive
[7774/16883] osm-w287888498: 5th Street
[7775/16883] osm-w288196337: 9th Street
[7776/16883] osm-w288399771: 14th Avenue Northeast
[7777/16883] osm-w288497674: Parkway Lane
[7778/16883] osm-w343000713: 8th Avenue South
[7779/16883] osm-w355575484: 35th Avenue North
[7780/16883] osm-w361271160: 165th Avenue Southeast
[7781/16883] osm-w367524068: 8th Avenue
[7782/16883] osm-w368546159: Avenue A
[7783/16883] osm-w369888906: Ward Road
[7784/16883] osm-w388151910: West Street North
[7785/16883] osm-w436013438: 103rd Street Northwest
[7786/16883] osm-w440422379: Deterrance Drive
[7787/16883] osm-w491693852: 3rd Street
[7788/16883] osm-w492898485: 12th Avenue
[7789/16883] osm-w495296315: 5th Street
[7790/16883] osm-w495495276: 3rd Avenue
[7791/16883] osm-w495693129: 7th Street Southwest
[7792/16883] osm-w495775240: 6th Avenue Southeast
[7793/16883] osm-w496136472: 6th Street
[7794/16883] osm-w496322467: 3rd Street
[7795/16883] osm-w496356690: Park Street
[7796/16883] osm-w496495147: Platt Street
[7797/16883] osm-w496709494: Dakota Street
[7798/16883] osm-w497002079: 140th Avenue Southeast
[7799/16883] osm-w506135824: 2nd Street South
[7800/16883] osm-w506263518: 2nd Avenue
[7801/16883] osm-w506839115: Lawler Avenue
[7802/16883] osm-w511092985: 1st Avenue East
[7803/16883] osm-w513322402: 7th Street South
[7804/16883] osm-w513944255: 95th Street Southeast
[7805/16883] osm-w515233815: 6th Street
[7806/16883] osm-w518590498: Florence Street
[7807/16883] osm-w524151604: North Central, Rogers Township, Barnes County, North Dakota,
[7808/16883] osm-w545095030: Great Plains Court
[7809/16883] osm-w547780968: 4th Avenue
[7810/16883] osm-w548038650: 3rd Avenue North
[7811/16883] osm-w548456666: 16th Street Northwest
[7812/16883] osm-w556805280: 11th Avenue Southwest
[7813/16883] osm-w592502043: West Divide Street
[7814/16883] osm-w664746838: 18th Avenue South
[7815/16883] osm-w690909585: Bus Barn Drive
[7816/16883] osm-w700939795: 7th Street East
[7817/16883] osm-w702093970: Avenue F West
[7818/16883] osm-w704304503: Frank Street
[7819/16883] osm-w705957301: 4th Street
[7820/16883] osm-w723495683: North Main Street
[7821/16883] osm-w741776676: Meadowlark Drive Southwest
[7822/16883] osm-w753444097: Main Street
[7823/16883] osm-w791116374: 1st Street Northwest
[7824/16883] osm-w799241350: 2nd Street Northwest
[7825/16883] osm-w803461620: Belcourt, Rolette County, North Dakota, 58316, United States
[7826/16883] osm-w835168212: 9th Avenue Southeast
[7827/16883] osm-w836440267: 2nd Street
[7828/16883] osm-w842488429: 24th Avenue South
[7829/16883] osm-w851666593: Briardale Loop
[7830/16883] osm-w894620283: Church Street
[7831/16883] osm-w895708931: 13th Street North
[7832/16883] osm-w904499403: 11th Avenue Northwest
[7833/16883] osm-w914187606: 9th Street
[7834/16883] osm-w914421652: South Main Street
[7835/16883] osm-w915149619: 2nd Avenue Southeast
[7836/16883] osm-w918316131: 1st Street Northwest
[7837/16883] osm-w923013908: 10th Street Northeast
[7838/16883] osm-w925540576: 6th Street Northeast
[7839/16883] osm-w931097365: Truman Street
[7840/16883] osm-w941052222: Mc Henry Avenue
[7841/16883] osm-w942916679: Velva, McHenry County, North Dakota, 58790, United States
[7842/16883] osm-w944690144: 2nd Avenue South
[7843/16883] osm-w945585273: North Elk Street
[7844/16883] osm-w948563379: Market Street
[7845/16883] osm-w948873914: 3rd Avenue
[7846/16883] osm-w948884265: 1st Avenue Northeast
[7847/16883] osm-w950136944: 11th Street
[7848/16883] osm-w955320451: North 2nd Street
[7849/16883] osm-w956068397: Washington Avenue Southwest
[7850/16883] osm-w960761992: Lee Avenue
[7851/16883] osm-w965031675: Ward
[7852/16883] osm-w1221412089: Davidson Drive
[7853/16883] osm-w1272922838: Libbie Street
[7854/16883] osm-w1280829077: Horseshoe Bend Northwest
[7855/16883] osm-w1314667445: Horace, Cass County, North Dakota, 58047, United States
[7856/16883] osm-w1340020724: Lakeview Drive
[7857/16883] osm-w1422811342: Grant Avenue
[7858/16883] osm-w1448031355: Summit Drive
[7859/16883] osm-w1448039701: Park
[7860/16883] osm-n7116010109: Looking Glass Avenue
[7861/16883] osm-n11649883310: North 8th Street
[7862/16883] osm-w169787879: Papio South - Walnut Creek Connector
[7863/16883] osm-w170396918: Deauville Drive
[7864/16883] osm-w170398349: South 151st Street
[7865/16883] osm-w171414581: East Capital Avenue
[7866/16883] osm-w182957930: Sokol Plaza
[7867/16883] osm-w185915498: Capitol Court
[7868/16883] osm-w190161778: Garland Street
[7869/16883] osm-w199138233: West Van Dorn Street
[7870/16883] osm-w217058722: 6th Street
[7871/16883] osm-w220413412: East Elm Street
[7872/16883] osm-w225681795: North A Street
[7873/16883] osm-w257727559: Amherst Street
[7874/16883] osm-w305179133: South Sheridan Avenue
[7875/16883] osm-w311471350: North 50th Court
[7876/16883] osm-w322406750: Maass Road
[7877/16883] osm-w363751963: Big Sandy Lane
[7878/16883] osm-w365868583: Lincoln Avenue
[7879/16883] osm-w383558326: 16th Street
[7880/16883] osm-w408125642: South 119th Court
[7881/16883] osm-w410714114: Burt Street
[7882/16883] osm-w445846597: Taylor Street
[7883/16883] osm-w446013127: Highland Avenue
[7884/16883] osm-w446550614: B Street
[7885/16883] osm-w447634036: 1st Street
[7886/16883] osm-w447729145: Hickory Street
[7887/16883] osm-w448137320: Rodeo Drive
[7888/16883] osm-w456074986: Pioneers Boulevard
[7889/16883] osm-w469346910: 7th Street
[7890/16883] osm-w473097445: Dogwood Place
[7891/16883] osm-w482200401: North 23rd Street East
[7892/16883] osm-w489514478: West Maple Road
[7893/16883] osm-w492814632: West 12th Street
[7894/16883] osm-w550960389: McKinley Park Bridge
[7895/16883] osm-w553841012: South Maine Avenue
[7896/16883] osm-w573591438: West 7th Street
[7897/16883] osm-w691062745: South 234th Street
[7898/16883] osm-w722917994: East Tipperary Street
[7899/16883] osm-w729102036: East Military Avenue
[7900/16883] osm-w781655035: Polk Plaza
[7901/16883] osm-w904347718: Rawhide Road
[7902/16883] osm-w930034843: County Road N
[7903/16883] osm-w935638831: Avenue H
[7904/16883] osm-w951685597: North 5th Street
[7905/16883] osm-w997077438: 5th Street
[7906/16883] osm-w1030247127: North Saint Joseph Avenue
[7907/16883] osm-w1047442819: Marian Shrine Path
[7908/16883] osm-w1047442824: Mount Michael Road
[7909/16883] osm-w1082776468: Flying Cotton Loop
[7910/16883] osm-w1119673903: Bloomfield Drive
[7911/16883] osm-w1230235212: West State Street
[7912/16883] osm-w1237200414: East Cary Street
[7913/16883] osm-w1263570933: Mason Road
[7914/16883] osm-w1270460621: West 9th Street
[7915/16883] osm-w1278291787: South Shannon Street
[7916/16883] osm-w1282011521: West 20th Street
[7917/16883] osm-w1333196539: North 107th Plaza
[7918/16883] osm-w1339407283: Mount Hope Cemetery Road
[7919/16883] osm-w1339746635: US Highway 6
[7920/16883] osm-w1362016068: 3rd Street
[7921/16883] osm-w1364624763: Seward Plaza
[7922/16883] osm-w1364654349: Chicago Street
[7923/16883] osm-w1364654351: North 129th Street
[7924/16883] osm-w1364654355: South 128th Plaza
[7925/16883] osm-w1369823176: South 113th Street
[7926/16883] osm-w1371908616: Seward Street
[7927/16883] osm-w1372153860: California Plaza
[7928/16883] osm-w1388902906: Browne Street
[7929/16883] osm-w1420877922: 10th Street
[7930/16883] osm-w1430316502: Mt Michael Cross Country Path
[7931/16883] osm-w1432485623: Elm Street
[7932/16883] osm-w1434986749: Clay Circle
[7933/16883] osm-w1447612890: Wildcat Drive
[7934/16883] osm-w1462659592: DaCovid
[7935/16883] osm-w1462659615: Park Drive
[7936/16883] osm-w1468890052: Dawes County, Nebraska, 69339, United States
[7937/16883] osm-w1468891385: 12th Street East
[7938/16883] osm-w1468903322: Avenue N
[7939/16883] osm-w1468970004: Chestnut Road
[7940/16883] osm-w1468971542: Fiddler Creek Road
[7941/16883] osm-w1469941000: South Broadway Street
[7942/16883] osm-w1469942812: North Tyler Street
[7943/16883] osm-w1469943491: East Sapp Street
[7944/16883] osm-w1469945273: West York Street
[7945/16883] osm-w1469945745: North 3rd Street
[7946/16883] osm-w1469945852: Bellwood Drive
[7947/16883] osm-w1469951976: 7th Street
[7948/16883] osm-w1469967842: Riverside Boulevard
[7949/16883] osm-w1469967848: Douglas Street
[7950/16883] osm-w1469968363: Central Avenue
[7951/16883] osm-w1469968388: North Commercial Street
[7952/16883] osm-w1469968508: East 13th Street
[7953/16883] osm-w1469968528: Kuesters Lake, Hall County, Nebraska, 68801, United States
[7954/16883] osm-w1469968847: 10th Street
[7955/16883] osm-w1470081830: Old Mill Road
[7956/16883] osm-w1470085258: Kingsley Avenue
[7957/16883] osm-w1470091150: Arboretum Avenue
[7958/16883] osm-w1470092295: Veterans Drive
[7959/16883] osm-w1470095122: North Somers Avenue
[7960/16883] osm-w1470095315: Seward Street
[7961/16883] osm-w1470096580: South 9th Street
[7962/16883] osm-w1476704979: Gramercy Road
[7963/16883] osm-w1482930255: Pacific Street
[7964/16883] osm-w1526463740: Ventura Drive
[7965/16883] osm-w1529156337: I 80
[7966/16883] osm-w1535689604: Creek Side Drive
[7967/16883] osm-w1540853410: 4th Street
[7968/16883] osm-w27931452: Main Street
[7969/16883] osm-w34980149: South Avenue
[7970/16883] osm-w52960795: Anderson Lane
[7971/16883] osm-w65491398: North Shore Road
[7972/16883] osm-w82994241: Kendall Pond Road
[7973/16883] osm-w85701564: Trigate Road
[7974/16883] osm-w85999193: Fenway
[7975/16883] osm-w87014970: High Range Road
[7976/16883] osm-w87786893: Pheasant Run Road
[7977/16883] osm-w88056200: High Range Road
[7978/16883] osm-w88147343: Lawrence Road
[7979/16883] osm-w90086315: Sirod Road
[7980/16883] osm-w90086318: Sirod Road
[7981/16883] osm-w91356825: Grandview Road
[7982/16883] osm-w92988019: Veterans Way
[7983/16883] osm-w93659427: Floyd Road
[7984/16883] osm-w97263071: North Shore Road
[7985/16883] osm-w97837704: Kingsbury Street
[7986/16883] osm-w98080024: Tokanel Drive
[7987/16883] osm-w98080028: Ross Drive
[7988/16883] osm-w98080031: Ross Drive
[7989/16883] osm-w98262035: King Henry Drive
[7990/16883] osm-w98262037: Hardy Road
[7991/16883] osm-w98262041: King Henry Drive
[7992/16883] osm-w98679189: Old Manchester Road
[7993/16883] osm-w100251769: Owl Road
[7994/16883] osm-w100251885: Falcon Road
[7995/16883] osm-w104790180: Jefferson Drive
[7996/16883] osm-w107936550: Country Village Road
[7997/16883] osm-w110244336: Lisa Road
[7998/16883] osm-w115042662: Hawthorne Road
[7999/16883] osm-w115042699: Chestnut Street
[8000/16883] osm-w115050681: Blossom Road
[8001/16883] osm-w115050701: Sherwood Road
[8002/16883] osm-w118881219: Eagle Drive
[8003/16883] osm-w118937885: Main Street
[8004/16883] osm-w120089610: Towhee Drive
[8005/16883] osm-w120320326: Johnny Hill Trail
[8006/16883] osm-w120326835: Heritage Hill Road
[8007/16883] osm-w120375686: Springwood Circle
[8008/16883] osm-w121643928: Keyes Hill Road
[8009/16883] osm-w124990321: Redhook Way
[8010/16883] osm-w125436989: Jeremy Hill Road
[8011/16883] osm-w127691865: Autumn Street
[8012/16883] osm-w129175299: Presidential Drive
[8013/16883] osm-w129281831: Lancaster Road
[8014/16883] osm-w129484728: Mammoth Road
[8015/16883] osm-w130622394: Gowing Road
[8016/16883] osm-w132395408: Everett Turnpike
[8017/16883] osm-w135054321: Heritage Hill Road
[8018/16883] osm-w135126476: Gowing Road
[8019/16883] osm-w147498479: Spaulding Hill Road
[8020/16883] osm-w148500746: Chagnon Lane
[8021/16883] osm-w148546841: Simpson Road
[8022/16883] osm-w171790763: NH 9A
[8023/16883] osm-w181465271: Center Court
[8024/16883] osm-w186940467: Stumpfield Road
[8025/16883] osm-w192448541: Pondview Lane
[8026/16883] osm-w202317681: Summer Drive
[8027/16883] osm-w220085638: Sewall Street
[8028/16883] osm-w226938886: Center Street
[8029/16883] osm-w229531720: Tiffany Hill Road
[8030/16883] osm-w236669502: Indian Rock Road
[8031/16883] osm-w238017336: Elizabeth Way
[8032/16883] osm-w238945179: Maidstone Road
[8033/16883] osm-w242170797: Brookdale Road
[8034/16883] osm-w262494833: Scott Road
[8035/16883] osm-w262545359: Martingale Road
[8036/16883] osm-w262616604: Burt Street
[8037/16883] osm-w262617592: Amherst, Hillsborough County, New Hampshire, United States
[8038/16883] osm-w262799685: Hickory Lane
[8039/16883] osm-w263355043: Clinton Street
[8040/16883] osm-w268785914: Mountain Drive
[8041/16883] osm-w270253850: Village Common Court
[8042/16883] osm-w270364265: Bennington, Hillsborough County, New Hampshire, 03442, Unite
[8043/16883] osm-w289483393: Kancamagus Highway
[8044/16883] osm-w290911191: Milk Road
[8045/16883] osm-w293969744: Music Row
[8046/16883] osm-w298244789: Sachem Circle
[8047/16883] osm-w332293559: West River Drive
[8048/16883] osm-w343743003: Olde English Road
[8049/16883] osm-w364000495: Shell Meetinghouse Road
[8050/16883] osm-w371369679: Main Street
[8051/16883] osm-w371986632: Marina Heights
[8052/16883] osm-w371986633: Wild Rose Lane
[8053/16883] osm-w371986635: Wild Rose Lane
[8054/16883] osm-w405076777: Orourke Drive
[8055/16883] osm-w405076778: Tomahawk Lane
[8056/16883] osm-w407770954: Lafayette Road
[8057/16883] osm-w407770972: Spinney Road
[8058/16883] osm-w407771032: Lincoln Avenue
[8059/16883] osm-w407771034: Maplewood Avenue
[8060/16883] osm-w435209380: Wentworth Road
[8061/16883] osm-w435318663: Regina Road
[8062/16883] osm-w435645615: Dow Lane
[8063/16883] osm-w436557061: Straws Point Road
[8064/16883] osm-w437195288: Sea Road
[8065/16883] osm-w437448939: Grove Road
[8066/16883] osm-w437575304: Old Locke Road
[8067/16883] osm-w441205834: Monadnock View Road
[8068/16883] osm-w488718457: Random Road
[8069/16883] osm-w507579541: Oliver Street
[8070/16883] osm-w510559190: Curriers Cove
[8071/16883] osm-w516679494: Warren Farm Lane
[8072/16883] osm-w589994696: Raymond Road
[8073/16883] osm-w613806886: Hunt Road
[8074/16883] osm-w674947137: Dewitt Drive
[8075/16883] osm-w674947143: Dewitt Drive
[8076/16883] osm-w771621228: Ropewalk East Drive
[8077/16883] osm-w829913976: Chiefs Way
[8078/16883] osm-w830377729: Cranmore Ridge Drive
[8079/16883] osm-w830399100: Northeast Village Road
[8080/16883] osm-w830860753: Balch Avenue
[8081/16883] osm-w832322292: Via Tranquilla
[8082/16883] osm-w833538801: Hooksett, Merrimack County, New Hampshire, 03106, United Sta
[8083/16883] osm-w836495055: Scribner Road
[8084/16883] osm-w837382545: Dogford Road
[8085/16883] osm-w844339181: Clover Lane
[8086/16883] osm-w844341181: Maplewood Lane
[8087/16883] osm-w854079417: Edgewood Heights
[8088/16883] osm-w857989432: Sunset Trail
[8089/16883] osm-w858563477: Nartoff Road
[8090/16883] osm-w858852354: Howe Lane
[8091/16883] osm-w859304707: Powers Road
[8092/16883] osm-w859458751: Hannah Drive
[8093/16883] osm-w862976386: Rideout Road
[8094/16883] osm-w868388945: Country Side Boulevard
[8095/16883] osm-w871561805: Heather Street
[8096/16883] osm-w878964812: Campbell Street
[8097/16883] osm-w881102411: Vassar Street
[8098/16883] osm-w909132248: Fernwood Farms Road
[8099/16883] osm-w931023610: Glenbrook Road
[8100/16883] osm-w954634948: Riverside Lane
[8101/16883] osm-w967099660: Pond Woods Road
[8102/16883] osm-w985216519: Blackfoot Drive
[8103/16883] osm-w1007503125: North Main Street
[8104/16883] osm-w1014423762: Catlin Estate Road
[8105/16883] osm-w1036669702: Pinecrest Drive
[8106/16883] osm-w1038140538: Palomino Lane
[8107/16883] osm-w1041582124: Meadow Road
[8108/16883] osm-w1087346681: Alton, Belknap County, New Hampshire, 03896, United States
[8109/16883] osm-w1088280061: Moultonborough, Carroll County, New Hampshire, 03853, United
[8110/16883] osm-w1088638525: Everetts Drive
[8111/16883] osm-w1107759782: West Point Road
[8112/16883] osm-w1126127675: Weirs Beach, Laconia, Belknap County, New Hampshire, 03247, 
[8113/16883] osm-w1126131672: Cow Path Drive
[8114/16883] osm-w1153055251: Lang Road
[8115/16883] osm-w1154306424: Fernwood Point Road
[8116/16883] osm-w1154579981: Rocky Road
[8117/16883] osm-w1156644450: Malia Terrace
[8118/16883] osm-w1156972036: Burkehaven Hill Road
[8119/16883] osm-w1156972037: Heritage Drive
[8120/16883] osm-w1172879794: Greenough Road
[8121/16883] osm-w1177590137: Garnet Hill Road
[8122/16883] osm-w1180693436: Jobs Creek Road
[8123/16883] osm-w1181786298: State Route 103A
[8124/16883] osm-w1216596701: Youngs Hill Road
[8125/16883] osm-w1218860197: Buzzell Cove Road
[8126/16883] osm-w1218860204: Moultonborough, Carroll County, New Hampshire, 03850, United
[8127/16883] osm-w1218860206: Spaulding Circle
[8128/16883] osm-w1219107872: Harbourside Drive
[8129/16883] osm-w1219375164: Dock Shore Lane
[8130/16883] osm-w1219584544: Skywatch Road
[8131/16883] osm-w1219914481: Wyman Trail
[8132/16883] osm-w1219916201: Wyman Trail
[8133/16883] osm-w1219919202: Moultonborough, Carroll County, New Hampshire, 03850, United
[8134/16883] osm-w1219919209: Winaukee Road
[8135/16883] osm-w1219919218: Crosswinds Drive
[8136/16883] osm-w1219919220: Lunt Road
[8137/16883] osm-w1219919222: Geneva Point Road
[8138/16883] osm-w1219919234: Ruppert Road
[8139/16883] osm-w1219919235: Windemere Road
[8140/16883] osm-w1219919238: Moultonborough, Carroll County, New Hampshire, United States
[8141/16883] osm-w1219919241: Moultonborough, Carroll County, New Hampshire, United States
[8142/16883] osm-w1219919243: Pot O'Beans Road
[8143/16883] osm-w1219919244: Windward Avenue
[8144/16883] osm-w1220097151: Hanson Mill Road
[8145/16883] osm-w1220097154: Richardson Shore Road
[8146/16883] osm-w1220152577: Clement Road
[8147/16883] osm-w1220388700: Geneva Point Road
[8148/16883] osm-w1220393446: Island View Drive
[8149/16883] osm-w1220398365: Alderberry Lane
[8150/16883] osm-w1220616313: Krainewood Drive
[8151/16883] osm-w1220670508: Red Hill Road
[8152/16883] osm-w1221046164: Wolfeboro, Carroll County, New Hampshire, United States
[8153/16883] osm-w1221046172: Wolfeboro, Carroll County, New Hampshire, United States
[8154/16883] osm-w1221046181: Asquan Road
[8155/16883] osm-w1221064101: Private Road
[8156/16883] osm-w1221064106: Portage Pass Road
[8157/16883] osm-w1230934928: Brookside Circle
[8158/16883] osm-w1231575555: Marcus Road
[8159/16883] osm-w1231705854: North Groton Road
[8160/16883] osm-w1231705857: Langdorf Street
[8161/16883] osm-w1231735352: Bean Road
[8162/16883] osm-w1231735353: Bean Road
[8163/16883] osm-w1231735354: Sabine Point Road
[8164/16883] osm-w1231735370: Chanticleer Shores
[8165/16883] osm-w1231735372: Gilford, Belknap County, New Hampshire, 03249, United States
[8166/16883] osm-w1231735373: Old Rail Road
[8167/16883] osm-w1231735376: Samoset Drive
[8168/16883] osm-w1231735379: Country Village Way
[8169/16883] osm-w1231735383: Windswept Lane
[8170/16883] osm-w1231785471: Chase Point, Tuftonboro, Carroll County, New Hampshire, 0385
[8171/16883] osm-w1231785476: Chase Pt Road
[8172/16883] osm-w1231785477: Chase Pt Road
[8173/16883] osm-w1231785482: Caverly Point Road
[8174/16883] osm-w1231785483: Caverly Point Road
[8175/16883] osm-w1231785484: Sawyer Point Road
[8176/16883] osm-w1231785490: Federal Corner, Tuftonboro, Carroll County, New Hampshire, 0
[8177/16883] osm-w1231785497: West Chase Point Road
[8178/16883] osm-w1231785498: Middle Chase Pt Road
[8179/16883] osm-w1231789723: Leavitt Hill Road
[8180/16883] osm-w1231795744: Lake Country Road
[8181/16883] osm-w1231795745: Snell Road
[8182/16883] osm-w1243811753: West Shore Road
[8183/16883] osm-w1255683457: Little Sunapee Road
[8184/16883] osm-w1266562616: Davis Hill Road
[8185/16883] osm-w1268739641: Otterville, New London, Merrimack County, New Hampshire, 037
[8186/16883] osm-w1293298145: Range Road
[8187/16883] osm-w1293298148: Range Road
[8188/16883] osm-w1302978363: Hampstead, Rockingham County, New Hampshire, 03841, United S
[8189/16883] osm-w1304502228: Deer Park Drive
[8190/16883] osm-w1304502237: Mountain River East Road
[8191/16883] osm-w1322011339: Burns Road
[8192/16883] osm-w1322011385: Little Pond Road
[8193/16883] osm-w1322011549: March Road
[8194/16883] osm-w1322011639: Yellow Trail 0.8mi
[8195/16883] osm-w1327816596: Coolidge Farm Road
[8196/16883] osm-w1329513100: Potter Road
[8197/16883] osm-w1329684297: Waynes Way
[8198/16883] osm-w1334348996: Brentwood, Rockingham County, New Hampshire, 03042, United S
[8199/16883] osm-w1336859002: Peppermint Street
[8200/16883] osm-w1353571078: Maple Acres, Keene, Cheshire County, New Hampshire, 03431, U
[8201/16883] osm-w1354039115: Morey House Drive
[8202/16883] osm-w1354039460: Old Henniker Road
[8203/16883] osm-w1354039549: Garrison Lane
[8204/16883] osm-w1354699820: Seasons at Attitash Road
[8205/16883] osm-w1376541606: Plain Road
[8206/16883] osm-w1389974326: Patrician Shores Circle
[8207/16883] osm-w1415572533: West Hill Road
[8208/16883] osm-w1417580065: Retrograde
[8209/16883] osm-w1420263583: Nottingham Road
[8210/16883] osm-w1425073430: Lynnewood Road
[8211/16883] osm-w1425538151: Mentor Avenue
[8212/16883] osm-w1425538407: Plummer Point, Laconia, Belknap County, New Hampshire, 03247
[8213/16883] osm-w1425538688: Shane Way
[8214/16883] osm-w1425538755: Weirs Boulevard
[8215/16883] osm-w1431028811: Recreation Drive
[8216/16883] osm-w1432481453: Edgewater Drive
[8217/16883] osm-w1442923768: Lafayette Street
[8218/16883] osm-w1456089067: Mountain Road
[8219/16883] osm-w1456333039: Fullam Hill Road
[8220/16883] osm-w1456581294: Fox Ridge Resort Drive
[8221/16883] osm-w1457570531: Jackson, Carroll County, New Hampshire, 03846, United States
[8222/16883] osm-w1457822392: Falls Lane
[8223/16883] osm-w1460213605: Easton Valley Road
[8224/16883] osm-w1480157672: Cushing Corner Road
[8225/16883] osm-w1486074060: Brown Road
[8226/16883] osm-w1486074562: Ogantz Road
[8227/16883] osm-w1486074781: Limited Liability
[8228/16883] osm-w1486193558: Village Loop Trail
[8229/16883] osm-w1486816660: Hurricane Mountain Road
[8230/16883] osm-w1486816792: Purple Finch Road
[8231/16883] osm-w1486816926: Glen Ellis Campground
[8232/16883] osm-w1486817520: Old Shawtown Road
[8233/16883] osm-w1486817795: Abel Boulevard
[8234/16883] osm-w1486818884: Lucas Pond Road
[8235/16883] osm-w1493263123: River Road
[8236/16883] osm-w1493301322: Cromwell Drive
[8237/16883] osm-w1493791281: Mourlyn Road
[8238/16883] osm-w1495677339: Blueberry Lane
[8239/16883] osm-w1495773691: Nashua Road
[8240/16883] osm-w1497812995: High Ridge Road
[8241/16883] osm-w1499802449: SRK Greenway
[8242/16883] osm-w1499983695: Logging Trail
[8243/16883] osm-w1499985088: Wellfield Road
[8244/16883] osm-w1499985220: Overlook at Indian Cave Landing
[8245/16883] osm-w1504021469: Route 13
[8246/16883] osm-w1504659191: Chalk Pond Road
[8247/16883] osm-w1507508774: Bluejay Parkway
[8248/16883] osm-w1523133206: McEvoy Drive
[8249/16883] osm-w1534449958: River Road
[8250/16883] osm-w1541339083: Valley Cross Road
[8251/16883] osm-w1541339953: White Mountain Highway
[8252/16883] osm-w1541340388: East Madison Road
[8253/16883] osm-w1541340626: Ossipee Lake Road
[8254/16883] osm-w1541974390: Windsor Way
[8255/16883] osm-w1542158556: Saddle Trail Drive
[8256/16883] osm-w1543289198: Bay Road
[8257/16883] osm-w1543328335: Gosport
[8258/16883] osm-w1544863653: Roberts Road
[8259/16883] osm-w1544944823: White Mountain Highway
[8260/16883] osm-w1546045178: State Route 103A
[8261/16883] osm-w1546047212: East Road
[8262/16883] osm-w1546047591: Lower Parking Lot Road
[8263/16883] osm-w1546048227: Belknap Drive
[8264/16883] osm-w1552421612: Crawford Notch Road
[8265/16883] osm-w1552422609: Route 117
[8266/16883] osm-w1425531171: East Cos Cob Drive
[8267/16883] osm-w1425530918: East Navesink Drive
[8268/16883] osm-n13907646007: Clifton Mill Road
[8269/16883] osm-n13976340959: Pollara Lane
[8270/16883] osm-n13987368654: Tiger Drive
[8271/16883] osm-n13987407339: Jennings Court
[8272/16883] osm-n13987410112: Mt Pleasant - Tuckahoe Road
[8273/16883] osm-n13996422176: Swartswood Road
[8274/16883] osm-n14020974538: Somerset Street
[8275/16883] osm-n14068507355: Irontown Circle
[8276/16883] osm-n14068507357: Pond Hollow Drive
[8277/16883] osm-n14068507358: West Elro Drive
[8278/16883] osm-n14096716717: Franklin Township, Somerset County, New Jersey, 08880, Unite
[8279/16883] osm-w26334385: Bradevelt, Marlboro Township, Monmouth County, New Jersey, 0
[8280/16883] osm-w32657447: McGill Avenue
[8281/16883] osm-w36877461: Vail Court
[8282/16883] osm-w60323406: Sycamore Drive
[8283/16883] osm-w76844948: Olney Avenue
[8284/16883] osm-w84055373: Bertrand Island Road
[8285/16883] osm-w85520843: Stanhope, Sussex County, New Jersey, 07874, United States
[8286/16883] osm-w86982106: Meadow Pond Road
[8287/16883] osm-w93810275: Long Beach Boulevard
[8288/16883] osm-w95200265: Little Falls Road
[8289/16883] osm-w128207445: Panther Lake Road
[8290/16883] osm-w150583428: Hardscrabble Road
[8291/16883] osm-w158789553: Old Bridge Turnpike
[8292/16883] osm-w179849236: Chimney Court
[8293/16883] osm-w180806996: Meadow Drive
[8294/16883] osm-w181771376: Bentley Court
[8295/16883] osm-w198248692: Cedar Street
[8296/16883] osm-w198406132: Morningside Avenue
[8297/16883] osm-w201826675: North Oakland Avenue
[8298/16883] osm-w205093723: Veterans Memorial Highway
[8299/16883] osm-w222068919: North Monroe Street
[8300/16883] osm-w223486314: Seward Place
[8301/16883] osm-w228602974: Sayre Drive
[8302/16883] osm-w231446830: East Wolfert Station Road
[8303/16883] osm-w237317685: Bald Eagle Road
[8304/16883] osm-w240737215: Stephenson Road
[8305/16883] osm-w241358849: Warren Corp Center Drive
[8306/16883] osm-w244765653: New Providence, Union County, New Jersey, 07974, United Stat
[8307/16883] osm-w244765657: Sunset Drive
[8308/16883] osm-w246074519: Scudders Mill Road
[8309/16883] osm-w246253574: Stillbrook Lane
[8310/16883] osm-w247250693: US 22
[8311/16883] osm-w247357671: 4th Avenue
[8312/16883] osm-w248700972: Watchung View Terrace
[8313/16883] osm-w251210352: Jamestown Boulevard
[8314/16883] osm-w251534956: Hanson Avenue
[8315/16883] osm-w251540105: Kate Terrace
[8316/16883] osm-w252402815: Sylvania Place
[8317/16883] osm-w252474866: Sunrise Drive
[8318/16883] osm-w252692136: Teaberry Lane
[8319/16883] osm-w254258322: US 202;US 206
[8320/16883] osm-w254566720: Dorset Lane
[8321/16883] osm-w255158510: Little Wolf Road
[8322/16883] osm-w255355200: Harvey Drive
[8323/16883] osm-w256371755: Hobart Avenue
[8324/16883] osm-w256718580: Springfield Avenue
[8325/16883] osm-w258817223: Cabot Court
[8326/16883] osm-w259245429: Arbour Lane
[8327/16883] osm-w259856154: Mountain View Way
[8328/16883] osm-w261270046: Larned Road
[8329/16883] osm-w263908663: Devon Drive
[8330/16883] osm-w263998572: Pond View Terrace
[8331/16883] osm-w264666942: Wall Street
[8332/16883] osm-w265319410: Pierce Avenue
[8333/16883] osm-w266870028: Greenfield Heights, West Deptford Township, Gloucester Count
[8334/16883] osm-w268535486: Altamont Place
[8335/16883] osm-w268711903: Pines Road
[8336/16883] osm-w268931955: Break Back Run Trail
[8337/16883] osm-w268943695: Veterans Memorial Drive East
[8338/16883] osm-w269115344: Dudley Court
[8339/16883] osm-w269831548: Linden Street
[8340/16883] osm-w270004145: East Wisteria Road
[8341/16883] osm-w271197815: Pebble
[8342/16883] osm-w272695123: Yellow Trail
[8343/16883] osm-w276428186: Walter Drive
[8344/16883] osm-w277871781: Merian Way
[8345/16883] osm-w278327645: College Road East
[8346/16883] osm-w281064011: Lake Drive
[8347/16883] osm-w283437380: Patriots' Path
[8348/16883] osm-w284308209: Hendrickson Drive
[8349/16883] osm-w285235340: Dwyer Lane
[8350/16883] osm-w291478476: Province Line Road
[8351/16883] osm-w291493501: Kossuth Street
[8352/16883] osm-w292070084: Great Road
[8353/16883] osm-w299047778: Haines Avenue
[8354/16883] osm-w299117327: Patton Avenue
[8355/16883] osm-w299598561: Como Terrace
[8356/16883] osm-w299615676: Bonnie Brae Road
[8357/16883] osm-w303802149: US Highway 206
[8358/16883] osm-w305093644: Marshall Street
[8359/16883] osm-w311212265: Beatrice Johnson Way
[8360/16883] osm-w311432479: Woodland Avenue
[8361/16883] osm-w311483907: Cranbury Road
[8362/16883] osm-w312157343: Auer Court
[8363/16883] osm-w315407427: Surrey Lane
[8364/16883] osm-w315685499: NJ 10
[8365/16883] osm-w316315874: New Vernon Road
[8366/16883] osm-w316315879: New Vernon Road
[8367/16883] osm-w317471465: Green Trail
[8368/16883] osm-w318396149: Fairview Avenue
[8369/16883] osm-w318397381: Kevin Place
[8370/16883] osm-w327353055: Forest Drive
[8371/16883] osm-w327524405: Wayne Avenue
[8372/16883] osm-w328884461: Woodbridge Commons Way
[8373/16883] osm-w329208683: New Jersey Turnpike
[8374/16883] osm-w329399488: Maple Avenue
[8375/16883] osm-w333106768: Amanda Court
[8376/16883] osm-w335078333: Maple Hill Drive
[8377/16883] osm-w338547145: Central Avenue
[8378/16883] osm-w339070831: Grovers Mill Road
[8379/16883] osm-w344014059: Anderson Road
[8380/16883] osm-w345644740: Busky Lane
[8381/16883] osm-w346019621: Manunkachunk Road
[8382/16883] osm-w348371366: Iris Court
[8383/16883] osm-w350586989: South View Drive
[8384/16883] osm-w351043305: Avenue of Heroes
[8385/16883] osm-w358411469: Powerville Road
[8386/16883] osm-w362052380: South Johnson Boulevard
[8387/16883] osm-w364758708: Charm Street
[8388/16883] osm-w366535837: Rahway Road
[8389/16883] osm-w370372878: 85th Street
[8390/16883] osm-w373709037: River Road
[8391/16883] osm-w379236480: Village Drive
[8392/16883] osm-w379236581: Henley Drive
[8393/16883] osm-w383668084: Stonegate, Birchfield, Mount Laurel Township, Burlington Cou
[8394/16883] osm-w386388548: Camp Tecumseh Road
[8395/16883] osm-w395195276: Jane Way
[8396/16883] osm-w395704645: Rockaway Valley, Boonton Township, Morris County, New Jersey
[8397/16883] osm-w395945665: Ogden Avenue
[8398/16883] osm-w400097751: Barer Lane
[8399/16883] osm-w405212929: Mountain Lake Road
[8400/16883] osm-w409852188: North Boulevard
[8401/16883] osm-w410374722: Bloomingdale, Passaic County, New Jersey, 07403, United Stat
[8402/16883] osm-w415319551: McCain Lane
[8403/16883] osm-w415319556: Lower YMCA Road
[8404/16883] osm-w418563844: Avalon Bay Drive
[8405/16883] osm-w423987311: Valen Court
[8406/16883] osm-w423988198: Franklin Lake Road
[8407/16883] osm-w427122820: Hughes Avenue
[8408/16883] osm-w427764515: Riverview Lane
[8409/16883] osm-w436317193: Lenape Lane
[8410/16883] osm-w443647500: Lafferty Drive
[8411/16883] osm-w444853605: Redhaven Drive
[8412/16883] osm-w449120561: Hidden Lane
[8413/16883] osm-w453363357: Jefferson Road
[8414/16883] osm-w455235163: Millbrook Road
[8415/16883] osm-w455386598: Whippany, Hanover Township, Morris County, New Jersey, 07981
[8416/16883] osm-w462489305: Hamilton Drive
[8417/16883] osm-w468537584: West Dominion Drive
[8418/16883] osm-w469211295: North Chestnut Street
[8419/16883] osm-w474675554: Benson Avenue
[8420/16883] osm-w474923296: Devon Court
[8421/16883] osm-w475819836: Waterfront Terrace
[8422/16883] osm-w477763941: Lake Drive
[8423/16883] osm-w479772283: Randolph Road
[8424/16883] osm-w481700415: Atlantic Avenue
[8425/16883] osm-w482885048: Jocelyn Avenue
[8426/16883] osm-w487126587: Garden State Parkway
[8427/16883] osm-w493732463: James Johnson Estates
[8428/16883] osm-w493732467: Uxbridge Drive
[8429/16883] osm-w496802149: Lake Drive
[8430/16883] osm-w498460054: Flagman Place
[8431/16883] osm-w502144663: James Court
[8432/16883] osm-w502158109: Meridian Court
[8433/16883] osm-w502911359: Tomlinson Mill Road
[8434/16883] osm-w511383659: Henry Hudson Trail
[8435/16883] osm-w513400756: White Pine Apartments, Sturwood Hamlet, Lawrence Township, M
[8436/16883] osm-w515068810: Moore Lane
[8437/16883] osm-w515068816: Moore Lane
[8438/16883] osm-w515699170: Lazy Brook Road
[8439/16883] osm-w516417841: Mowat Circle
[8440/16883] osm-w518090970: Hurffville Road
[8441/16883] osm-w525038381: Bordentown-Crosswicks Road
[8442/16883] osm-w530330733: Drake Road
[8443/16883] osm-w531240659: Guntzer Street
[8444/16883] osm-w533782673: Greater Cross Roads, Bedminster Township, Somerset County, N
[8445/16883] osm-w538555274: Cheverny Court
[8446/16883] osm-w540239256: Portofino Drive
[8447/16883] osm-w541377002: Quarry Lane
[8448/16883] osm-w541580557: Central Avenue
[8449/16883] osm-w542355997: Franklin Township, Somerset County, New Jersey, 08880, Unite
[8450/16883] osm-w542868809: Main Street
[8451/16883] osm-w545686331: Wellington Avenue
[8452/16883] osm-w547501071: Morris Court
[8453/16883] osm-w548474390: John F. Kennedy Parkway
[8454/16883] osm-w549204896: Four Seasons Drive
[8455/16883] osm-w550463459: Forest Avenue
[8456/16883] osm-w554275971: Trenton Gardens, Hamilton Township, Mercer County, New Jerse
[8457/16883] osm-w561106389: Kennedy Lane
[8458/16883] osm-w565478768: Cooper River Trail - North
[8459/16883] osm-w565965240: Palisade Terrace
[8460/16883] osm-w579334625: Lilac Court
[8461/16883] osm-w579774499: Elberon Square
[8462/16883] osm-w579806032: Pacific Avenue
[8463/16883] osm-w584797874: Magnolia Avenue
[8464/16883] osm-w585161507: Cooper Avenue
[8465/16883] osm-w585295320: Schumm Square
[8466/16883] osm-w585477126: Casco Road
[8467/16883] osm-w587035569: Point View Parkway
[8468/16883] osm-w587349912: Spring Hill Circle
[8469/16883] osm-w590820508: Somersetin, Bernardsville, Somerset County, New Jersey, 0792
[8470/16883] osm-w593849881: Roosevelt Drive
[8471/16883] osm-w594252105: South Bell Road
[8472/16883] osm-w594769910: Cooper Landing Road
[8473/16883] osm-w594997066: Palisade Avenue
[8474/16883] osm-w595856619: East Drive
[8475/16883] osm-w596126281: Fremont Avenue
[8476/16883] osm-w598961096: Spar Drive
[8477/16883] osm-w603080085: Belle Arbor Drive
[8478/16883] osm-w603747086: Central Avenue
[8479/16883] osm-w607228479: Mansion Avenue
[8480/16883] osm-w608009382: Oak Street
[8481/16883] osm-w609543167: Taylor Woods Boulevard
[8482/16883] osm-w613185150: Schindler Drive South
[8483/16883] osm-w614107627: Arrowgate Drive
[8484/16883] osm-w614107629: Barclay Court
[8485/16883] osm-w614615705: Canterbury Court
[8486/16883] osm-w616441851: Saddle River Pathway
[8487/16883] osm-w617291402: Foremost Mountain Road
[8488/16883] osm-w619285249: Brook Street
[8489/16883] osm-w621348990: Westgate Road
[8490/16883] osm-w622143057: Frenchtown Road
[8491/16883] osm-w622467753: Washington Avenue
[8492/16883] osm-w624903515: Chestnut Street
[8493/16883] osm-w625373319: East View Court
[8494/16883] osm-w625459279: Carriage Gate Drive
[8495/16883] osm-w626010246: Golden Rod Court
[8496/16883] osm-w626035035: South New Jersey Avenue
[8497/16883] osm-w626254931: Middlesex Freeway
[8498/16883] osm-w626262550: Aspen Court
[8499/16883] osm-w627425458: Kresson Road
[8500/16883] osm-w627672282: Durango Court
[8501/16883] osm-w628545658: Demarest Lane
[8502/16883] osm-w628609782: Centennial Way
[8503/16883] osm-w628674188: Ramapo Lane
[8504/16883] osm-w628684277: South Queen Street
[8505/16883] osm-w628825859: Akers Avenue
[8506/16883] osm-w629642230: Paterson Avenue
[8507/16883] osm-w630060622: Kresson Road
[8508/16883] osm-w631409950: Glen Avenue
[8509/16883] osm-w631988686: Pond Drive
[8510/16883] osm-w633941568: American Legion Drive
[8511/16883] osm-w636074987: Drakes Corner Road
[8512/16883] osm-w636976926: Prospect Avenue
[8513/16883] osm-w639082321: Snug Harbor Avenue
[8514/16883] osm-w648311675: Eisenhower Drive
[8515/16883] osm-w653649220: North Woodleigh Drive
[8516/16883] osm-w653812376: Springdale Road
[8517/16883] osm-w659568421: Path Road
[8518/16883] osm-w663055405: Oakwood Road
[8519/16883] osm-w679014913: Cherrywood Drive
[8520/16883] osm-w681933813: West 3rd Street
[8521/16883] osm-w683508124: Franklin Township, Somerset County, New Jersey, 08873, Unite
[8522/16883] osm-w688452928: Ironwood Court
[8523/16883] osm-w688470058: Summer House Hill Road
[8524/16883] osm-w691116500: New Vernon Road
[8525/16883] osm-w695727579: Cedar Lane
[8526/16883] osm-w695756702: River Road
[8527/16883] osm-w696043333: Letter Avenue
[8528/16883] osm-w701940671: Jockey Hollow Road
[8529/16883] osm-w701980392: Halstead Street
[8530/16883] osm-w702425339: Millstone River Road
[8531/16883] osm-w703238778: Schoonmaker Road
[8532/16883] osm-w706541629: Shore Road
[8533/16883] osm-w712193388: High School Drive Way
[8534/16883] osm-w712987780: Church Road
[8535/16883] osm-w713850540: Frances Avenue
[8536/16883] osm-w714065870: Rivera Drive
[8537/16883] osm-w716998025: Wills Avenue
[8538/16883] osm-w716998027: East Mantua Avenue
[8539/16883] osm-w716998028: Parkville, West Deptford Township, Gloucester County, New Je
[8540/16883] osm-w716998032: Chestnut Avenue
[8541/16883] osm-w719979986: Millstone River Road
[8542/16883] osm-w733747670: Thornton Road
[8543/16883] osm-w733747673: Speer Avenue
[8544/16883] osm-w735637922: 7th Avenue
[8545/16883] osm-w735666829: Bell Place
[8546/16883] osm-w738701197: Seward Street
[8547/16883] osm-w741672528: Caribbean Way
[8548/16883] osm-w741673509: Mill Court
[8549/16883] osm-w741673510: Mason Drive
[8550/16883] osm-w741673511: Lindenwold Garden Apartments Road
[8551/16883] osm-w741673512: Georgetown Road
[8552/16883] osm-w741673513: Kenwood Drive
[8553/16883] osm-w741683500: Knoll Drive
[8554/16883] osm-w741683502: Fairwyck Lane
[8555/16883] osm-w741683503: Devon Avenue
[8556/16883] osm-w741683508: Midway Drive
[8557/16883] osm-w741743507: East Evesham Road
[8558/16883] osm-w745482200: Fenwick Avenue
[8559/16883] osm-w756380891: Magnolia Lane
[8560/16883] osm-w757725345: Lindsey Drive
[8561/16883] osm-w760064229: Montgomery Road
[8562/16883] osm-w766122464: Dorchester Circle
[8563/16883] osm-w766122903: Eldon Way
[8564/16883] osm-w771714591: Cedar Ridge Lane
[8565/16883] osm-w773004835: Harbour Drive
[8566/16883] osm-w773004863: Harbour Drive
[8567/16883] osm-w775737987: Franklin Drive
[8568/16883] osm-w777387113: Magnolia Road
[8569/16883] osm-w777388447: Conley Drive
[8570/16883] osm-w777388448: Conley Drive
[8571/16883] osm-w777388449: Country Lane
[8572/16883] osm-w778421603: Beaverbrook Terrace
[8573/16883] osm-w780994487: Palisade Avenue
[8574/16883] osm-w781120717: West 11th Street
[8575/16883] osm-w781315651: Long Beach Boulevard
[8576/16883] osm-w781570710: West 97th Street Jerome Avenue
[8577/16883] osm-w784537231: Long Beach Boulevard
[8578/16883] osm-w785455110: Wings Lane
[8579/16883] osm-w785455147: Loveladies, Long Beach Township, Ocean County, New Jersey, 0
[8580/16883] osm-w785471298: Sea Pines Road
[8581/16883] osm-w785898714: Loveladies, Long Beach Township, Ocean County, New Jersey, 0
[8582/16883] osm-w785986366: Loveladies, Long Beach Township, Ocean County, New Jersey, 0
[8583/16883] osm-w787312567: North Vendome Avenue
[8584/16883] osm-w788069195: Delaware Avenue
[8585/16883] osm-w788168123: Crane Drive
[8586/16883] osm-w791425589: Colts Neck Township, Monmouth County, New Jersey, 07722, Uni
[8587/16883] osm-w791425593: Waterview
[8588/16883] osm-w791425597: Margaret Place
[8589/16883] osm-w793369972: Paddock Lane
[8590/16883] osm-w793370036: Westfield Drive
[8591/16883] osm-w793918342: Valley Street
[8592/16883] osm-w794827600: Texas Avenue
[8593/16883] osm-w798021613: 15th Street
[8594/16883] osm-w799415816: Cypress Lane
[8595/16883] osm-w801938701: Douglas Avenue
[8596/16883] osm-w801942173: Sunset Boulevard
[8597/16883] osm-w804374279: Allen Drive
[8598/16883] osm-w805014179: Highridge Avenue
[8599/16883] osm-w806572262: Williams Terrace
[8600/16883] osm-w809591748: Cannon Road
[8601/16883] osm-w810018620: Lahn Lane
[8602/16883] osm-w810374174: White Oak Way
[8603/16883] osm-w813550190: Gorge Road
[8604/16883] osm-w821891862: Hirschklau Lane
[8605/16883] osm-w822405114: Barclay Lane
[8606/16883] osm-w822405127: Antietam Road
[8607/16883] osm-w832110308: Cherokee Trail
[8608/16883] osm-w835137560: Alexander Avenue
[8609/16883] osm-w839823939: Seaman Court
[8610/16883] osm-w842818622: River Road
[8611/16883] osm-w859802606: Dehart Drive
[8612/16883] osm-w866852900: Charlestown Court
[8613/16883] osm-w868429878: Jennifer Lane
[8614/16883] osm-w872026618: Middle Bench Court
[8615/16883] osm-w873110680: East Bay Avenue
[8616/16883] osm-w874024816: North Center Road
[8617/16883] osm-w876215364: East Circle Drive
[8618/16883] osm-w877604040: Burnt Hill Road
[8619/16883] osm-w877606715: Cherry Hill Road
[8620/16883] osm-w883135164: Union, Hunterdon County, New Jersey, 08809, United States
[8621/16883] osm-w886756963: Ocean Avenue
[8622/16883] osm-w886756974: Sunrise Way
[8623/16883] osm-w886756990: Low Moor, Sea Bright, Monmouth County, New Jersey, 07750, Un
[8624/16883] osm-w890333535: Shrewsbury Terrace
[8625/16883] osm-w890859469: Ocean Avenue
[8626/16883] osm-w890859493: Ocean Avenue
[8627/16883] osm-w892090135: Bay Boulevard
[8628/16883] osm-w892117541: Kent Place Boulevard
[8629/16883] osm-w894470946: Wentworth Circle
[8630/16883] osm-w896370834: Fells Road
[8631/16883] osm-w899318913: Edgar Felix Bikeway
[8632/16883] osm-w899318929: Atlantic Avenue
[8633/16883] osm-w901359792: 18th Avenue
[8634/16883] osm-w902509267: Banquet
[8635/16883] osm-w902671147: Society Hill Way
[8636/16883] osm-w905244475: Canal Street
[8637/16883] osm-w910159081: Mount Pleasant Road
[8638/16883] osm-w910409628: Morris Canal Greenway
[8639/16883] osm-w911386154: Haven Avenue
[8640/16883] osm-w911890800: Old Mill Road
[8641/16883] osm-w917557016: Walking Path
[8642/16883] osm-w917558562: Indigo Road
[8643/16883] osm-w917559307: South Orange Avenue
[8644/16883] osm-w917559333: Park Entrance
[8645/16883] osm-w917559523: Overlook Avenue
[8646/16883] osm-w917606051: Jackson Valley Road
[8647/16883] osm-w918341339: Elliott Street
[8648/16883] osm-w918380990: Ida Street
[8649/16883] osm-w918484436: Bruce Street
[8650/16883] osm-w920916846: Windsor Haven Drive
[8651/16883] osm-w921334297: Medford Township, Burlington County, New Jersey, 08055, Unit
[8652/16883] osm-w921826909: Black Oak Lane
[8653/16883] osm-w922084330: Raven Boulevard
[8654/16883] osm-w925295459: Jamie Brooks Lane
[8655/16883] osm-w932357958: Atlantic Boulevard
[8656/16883] osm-w933434166: Fox Meadow Drive
[8657/16883] osm-w934105965: Loch Arbor Way
[8658/16883] osm-w935903935: Coppertree Lane
[8659/16883] osm-w935904026: Wildlife Run
[8660/16883] osm-w938829270: Spencer Road
[8661/16883] osm-w944025621: Montgomery Avenue
[8662/16883] osm-w944376304: Wimbledon Court
[8663/16883] osm-w944378522: Lois Court
[8664/16883] osm-w945910883: Talbot Way
[8665/16883] osm-w946031948: Beekman Road
[8666/16883] osm-w946031949: Beekman Road
[8667/16883] osm-w946031950: Oak Forest Lane
[8668/16883] osm-w948589858: Washington Avenue
[8669/16883] osm-w949167789: Berkley Court
[8670/16883] osm-w949469578: Rich Street
[8671/16883] osm-w949779309: Butler Drive
[8672/16883] osm-w949838259: Harold Avenue
[8673/16883] osm-w949874438: Latrobe Drive
[8674/16883] osm-w950169474: Maple Avenue
[8675/16883] osm-w950219584: Jackson Township, Ocean County, New Jersey, 08527, United St
[8676/16883] osm-w951999395: Montammy Drive
[8677/16883] osm-w953045433: Saddle River County Park Path
[8678/16883] osm-w953257517: Lawrence Square Boulevard North
[8679/16883] osm-w953586328: Port au Peck Avenue
[8680/16883] osm-w954314950: Fox Run Drive
[8681/16883] osm-w954690914: Lydia Lane
[8682/16883] osm-w957022882: Deerfield Lane
[8683/16883] osm-w962409201: Skillman Road
[8684/16883] osm-w962617500: Sherman Avenue
[8685/16883] osm-w963310618: East Ridge Road
[8686/16883] osm-w963380423: Dogwood Lane
[8687/16883] osm-w964353577: West Renaissance Boulevard
[8688/16883] osm-w967677507: Esplande Drive
[8689/16883] osm-w967686273: Raccoon Lane
[8690/16883] osm-w967870666: South Point Boulevard
[8691/16883] osm-w967921887: Woodland Avenue
[8692/16883] osm-w968234353: Cross Country Trail
[8693/16883] osm-w968293038: South Station Avenue
[8694/16883] osm-w968311226: Castle Drive
[8695/16883] osm-w968312826: Preston Street
[8696/16883] osm-w970729210: Strickland Boulevard
[8697/16883] osm-w971703911: Ramapo Valley Road
[8698/16883] osm-w971822597: Canary Way
[8699/16883] osm-w972338355: Maple Avenue
[8700/16883] osm-w972607526: Memorial Drive
[8701/16883] osm-w972714983: Stein Way
[8702/16883] osm-w972714984: North Beach, Long Beach Township, Ocean County, New Jersey, 
[8703/16883] osm-w972716056: Barnegat Avenue
[8704/16883] osm-w972716057: Long Beach Boulevard
[8705/16883] osm-w972745612: Regent Street
[8706/16883] osm-w973536090: Steiner Place
[8707/16883] osm-w978000750: Fraser Avenue
[8708/16883] osm-w980412280: Hearthwood Drive
[8709/16883] osm-w985545317: Pennington-Harbourton Road
[8710/16883] osm-w987411857: Landis Avenue
[8711/16883] osm-w989222664: Ticetown Road
[8712/16883] osm-w990927930: Van Primus Lane
[8713/16883] osm-w990943301: Baker Way
[8714/16883] osm-w990987088: Independence Way
[8715/16883] osm-w995012603: Brighton Avenue
[8716/16883] osm-w995017521: Sheridan Avenue
[8717/16883] osm-w995023408: Park Path
[8718/16883] osm-w995024884: Inskip Avenue
[8719/16883] osm-w995402587: Carranza Road
[8720/16883] osm-w995717814: Aberdeen Lane
[8721/16883] osm-w995926178: Martins, Wantage, Sussex County, New Jersey, 07419, United S
[8722/16883] osm-w996500738: Evergreen Road
[8723/16883] osm-w997203863: Shore Road
[8724/16883] osm-w998466939: Spencer Street
[8725/16883] osm-w998564375: La Mer, Morgan, Sayreville, Middlesex County, New Jersey, 08
[8726/16883] osm-w999751442: McKinley Avenue
[8727/16883] osm-w1006494611: Rockwood Place
[8728/16883] osm-w1006771466: Gerard Place
[8729/16883] osm-w1013926335: 3rd Avenue
[8730/16883] osm-w1015958052: Crenshaw Drive
[8731/16883] osm-w1017512652: Castle Ridge Drive
[8732/16883] osm-w1024039582: Prentice Lane
[8733/16883] osm-w1033636407: Muirfield Court
[8734/16883] osm-w1036880276: Parker Avenue
[8735/16883] osm-w1036983039: Independence Way
[8736/16883] osm-w1038774732: Davies Drive
[8737/16883] osm-w1039230082: Rockleigh Road
[8738/16883] osm-w1040208232: Berger Street
[8739/16883] osm-w1040668712: Meadowlark
[8740/16883] osm-w1044595829: Whittingham Drive
[8741/16883] osm-w1044595842: Greenbriar at Whittingham, Half Acre, Monroe Township, Middl
[8742/16883] osm-w1047852624: Jersey Avenue
[8743/16883] osm-w1049586762: Shelly Road
[8744/16883] osm-w1053420979: Londonderry Drive
[8745/16883] osm-w1053420987: Hylan Road
[8746/16883] osm-w1055662237: Harvard Circle
[8747/16883] osm-w1055662249: Linton Drive
[8748/16883] osm-w1058400668: Main Street
[8749/16883] osm-w1065952116: Thames Drive
[8750/16883] osm-w1066783721: Artillery Park Road
[8751/16883] osm-w1067432860: Burlington Path Road
[8752/16883] osm-w1067633512: Behmer Road
[8753/16883] osm-w1068223353: Cliffwood Street
[8754/16883] osm-w1069720991: 2nd Street
[8755/16883] osm-w1069722184: Ellers Drive
[8756/16883] osm-w1069785313: Helen Avenue
[8757/16883] osm-w1069792983: Athletic Footpath
[8758/16883] osm-w1075430750: Garden State Parkway
[8759/16883] osm-w1076231010: Downer Avenue
[8760/16883] osm-w1077455815: West 18th Street
[8761/16883] osm-w1077700265: Metcalfe Street
[8762/16883] osm-w1079101413: Fernandez Court
[8763/16883] osm-w1080628693: Harper Street
[8764/16883] osm-w1081629762: East Atlantic Avenue
[8765/16883] osm-w1082769390: Arlington Avenue
[8766/16883] osm-w1085641572: Engle Street
[8767/16883] osm-w1086451585: Hoboken Newport Walkway
[8768/16883] osm-w1087931657: Robin Hood Drive
[8769/16883] osm-w1097055436: Crosswinds Parkway
[8770/16883] osm-w1097532062: Wesickaman Drive
[8771/16883] osm-w1098342137: Jacobs Road
[8772/16883] osm-w1106417784: Monteverdi Lane
[8773/16883] osm-w1113172790: Pancoast Boulevard
[8774/16883] osm-w1113472832: Windstar Drive
[8775/16883] osm-w1117686961: Ocean Drive
[8776/16883] osm-w1122054574: Leonardo Drive
[8777/16883] osm-w1122056701: Clarken Drive
[8778/16883] osm-w1122062195: Smith Manor Boulevard
[8779/16883] osm-w1123179155: Forest Hills Way
[8780/16883] osm-w1123214505: Highland Avenue
[8781/16883] osm-w1126086930: Briarwood Drive
[8782/16883] osm-w1126095028: Montclair, Essex County, New Jersey, 07042, United States
[8783/16883] osm-w1126122321: Cemetary Road
[8784/16883] osm-w1126583859: Club Place
[8785/16883] osm-w1126592079: Garden State Parkway
[8786/16883] osm-w1126603322: Main Street
[8787/16883] osm-w1132346537: Trans-Old Bridge Road
[8788/16883] osm-w1137664172: Lakeview Avenue
[8789/16883] osm-w1147163899: Cobble Street
[8790/16883] osm-w1148733240: Knoll Road
[8791/16883] osm-w1154861494: Whippany Road
[8792/16883] osm-w1155329463: Little Gloucester Road
[8793/16883] osm-w1155720823: Bedford Drive
[8794/16883] osm-w1156836112: East Millbrooke Avenue
[8795/16883] osm-w1158092799: Schooley's Mountain Road
[8796/16883] osm-w1163746047: Brooks Bend
[8797/16883] osm-w1163746048: Brooks Bend
[8798/16883] osm-w1163746058: Brooks Bend
[8799/16883] osm-w1163746066: Brooks Bend
[8800/16883] osm-w1163746073: Brooks Bend
[8801/16883] osm-w1163746075: Pretty Brook Road
[8802/16883] osm-w1163746641: Stuart Road
[8803/16883] osm-w1164991790: Wyndham Place
[8804/16883] osm-w1165302434: New Freedom Road
[8805/16883] osm-w1166009086: Elberon Avenue
[8806/16883] osm-w1168867567: Alberta Avenue
[8807/16883] osm-w1169220338: Ocean Avenue
[8808/16883] osm-w1169518828: Mountain Boulevard
[8809/16883] osm-w1173105076: Lindemann Avenue
[8810/16883] osm-w1173176603: Tina Place
[8811/16883] osm-w1174151008: Stouts Lane
[8812/16883] osm-w1174455616: Ortho Drive
[8813/16883] osm-w1174881179: Westfield Avenue
[8814/16883] osm-w1175437974: Parker Road
[8815/16883] osm-w1179609204: Ramapo Valley Road
[8816/16883] osm-w1180702238: Natale Way
[8817/16883] osm-w1182793533: Prospect Plains Road
[8818/16883] osm-w1185169877: Joyce Kilmer Avenue
[8819/16883] osm-w1185604424: Sheepfield Farms Road
[8820/16883] osm-w1185604431: Primrose Preserve Trail
[8821/16883] osm-w1185604455: Dogwood Lane
[8822/16883] osm-w1188171307: Normandie Lane
[8823/16883] osm-w1198480344: Malibu Drive
[8824/16883] osm-w1202430207: Schoolhouse Road
[8825/16883] osm-w1203751028: Glenwood, Vernon Township, Sussex County, New Jersey, 07461,
[8826/16883] osm-w1206752785: Fountayne Lane
[8827/16883] osm-w1207322866: Walkers Forge, Weymouth Township, Atlantic County, New Jerse
[8828/16883] osm-w1207555748: Fries Mill Road
[8829/16883] osm-w1207556220: Swedesboro Road
[8830/16883] osm-w1210158520: Hughes Court
[8831/16883] osm-w1211918187: Tallowood Drive
[8832/16883] osm-w1218549381: Hubbard Avenue
[8833/16883] osm-w1221427709: Good Luck Road
[8834/16883] osm-w1222884024: Lake Road
[8835/16883] osm-w1223636124: Shepherd Lane
[8836/16883] osm-w1226350194: White Horse, Hamilton Township, Mercer County, New Jersey, 0
[8837/16883] osm-w1239527327: Lamerson Circle
[8838/16883] osm-w1240795014: Plainsboro Center, Plainsboro Township, Middlesex County, Ne
[8839/16883] osm-w1242948568: Millville, Cumberland County, New Jersey, 08362, United Stat
[8840/16883] osm-w1245413633: Woodland Avenue
[8841/16883] osm-w1245416445: Elm Street
[8842/16883] osm-w1267146666: Valley Drive
[8843/16883] osm-w1270870988: Decker Pond Road
[8844/16883] osm-w1271077529: Stonegate Lane
[8845/16883] osm-w1271183135: Fox Run Drive
[8846/16883] osm-w1271292844: Northumberland Way
[8847/16883] osm-w1273273301: Succasunna, Roxbury Township, Morris County, New Jersey, 078
[8848/16883] osm-w1279196415: Osprey Road
[8849/16883] osm-w1280969000: Nottingham Way
[8850/16883] osm-w1282061626: Broadway
[8851/16883] osm-w1282061629: Hickory Lane
[8852/16883] osm-w1282061632: River Road
[8853/16883] osm-w1283375785: Elton Adelphia Road
[8854/16883] osm-w1289379189: Tidal Lane
[8855/16883] osm-w1291568881: LHT (B-D: Senior Ctr to HMS)
[8856/16883] osm-w1291601269: Boro Pathway 2
[8857/16883] osm-w1291601270: Cambridge Way
[8858/16883] osm-w1291601271: Cambridge Way
[8859/16883] osm-w1291601272: Cambridge Way
[8860/16883] osm-w1291601273: Marie Major Drive
[8861/16883] osm-w1291601276: Buckingham Drive
[8862/16883] osm-w1291601281: Autumn Terrace
[8863/16883] osm-w1291601282: Canterbury Court
[8864/16883] osm-w1291601283: Marie Major Drive
[8865/16883] osm-w1291601285: Grant Court
[8866/16883] osm-w1291601288: Timberline Drive
[8867/16883] osm-w1291601289: Schaffer Road
[8868/16883] osm-w1291601291: Buckingham Drive
[8869/16883] osm-w1291602040: Warren Lane
[8870/16883] osm-w1291602042: Frick Drive
[8871/16883] osm-w1291609129: 6th Street
[8872/16883] osm-w1298032190: Pine Brook Road
[8873/16883] osm-w1302159961: Aurora Street
[8874/16883] osm-w1302377652: Roger Court West
[8875/16883] osm-w1302538986: Florence Station, Roebling, Florence Township, Burlington Co
[8876/16883] osm-w1302540486: West Front Street
[8877/16883] osm-w1302541433: Dunns Mill Road
[8878/16883] osm-w1303174388: Hoboken Newport Walkway – Hudson River Waterfront Walkway
[8879/16883] osm-w1303211734: Rose Court
[8880/16883] osm-w1304300882: Yacht Club Drive
[8881/16883] osm-w1304369946: Point Pleasant Road
[8882/16883] osm-w1305106731: Stevens Circle Drive
[8883/16883] osm-w1305142208: Nottingham Square
[8884/16883] osm-w1305610987: Naughright Road
[8885/16883] osm-w1317301914: Squankum Yellowbrook Road
[8886/16883] osm-w1318155545: Church Lane
[8887/16883] osm-w1319394141: Brookfield Drive
[8888/16883] osm-w1321480729: North Garrison Road
[8889/16883] osm-w1321481623: Oakcrest Drive
[8890/16883] osm-w1321502664: Hidden Meadows Lane
[8891/16883] osm-w1321632239: Blue Heron Court
[8892/16883] osm-w1322411824: Bridle Way
[8893/16883] osm-w1322411849: Current Drive
[8894/16883] osm-w1322412205: Pequest Road
[8895/16883] osm-w1322412384: Fiddlers Creek Road
[8896/16883] osm-w1322412891: Amherst Avenue
[8897/16883] osm-w1322412980: Pitman Avenue
[8898/16883] osm-w1322413040: Honeyflower Drive
[8899/16883] osm-w1325479361: Drake Way
[8900/16883] osm-w1329507059: West Anna Street
[8901/16883] osm-w1329507077: Bennett Crossing
[8902/16883] osm-w1331113972: Stafford Park, Stafford Township, Ocean County, New Jersey, 
[8903/16883] osm-w1331114062: I 295
[8904/16883] osm-w1331114103: Greate Street
[8905/16883] osm-w1331114104: Shiloh Pike
[8906/16883] osm-w1331114106: High Street
[8907/16883] osm-w1331114110: Winterbury Drive
[8908/16883] osm-w1332093517: Rogers Road
[8909/16883] osm-w1332136305: Brady Drive
[8910/16883] osm-w1334462632: Hoover Drive
[8911/16883] osm-w1335027951: Dumont Road
[8912/16883] osm-w1343876620: Husted Landing Road
[8913/16883] osm-w1344481686: Love Lane
[8914/16883] osm-w1348288432: Marne Highway
[8915/16883] osm-w1348318899: Cedar Street
[8916/16883] osm-w1348751843: Old Drift Road
[8917/16883] osm-w1348774796: Gowdy Avenue
[8918/16883] osm-w1356801634: Terrill Road
[8919/16883] osm-w1356806757: Stow Road
[8920/16883] osm-w1356807011: Green Trail
[8921/16883] osm-w1356848943: Tallahassee Street
[8922/16883] osm-w1370425123: Manor Drive
[8923/16883] osm-w1370430023: Break Water Cove
[8924/16883] osm-w1377222803: Covered Bridge Road
[8925/16883] osm-w1383906548: Memorial Drive
[8926/16883] osm-w1388123749: Club House Drive
[8927/16883] osm-w1388126754: Brookstone Drive
[8928/16883] osm-w1388899270: Christopher Drive
[8929/16883] osm-w1389951822: Bergen Mills Road
[8930/16883] osm-w1394216871: Cushetunk Avenue
[8931/16883] osm-w1394561706: Wampum Road
[8932/16883] osm-w1394561946: Columbia Street
[8933/16883] osm-w1394562847: Park Road
[8934/16883] osm-w1394563069: Manor Road
[8935/16883] osm-w1394563212: Rockaway Township, Morris County, New Jersey, 07885, United 
[8936/16883] osm-w1394564396: Raymond Road
[8937/16883] osm-w1394565040: Salina Road
[8938/16883] osm-w1415691154: Ridgewood Drive
[8939/16883] osm-w1417272661: Pullman Avenue
[8940/16883] osm-w1421447003: Squan Beach Drive
[8941/16883] osm-w1427781143: School Street
[8942/16883] osm-w1429272815: Stony Brook Way
[8943/16883] osm-w1434176348: NJ 34
[8944/16883] osm-w1434379954: Hacklebarney Road
[8945/16883] osm-w1434532209: Lake Shore Drive
[8946/16883] osm-w1434532449: Colts Neck Road
[8947/16883] osm-w1434926466: Bayview Avenue
[8948/16883] osm-w1435980548: Edgar Felix Bikeway
[8949/16883] osm-w1442024619: Hawthorn Drive
[8950/16883] osm-w1442211774: Mead Street
[8951/16883] osm-w1442211782: Argyle Avenue
[8952/16883] osm-w1443063047: Kelly Drive
[8953/16883] osm-w1443064080: Brook End Drive
[8954/16883] osm-w1443563251: Middlesex, Middlesex County, New Jersey, 08846, United State
[8955/16883] osm-w1443563428: Lincoln Avenue
[8956/16883] osm-w1443563680: Central Avenue
[8957/16883] osm-w1443563845: Prospect Hill Avenue
[8958/16883] osm-w1443837850: Wood Street
[8959/16883] osm-w1443986892: Lawrence Square Boulevard North
[8960/16883] osm-w1444012237: Hamilton Avenue
[8961/16883] osm-w1444012437: Phillipsburg-Newark Expressway
[8962/16883] osm-w1444098876: Florida Avenue
[8963/16883] osm-w1445510893: Vanderbilt Drive
[8964/16883] osm-w1446120839: Chestnut Hill Drive
[8965/16883] osm-w1446120847: Weatherly Road
[8966/16883] osm-w1446120849: Delanco Road
[8967/16883] osm-w1446120852: Stevenson Avenue
[8968/16883] osm-w1446120855: Circleystal Drive
[8969/16883] osm-w1446120857: Mountain Boulevard
[8970/16883] osm-w1446120860: Winter Lane
[8971/16883] osm-w1446120861: Ridge Road
[8972/16883] osm-w1446120862: Spring Street
[8973/16883] osm-w1446120868: Whittredge Road
[8974/16883] osm-w1446120873: Western Drive
[8975/16883] osm-w1446120874: Hartshorn Drive
[8976/16883] osm-w1446120875: Denman Court
[8977/16883] osm-w1446120876: Hartshorn Drive
[8978/16883] osm-w1446120877: Ross Road
[8979/16883] osm-w1446120879: Ross Road
[8980/16883] osm-w1446120880: Canoe Brook Drive
[8981/16883] osm-w1446120890: Stonehenge Terrace
[8982/16883] osm-w1446120892: Chelsea Drive
[8983/16883] osm-w1446120893: Brighton Court
[8984/16883] osm-w1446120894: Chelsea Drive
[8985/16883] osm-w1446120895: Windermere Court
[8986/16883] osm-w1446120896: Glenview Drive
[8987/16883] osm-w1446120898: Glen Avenue
[8988/16883] osm-w1446120900: Tremont Place
[8989/16883] osm-w1447763240: Voorhees Lane
[8990/16883] osm-w1451745452: Blair Drive
[8991/16883] osm-w1452085468: Hawthorne Avenue
[8992/16883] osm-w1453499132: Alexander Avenue
[8993/16883] osm-w1455049656: Mountain Avenue
[8994/16883] osm-w1458368566: Amwell Road
[8995/16883] osm-w1459142206: Miller Farm Road
[8996/16883] osm-w1461425020: Atlantic Avenue
[8997/16883] osm-w1462494162: Geoffrey Way
[8998/16883] osm-w1462494200: Bryan Court
[8999/16883] osm-w1463250681: Chopin Lane
[9000/16883] osm-w1463527057: Lawrenceville Road
[9001/16883] osm-w1463927284: Ridgeview Way
[9002/16883] osm-w1464071573: Witte Place
[9003/16883] osm-w1465784556: Raynor Road
[9004/16883] osm-w1466128659: Juniper Way
[9005/16883] osm-w1466128661: Tuliptree Court
[9006/16883] osm-w1466535024: West Shore Drive
[9007/16883] osm-w1466601422: Pennington-Rocky Hill Road
[9008/16883] osm-w1467159190: East Shore Drive
[9009/16883] osm-w1467324217: Walnut
[9010/16883] osm-w1467468233: Elm Ridge Road
[9011/16883] osm-w1467481806: Haddon Towne, Cherry Hill Township, Camden County, New Jerse
[9012/16883] osm-w1467694119: Bayberry Road
[9013/16883] osm-w1467694140: Cedar Brook Terrace
[9014/16883] osm-w1471484614: Clearwater Swim Club
[9015/16883] osm-w1474278606: Retreat Road
[9016/16883] osm-w1474279498: Hastings Way
[9017/16883] osm-w1474554464: Merion Avenue
[9018/16883] osm-w1474556336: Kingston Road
[9019/16883] osm-w1474561909: Barclay Farm, Cherry Hill Township, Camden County, New Jerse
[9020/16883] osm-w1474568220: Barclay Farm, Cherry Hill Township, Camden County, New Jerse
[9021/16883] osm-w1474568343: Aqua Lane
[9022/16883] osm-w1474893684: Fardale Avenue
[9023/16883] osm-w1474957919: West Vassar Avenue
[9024/16883] osm-w1475107514: Blackwood-Clementon Road
[9025/16883] osm-w1475155828: Canfield Road
[9026/16883] osm-w1475157119: River Avenue
[9027/16883] osm-w1475157124: Highland Avenue
[9028/16883] osm-w1475228446: Fox Run Road
[9029/16883] osm-w1475229604: Narraticon Parkway
[9030/16883] osm-w1479964447: North Windam Court
[9031/16883] osm-w1479964512: Storms Drive
[9032/16883] osm-w1479964575: Ridge Gardens, Mahwah, Bergen County, New Jersey, 07430, Uni
[9033/16883] osm-w1479964849: Melville Court
[9034/16883] osm-w1479964926: Continental Boulevard
[9035/16883] osm-w1484205200: Lindsley Road
[9036/16883] osm-w1485722272: West 93rd Street Bayberry Drive
[9037/16883] osm-w1485722617: West 45th Street
[9038/16883] osm-w1485723796: Berkeley Avenue
[9039/16883] osm-w1485724444: Osprey Court
[9040/16883] osm-w1485727407: Greenwich Drive
[9041/16883] osm-w1485727733: Federal Road
[9042/16883] osm-w1485733202: New York Avenue
[9043/16883] osm-w1485734264: North Liberty Street
[9044/16883] osm-w1485735286: Hammonton, Atlantic County, New Jersey, 08037, United States
[9045/16883] osm-w1487303773: Tavistock Court
[9046/16883] osm-w1487685344: Clubhouse
[9047/16883] osm-w1488972625: Dwyer Lane
[9048/16883] osm-w1489779880: Delaware & Raritan Canal Towpath
[9049/16883] osm-w1491012243: West Buckshutem Road
[9050/16883] osm-w1491013588: Lloyd Road
[9051/16883] osm-w1491343190: Grand Street
[9052/16883] osm-w1491343801: Madison Hill Road
[9053/16883] osm-w1491927281: St Lawrence Avenue
[9054/16883] osm-w1492152547: Green Hollow Drive
[9055/16883] osm-w1492361323: Plaza Drive
[9056/16883] osm-w1492388800: Tulip Drive
[9057/16883] osm-w1492419936: Inman Avenue
[9058/16883] osm-w1492420609: Heather Court
[9059/16883] osm-w1492983503: Farragut Place
[9060/16883] osm-w1493239732: Rainbow Drive
[9061/16883] osm-w1493247384: Middlesex Freeway
[9062/16883] osm-w1493276150: Fairview Drive South
[9063/16883] osm-w1493294350: East Raphael Lane
[9064/16883] osm-w1493304951: Jonathan Hoffman Road
[9065/16883] osm-w1493340451: Liberty Corner Road
[9066/16883] osm-w1493562619: Liberty Corner, Bernards Township, Somerset County, New Jers
[9067/16883] osm-w1493845937: Birdsall Lane
[9068/16883] osm-w1493857828: First Avenue
[9069/16883] osm-w1493860826: Chelsea Way
[9070/16883] osm-w1493860967: Dartmouth Avenue
[9071/16883] osm-w1494696679: Anona Drive
[9072/16883] osm-w1495065019: Woodway Drive
[9073/16883] osm-w1495870308: Garden State Parkway
[9074/16883] osm-w1496221434: Golden Court
[9075/16883] osm-w1497930307: McAfee - Vernon Road
[9076/16883] osm-w1497987713: Sassafras Court
[9077/16883] osm-w1498064177: Bordentown-Chesterfield Road
[9078/16883] osm-w1498104323: Brushy Neck Drive
[9079/16883] osm-w1499619417: Maple Lane
[9080/16883] osm-w1499689871: Shirley Road
[9081/16883] osm-w1499690242: Almond Road
[9082/16883] osm-w1501536378: Hillside Avenue
[9083/16883] osm-w1504222382: Campagna Lane
[9084/16883] osm-w1504227089: Highlander Drive
[9085/16883] osm-w1504227335: Green Pond Road
[9086/16883] osm-w1504227409: Farley Avenue
[9087/16883] osm-w1504268169: Lawndale Drive
[9088/16883] osm-w1504270905: Sawmill Road
[9089/16883] osm-w1504735040: Breakneck Road
[9090/16883] osm-w1504735282: Croyden Court
[9091/16883] osm-w1504735410: Wedgewood Court
[9092/16883] osm-w1504736052: Delsea Drive
[9093/16883] osm-w1504737400: Island Road
[9094/16883] osm-w1506243920: Walker Gordon Drive
[9095/16883] osm-w1507526904: Clay Street
[9096/16883] osm-w1508151955: Wagaraw Road
[9097/16883] osm-w1508189305: Chadwick Place
[9098/16883] osm-w1508189713: McKinley Avenue
[9099/16883] osm-w1508200843: Knickerbocker Road
[9100/16883] osm-w1508201479: Pershing Street
[9101/16883] osm-w1508202064: Pabis Lane
[9102/16883] osm-w1508204591: Pelham Place
[9103/16883] osm-w1511175374: Hobart Avenue
[9104/16883] osm-w1511556259: 96th Street
[9105/16883] osm-w1511624670: 34th Street
[9106/16883] osm-w1511624978: Asbury Avenue
[9107/16883] osm-w1511645322: Manor Lane
[9108/16883] osm-w1511652568: Catherine Street
[9109/16883] osm-w1513859021: Railroad Avenue
[9110/16883] osm-w1513859097: Kymer Road
[9111/16883] osm-w1513859186: Wits End Drive
[9112/16883] osm-w1513863193: Little Philadelphia Road
[9113/16883] osm-w1513863794: Port Murray, Mansfield Township, Warren County, New Jersey, 
[9114/16883] osm-w1513863911: Senator Stout Road
[9115/16883] osm-w1514610059: Wells Mills Road
[9116/16883] osm-w1516153410: Sturbridge Drive
[9117/16883] osm-w1516160271: Scobee Lane
[9118/16883] osm-w1516163136: MacIntyre Lane
[9119/16883] osm-w1516163416: Trotters Lane
[9120/16883] osm-w1516166933: Whitbay Access
[9121/16883] osm-w1516378108: Freeway Drive East
[9122/16883] osm-w1516391540: Sykesville Road
[9123/16883] osm-w1517671791: Stonybrook Drive
[9124/16883] osm-w1521600122: Memorial Park Path
[9125/16883] osm-w1521619314: Landings Drive
[9126/16883] osm-w1521620160: Kings Grant Drive
[9127/16883] osm-w1521620732: Crown Royal Parkway South
[9128/16883] osm-w1521965296: South Service Road
[9129/16883] osm-w1521965896: Chelsea Drive
[9130/16883] osm-w1521966287: Van Buren Avenue
[9131/16883] osm-w1522833990: Case Boulevard
[9132/16883] osm-w1522835887: Mott Place
[9133/16883] osm-w1522845094: Penn Line Road
[9134/16883] osm-w1522865529: 2nd Street
[9135/16883] osm-w1522865992: Tarragon Court
[9136/16883] osm-w1523176877: West Chestnut Avenue
[9137/16883] osm-w1523574365: Master Street
[9138/16883] osm-w1523863980: Oak Street
[9139/16883] osm-w1523864167: NJ 34
[9140/16883] osm-w1524007108: Twin Rivers Drive
[9141/16883] osm-w1524007120: Twin Rivers, East Windsor Township, Mercer County, New Jerse
[9142/16883] osm-w1524007768: Quincy Circle
[9143/16883] osm-w1524009510: Hawkshead Way
[9144/16883] osm-w1524012282: Case Boulevard
[9145/16883] osm-w1524012345: Mulberry Lane
[9146/16883] osm-w1524012474: Sunridge Drive
[9147/16883] osm-w1524012523: Twin Pointe Road
[9148/16883] osm-w1524012612: Country Club Road
[9149/16883] osm-w1524018095: Ascot Crescent
[9150/16883] osm-w1524814030: Server Court
[9151/16883] osm-w1524986305: Phillipsburg-Newark Expressway
[9152/16883] osm-w1525019111: Palladio Boulevard
[9153/16883] osm-w1525386775: Wyncroft Drive
[9154/16883] osm-w1525457935: Manny's Pond Road
[9155/16883] osm-w1525649415: Garden State Parkway
[9156/16883] osm-w1526271982: Quail Knoll
[9157/16883] osm-w1526272303: US 1
[9158/16883] osm-w1526319509: Country Club Drive
[9159/16883] osm-w1526338069: Shadow Lane
[9160/16883] osm-w1526642799: Staghorn Drive
[9161/16883] osm-w1526642892: Fidler Road
[9162/16883] osm-w1526669684: Laomatong Road
[9163/16883] osm-w1526670200: Patterson Street
[9164/16883] osm-w1526672039: Knollwood Drive
[9165/16883] osm-w1529430696: Hobart Street
[9166/16883] osm-w1539792448: John T O'Leary Boulevard
[9167/16883] osm-w1539793140: H Court
[9168/16883] osm-w1539794181: Clubhouse Drive
[9169/16883] osm-w1539795505: Back Bone Hill Road
[9170/16883] osm-w1539803115: Jessica Drive South
[9171/16883] osm-w1540052293: Winchester Way
[9172/16883] osm-w1540058636: Kingsley Road
[9173/16883] osm-w1540061074: Salvatore Court
[9174/16883] osm-w1546646032: Denville, Morris County, New Jersey, 07834, United States
[9175/16883] osm-w1546836683: Fernwood Road
[9176/16883] osm-w1547496260: Denville, Morris County, New Jersey, 07834, United States
[9177/16883] osm-w1552142346: Hackensack River Greenway
[9178/16883] osm-w1553343522: Norma Road
[9179/16883] osm-w1507508070: East Ford Avenue
[9180/16883] osm-w1507507843: Brookside Lane
[9181/16883] osm-w27854584: Tennis Court Street South
[9182/16883] osm-w34000157: South Main Street
[9183/16883] osm-w134611527: Grand Teton Drive
[9184/16883] osm-w135032812: West Rochelle Avenue
[9185/16883] osm-w138534553: Starlight Hill Street
[9186/16883] osm-w144183883: Shadow Canyon Drive
[9187/16883] osm-w158249754: Valencia Drive
[9188/16883] osm-w186155566: Kingsbury South/Stagecoach Access
[9189/16883] osm-w186155568: Ridge Club Drive
[9190/16883] osm-w214707920: North Fort Apache Road
[9191/16883] osm-w216283647: Chateau Bella Avenue
[9192/16883] osm-w217308066: Spanish Mountain Drive
[9193/16883] osm-w217308078: Agassi Court
[9194/16883] osm-w217507469: Cielo Oro Street
[9195/16883] osm-w259600544: Michael Way, Las Vegas, Clark County, Nevada, 89108, United 
[9196/16883] osm-w284315760: Holloman Circle
[9197/16883] osm-w285363089: Dave Wood Circle
[9198/16883] osm-w289297514: Cottonwood Street
[9199/16883] osm-w296701711: Granite Pointe Drive
[9200/16883] osm-w330494444: North Royal Crest Circle
[9201/16883] osm-w331347658: Paradise Road
[9202/16883] osm-w335449724: Skyline View Drive
[9203/16883] osm-w428984774: Palm
[9204/16883] osm-w443235506: Florence Way
[9205/16883] osm-w484250753: Spyglass Lane
[9206/16883] osm-w504112337: Dean Martin Drive
[9207/16883] osm-w532691605: Wynn Road
[9208/16883] osm-w532691621: West Rochelle Avenue
[9209/16883] osm-w533247243: Eskam Street
[9210/16883] osm-w533265525: North Nellis Boulevard
[9211/16883] osm-w535160363: Lindell Road
[9212/16883] osm-w544259464: Lymbery Street
[9213/16883] osm-w549656470: Doran Drive
[9214/16883] osm-w591906668: Desert Hills, Pahrump, Nye County, Nevada, 89048, United Sta
[9215/16883] osm-w608755521: Palmyra Avenue
[9216/16883] osm-w608755524: Edna Avenue
[9217/16883] osm-w608755534: Tara Avenue
[9218/16883] osm-w609035487: Darby Avenue
[9219/16883] osm-w609035488: Coley Avenue
[9220/16883] osm-w634667358: Villa Grande Way
[9221/16883] osm-w672185240: Rosanna Street
[9222/16883] osm-w697171652: East Flamingo Road
[9223/16883] osm-w697171654: University Center Drive
[9224/16883] osm-w742618185: North Hollywood Boulevard
[9225/16883] osm-w794490364: Gibraltar Drive
[9226/16883] osm-w795736690: Brighton Way
[9227/16883] osm-w798633639: West Flamingo Road
[9228/16883] osm-w799788206: West Viking Road
[9229/16883] osm-w840739455: Granite Crest Drive
[9230/16883] osm-w846583102: Iris Court
[9231/16883] osm-w883829981: Rue de la Orange
[9232/16883] osm-w889381566: Raven Avenue
[9233/16883] osm-w986788188: Bernborough Lane
[9234/16883] osm-w990211716: Oakland Hills Drive
[9235/16883] osm-w1025754693: Flowers Avenue
[9236/16883] osm-w1056210702: Linda Avenue
[9237/16883] osm-w1057860315: O'Bannon Drive
[9238/16883] osm-w1062676668: Via Olivero Avenue
[9239/16883] osm-w1062676670: O'Bannon Drive
[9240/16883] osm-w1062676674: Rockwind Court
[9241/16883] osm-w1062676675: Via Olivero Avenue
[9242/16883] osm-w1062820398: South Buffalo Drive
[9243/16883] osm-w1062820400: Laredo Street
[9244/16883] osm-w1062820416: River Pines Court
[9245/16883] osm-w1062820418: Gladwell Court
[9246/16883] osm-w1062820435: Del Rey Avenue
[9247/16883] osm-w1069683587: Fairwood Drive
[9248/16883] osm-w1080173461: Village View Drive
[9249/16883] osm-w1081043880: North Armory Road
[9250/16883] osm-w1084720471: Prado Verde Lane
[9251/16883] osm-w1087962726: Algonquin Drive
[9252/16883] osm-w1087966191: McLeod Drive
[9253/16883] osm-w1108097097: Skycrest Drive
[9254/16883] osm-w1108097103: Federman Drive
[9255/16883] osm-w1146094230: Little Springs Road
[9256/16883] osm-w1146094231: Sandstone Drive
[9257/16883] osm-w1192156398: Foster Drive
[9258/16883] osm-w1208955615: Majestic View Drive
[9259/16883] osm-w1210194465: Reno, Washoe County, Nevada, 89502, United States
[9260/16883] osm-w1210343200: North Street
[9261/16883] osm-w1216492240: Weybridge Drive
[9262/16883] osm-w1216492241: Broadgate Lane
[9263/16883] osm-w1263106140: Lake Las Vegas Parkway
[9264/16883] osm-w1274522423: East Frias Avenue
[9265/16883] osm-w1284742418: East Shelbourne Avenue
[9266/16883] osm-w1286325011: Clubhouse Avenue
[9267/16883] osm-w1293457281: Bulette Drive
[9268/16883] osm-w1311608886: South Town Center Drive
[9269/16883] osm-w1314959486: Douglas County, Nevada, 89413, United States
[9270/16883] osm-w1314959489: Douglas County, Nevada, 89413, United States
[9271/16883] osm-w1341375028: Lakeshore Boulevard
[9272/16883] osm-w1353995946: Fuselier Drive
[9273/16883] osm-w1364196415: Conquista Court
[9274/16883] osm-w1364767656: Greenwich Village Avenue
[9275/16883] osm-w1389953702: Lincoln Highway
[9276/16883] osm-w1390723798: Regency Peak Avenue
[9277/16883] osm-w1431010116: North Campbell Road
[9278/16883] osm-w1432656173: Canto Avenue
[9279/16883] osm-w1434957261: East Harmon Avenue
[9280/16883] osm-w1434957496: Audrie Street
[9281/16883] osm-w1434958489: Willow Green Drive
[9282/16883] osm-w1434958492: Love Street
[9283/16883] osm-w1435087239: Lawrence Street
[9284/16883] osm-w1435092893: Park Court
[9285/16883] osm-w1442425538: Leigh Avenue
[9286/16883] osm-w1442808493: Santa Anita Drive
[9287/16883] osm-w1442808556: East Harmon Avenue
[9288/16883] osm-w1442809075: East Rochelle Avenue
[9289/16883] osm-w1442855368: South Pecos Road
[9290/16883] osm-w1443262610: South Mojave Road
[9291/16883] osm-w1443262612: East Hacienda Avenue
[9292/16883] osm-w1443262614: Topaz Street
[9293/16883] osm-w1443262615: Sterling Circle
[9294/16883] osm-w1443262617: Five Pennies Lane
[9295/16883] osm-w1443262618: Pama Lane
[9296/16883] osm-w1443262619: Pama Lane
[9297/16883] osm-w1443262620: Caesars Circle
[9298/16883] osm-w1443262623: La Mesa Drive
[9299/16883] osm-w1443438631: Quail Estates Drive
[9300/16883] osm-w1443438636: Montecito Drive
[9301/16883] osm-w1443438638: East Maule Avenue
[9302/16883] osm-w1446612731: Golden Willow Lane
[9303/16883] osm-w1448301121: Miners Road
[9304/16883] osm-w1448535248: Keno Drive
[9305/16883] osm-w1449293310: Crystal Drive
[9306/16883] osm-w1449293455: Tahoe Boulevard
[9307/16883] osm-w1449671266: Roundhouse Road
[9308/16883] osm-w1449716916: Marigene Court
[9309/16883] osm-w1449938483: Bucephalus Parkway
[9310/16883] osm-w1450083206: Maximus Lane
[9311/16883] osm-w1452617840: Enterprise, Clark County, Nevada, 89123, United States
[9312/16883] osm-w1484217665: Rock Springs Drive
[9313/16883] osm-w1516697691: Topaz Road
[9314/16883] osm-w1524787163: Lincoln Highway
[9315/16883] osm-w1536405612: Bay Sands Drive
[9316/16883] osm-w1546148097: Joe Parr Way
[9317/16883] osm-w1546149148: Austin Street
[9318/16883] osm-w33112688: Ronald Reagan Cross County Highway
[9319/16883] osm-w33678002: Vienna Woods Drive
[9320/16883] osm-w33832629: Virginia Avenue
[9321/16883] osm-w33871211: Sanderson Place
[9322/16883] osm-w33871240: Muchmore Road
[9323/16883] osm-w33971899: Bowdle Place
[9324/16883] osm-w34025993: Walnut Creek Trail
[9325/16883] osm-w34048054: Evergreen Ridge Drive
[9326/16883] osm-w34231133: Bordeaux Lane
[9327/16883] osm-w36832326: Hamilton Mason Road
[9328/16883] osm-w36942904: Raleigh Court
[9329/16883] osm-w36951792: Versailles Court
[9330/16883] osm-w36951837: Southland Road
[9331/16883] osm-w37294060: Sunburst Way
[9332/16883] osm-w37299752: O’Bannonville Road
[9333/16883] osm-w38347780: Norwood Avenue
[9334/16883] osm-w39460634: East Galbraith Road
[9335/16883] osm-w39791601: Randy Scott Drive
[9336/16883] osm-w39861469: Circle Freeway
[9337/16883] osm-w41230709: Oregonia Road
[9338/16883] osm-w41953503: Scoutmaster Drive
[9339/16883] osm-w43541387: Elbrook Avenue
[9340/16883] osm-w45098583: Apple Hill Road
[9341/16883] osm-w45098738: Ohio River Trail
[9342/16883] osm-w45475428: Westbrook Drive
[9343/16883] osm-w48487447: Mayridge Court
[9344/16883] osm-w48988774: Katiebud Drive
[9345/16883] osm-w49801058: Price Road
[9346/16883] osm-w50981674: Campbell Road
[9347/16883] osm-w52096529: Laurel Avenue
[9348/16883] osm-w52097584: Dewdrop Circle
[9349/16883] osm-w52097693: Lawnview Avenue
[9350/16883] osm-w52300531: Maple Circle Drive
[9351/16883] osm-w53201457: Hamilton Avenue
[9352/16883] osm-w56394709: Clifton, Cincinnati, Hamilton County, Ohio, 45220, United St
[9353/16883] osm-w60013090: Dry Ridge, Colerain Township, Hamilton County, Ohio, 45251, 
[9354/16883] osm-w61040716: Miamisburg, Montgomery County, Ohio, 45342, United States
[9355/16883] osm-w61259212: Marose Drive
[9356/16883] osm-w61435341: Timberlodge Trail
[9357/16883] osm-w64156377: A Loop
[9358/16883] osm-w68511029: Hauck Road
[9359/16883] osm-w74469789: Keystone Drive
[9360/16883] osm-w75144638: Keller Road
[9361/16883] osm-w75144729: Bridgewater Lane
[9362/16883] osm-w75145634: Bridgewater Lane
[9363/16883] osm-w75146181: Kugler Mill Road
[9364/16883] osm-w75146294: Kugler Mill Road
[9365/16883] osm-w75146872: Kugler Mill Road
[9366/16883] osm-w75146942: Buckingham Road
[9367/16883] osm-w75147028: Buckingham Road
[9368/16883] osm-w75148520: Whitegate Lane
[9369/16883] osm-w75148640: Whitegate Lane
[9370/16883] osm-w75160056: Kugler Mill Road
[9371/16883] osm-w75160257: Kugler Mill Road
[9372/16883] osm-w75160487: Old Hickory Lane
[9373/16883] osm-w75160689: Old Hickory Drive
[9374/16883] osm-w75162697: Meadow Grove Lane
[9375/16883] osm-w75162966: Meadow Grove Lane
[9376/16883] osm-w75164748: Shawnee Run Road
[9377/16883] osm-w75504183: Coach Drive West
[9378/16883] osm-w75504384: Thomas Paine Parkway
[9379/16883] osm-w76436525: Highland Court
[9380/16883] osm-w76436544: Sanzon Drive
[9381/16883] osm-w77985085: Clubhouse Drive
[9382/16883] osm-w77986852: Lacresta Drive
[9383/16883] osm-w77989206: Deerbrook Drive
[9384/16883] osm-w79450952: Palisades Drive
[9385/16883] osm-w79450957: Palisades Drive
[9386/16883] osm-w79450961: Palisades Drive
[9387/16883] osm-w79451022: Timbershadows Court
[9388/16883] osm-w79451391: Anderson Ferry Road
[9389/16883] osm-w79455106: Alomar Drive
[9390/16883] osm-w79456729: Countryview Terrace
[9391/16883] osm-w79471577: Muddy Creek Road
[9392/16883] osm-w79472398: Werkridge Drive
[9393/16883] osm-w79474814: South Road
[9394/16883] osm-w79587368: Shawnee Run Road
[9395/16883] osm-w79587377: Hawk Ridge Lane
[9396/16883] osm-w79587381: Shawnee Run Road
[9397/16883] osm-w79587385: Shawnee Ridge Lane
[9398/16883] osm-w79587388: Holly Hill
[9399/16883] osm-w79587389: Shawnee Run Road
[9400/16883] osm-w79587392: Park Road
[9401/16883] osm-w79587393: Park Road
[9402/16883] osm-w79587394: Park Road
[9403/16883] osm-w79587513: Willow Hills Lane
[9404/16883] osm-w79587514: Drake Road
[9405/16883] osm-w79587516: Varner Road
[9406/16883] osm-w79587522: Indian Hill, Hamilton County, Ohio, 45243, United States
[9407/16883] osm-w79587527: Given Road
[9408/16883] osm-w79587530: Indian Ridge Lane
[9409/16883] osm-w79587544: Old Indian Hill Road
[9410/16883] osm-w79587565: Old Indian Hill Road
[9411/16883] osm-w79587635: Taft Place
[9412/16883] osm-w80208680: Evergreen Ridge Drive
[9413/16883] osm-w80218315: Hearne Road
[9414/16883] osm-w80319059: Kennedy Avenue
[9415/16883] osm-w80320127: Crestdale Court
[9416/16883] osm-w80912452: Kleeman Road
[9417/16883] osm-w81792635: Lesourdsville West Chester Road
[9418/16883] osm-w82227059: Little Miami Scenic Trail
[9419/16883] osm-w84240342: Gelhot
[9420/16883] osm-w84246706: Aster Park Drive
[9421/16883] osm-w86482487: Sand Run Road
[9422/16883] osm-w86818240: Timber Edge Drive
[9423/16883] osm-w86974731: West Streetsboro Road
[9424/16883] osm-w86974787: Briarwood Road
[9425/16883] osm-w86991315: Community Drive
[9426/16883] osm-w87889244: West Tech Road
[9427/16883] osm-w88176761: Cambridge Drive
[9428/16883] osm-w89003195: Montridge Drive
[9429/16883] osm-w91644023: Berkshire Club Drive
[9430/16883] osm-w93284159: Cavalier Drive
[9431/16883] osm-w93305776: Ten Mile Road
[9432/16883] osm-w94876938: Challenger Way
[9433/16883] osm-w95467849: Hart Road
[9434/16883] osm-w95492566: Walden Glen Circle
[9435/16883] osm-w97359270: West Hillcrest Avenue
[9436/16883] osm-w98383272: Natorp Boulevard
[9437/16883] osm-w98411524: SR 741
[9438/16883] osm-w98411660: Bethany Road
[9439/16883] osm-w99999363: Village Drive
[9440/16883] osm-w100549041: Gloucester Court
[9441/16883] osm-w100549064: Amiens Lane
[9442/16883] osm-w100549084: Bigger Road
[9443/16883] osm-w100557189: Clyo Road
[9444/16883] osm-w100557195: Wagner Road
[9445/16883] osm-w100557249: Bascule Bridge Drive
[9446/16883] osm-w100764414: Eaglesnest Drive
[9447/16883] osm-w104902512: Calderwood Lane
[9448/16883] osm-w108052470: Cunningham Road
[9449/16883] osm-w108052471: Cunningham Road
[9450/16883] osm-w113384680: Princeton Glendale Road
[9451/16883] osm-w127875898: Hawks Landing
[9452/16883] osm-w129019677: Burrwood Street
[9453/16883] osm-w132751103: Bogey Court
[9454/16883] osm-w132751109: Bigger Road
[9455/16883] osm-w132784385: Copperside Lane
[9456/16883] osm-w132910059: Englewood, Montgomery County, Ohio, 45322, United States
[9457/16883] osm-w133466676: Landman Mill Road
[9458/16883] osm-w134366530: Demming Road
[9459/16883] osm-w134366540: Stratford Drive
[9460/16883] osm-w134466546: West Miami-Shelby Road
[9461/16883] osm-w134876479: Peebles Road
[9462/16883] osm-w134876504: Mumford Drive
[9463/16883] osm-w135370237: Wayne Road
[9464/16883] osm-w135370263: Wayne Road
[9465/16883] osm-w135627379: Ash Hollow Lane
[9466/16883] osm-w135627401: Ash Hollow Lane
[9467/16883] osm-w136930423: Old Boston Road
[9468/16883] osm-w137507631: Crimson Creek Lane
[9469/16883] osm-w137507647: West Alexandersville Bellbrook Road
[9470/16883] osm-w137507655: Dwyer, Miami Township, Montgomery County, Ohio, 45439, Unite
[9471/16883] osm-w137507659: West Alexandersville Bellbrook Road
[9472/16883] osm-w137508578: Kylemore Court
[9473/16883] osm-w137508581: West Alexandersville Bellbrook Road
[9474/16883] osm-w137508584: Haven Hill Drive
[9475/16883] osm-w137508595: Dovetree Boulevard
[9476/16883] osm-w137508602: Bushwick Drive
[9477/16883] osm-w137508608: West Alexandersville Bellbrook Road
[9478/16883] osm-w142750949: Nantucket Landing
[9479/16883] osm-w142756246: East Social Row Road
[9480/16883] osm-w142759554: Springhaven Drive
[9481/16883] osm-w142993876: Marblecrest Court
[9482/16883] osm-w143018013: Patriot Square Drive
[9483/16883] osm-w143018019: Winter Hill Court
[9484/16883] osm-w143021176: Yorkcliff Place
[9485/16883] osm-w146689325: Dexter Avenue
[9486/16883] osm-w148025442: Homesite Drive
[9487/16883] osm-w148029879: Sleepy Hollow Lane
[9488/16883] osm-w154204843: Richard C. Larkins Plaza
[9489/16883] osm-w154431082: Eastridge Drive
[9490/16883] osm-w154456192: Heritage Square
[9491/16883] osm-w155962236: North Orchard Street
[9492/16883] osm-w157561468: Long Down Lane
[9493/16883] osm-w161026308: Mallard Glen Drive
[9494/16883] osm-w161026327: Revere Village Court
[9495/16883] osm-w164410145: Ohio Street Southwest
[9496/16883] osm-w164420206: Yant Street
[9497/16883] osm-w168950062: Fairoaks Lane
[9498/16883] osm-w168959572: Bethany Road
[9499/16883] osm-w169419575: Chester Road
[9500/16883] osm-w169801168: Miami Hills Drive
[9501/16883] osm-w172203216: East College Avenue
[9502/16883] osm-w180775367: Pure Court
[9503/16883] osm-w181225412: Steward Lane
[9504/16883] osm-w181393611: Durnbaugh Drive
[9505/16883] osm-w184172913: Pioneer Trail
[9506/16883] osm-w184206725: Fairview Avenue
[9507/16883] osm-w187896503: Phillips Road
[9508/16883] osm-w188007298: Windale Farms Circle
[9509/16883] osm-w188008242: Thomas J. Evans Trail
[9510/16883] osm-w188009405: Tamarack Road
[9511/16883] osm-w189010743: West Blee Road
[9512/16883] osm-w190137846: Hampstead Drive
[9513/16883] osm-w190400793: Rodeo
[9514/16883] osm-w190603487: Sylvania Township, Lucas County, Ohio, 43617, United States
[9515/16883] osm-w191520761: Artz Road
[9516/16883] osm-w193638545: Miles Road
[9517/16883] osm-w197355157: Red Fox Lane
[9518/16883] osm-w200574492: Commerce Park Drive
[9519/16883] osm-w201071829: Cedaridge Drive
[9520/16883] osm-w201880928: Buffalo Ridge Road
[9521/16883] osm-w202271181: Palisades Drive
[9522/16883] osm-w203341271: Fallen Oak Trace
[9523/16883] osm-w203341308: Tifton Green Trail
[9524/16883] osm-w204365046: Clovernook Drive
[9525/16883] osm-w204365727: Smith Road
[9526/16883] osm-w205732204: Charlberth Drive
[9527/16883] osm-w205868562: Hamilton Mason Road
[9528/16883] osm-w205877914: Clearcreek Franklin Road
[9529/16883] osm-w209272538: East Columbus Road
[9530/16883] osm-w211186740: Gates Street
[9531/16883] osm-w213567410: Sheraton Road
[9532/16883] osm-w215546341: Melray Court
[9533/16883] osm-w216274880: Old United States Route 52
[9534/16883] osm-w221166711: Finger Lakes
[9535/16883] osm-w224925223: Red Bird Drive
[9536/16883] osm-w228181897: Frederick Street
[9537/16883] osm-w229129974: Poe Avenue
[9538/16883] osm-w231960174: East William Street
[9539/16883] osm-w233581810: Green Arbor Lane
[9540/16883] osm-w236083431: Randomhill Road
[9541/16883] osm-w236145986: Cherokee Heights
[9542/16883] osm-w238811695: Buffham Road
[9543/16883] osm-w239175652: Smith Street
[9544/16883] osm-w239806452: Hunters Run
[9545/16883] osm-w239860425: SR 232
[9546/16883] osm-w241759132: South Park Drive
[9547/16883] osm-w241879736: Charlotte Street
[9548/16883] osm-w243722514: Kandel Road
[9549/16883] osm-w244392301: Handy Way
[9550/16883] osm-w245358873: School Bus Loop
[9551/16883] osm-w246571933: Autumnwood Way
[9552/16883] osm-w250933789: Powell Road
[9553/16883] osm-w254678029: Lime City Road
[9554/16883] osm-w263349393: Albina Drive
[9555/16883] osm-w264851435: Van Dusen Way
[9556/16883] osm-w270467347: Rodman Avenue Northeast
[9557/16883] osm-w272751503: Cartha Lane
[9558/16883] osm-w276149309: Circle Drive
[9559/16883] osm-w279483061: Holland, Lucas County, Ohio, 43528, United States
[9560/16883] osm-w284269636: Jackson Street
[9561/16883] osm-w285366863: Crawford Street
[9562/16883] osm-w287470172: Broad Street
[9563/16883] osm-w287681217: S.O.M. Center Road
[9564/16883] osm-w294784680: Thomas Drive
[9565/16883] osm-w296944999: Butternut Ridge Road
[9566/16883] osm-w297458187: Mill Street
[9567/16883] osm-w304169206: Julia Street
[9568/16883] osm-w304308936: North Oak Street
[9569/16883] osm-w308471341: South Park Drive
[9570/16883] osm-w308483860: Taylor Street
[9571/16883] osm-w309363111: Tamarack Ridge
[9572/16883] osm-w309367151: Hemmingway Drive
[9573/16883] osm-w310311504: Browning Court
[9574/16883] osm-w310869872: Township Road 367
[9575/16883] osm-w312432019: Maxwell Drive
[9576/16883] osm-w312821709: Notre Dame - Cathedral Latin Drive
[9577/16883] osm-w317770255: Forest Hills Drive
[9578/16883] osm-w318783512: White Cedar Drive
[9579/16883] osm-w325590433: Catherine Street
[9580/16883] osm-w328823434: Lafayette Street
[9581/16883] osm-w334109420: Edgerton Drive
[9582/16883] osm-w334278142: Carlynn Drive
[9583/16883] osm-w339474402: Oakwood Drive
[9584/16883] osm-w340748035: Germantown Street
[9585/16883] osm-w341931302: Rocky Fork Road
[9586/16883] osm-w353079708: Park Street
[9587/16883] osm-w355407650: South Water Street
[9588/16883] osm-w362457409: North Linden Avenue
[9589/16883] osm-w364280524: Old Trail Road
[9590/16883] osm-w365614869: McTigue Drive
[9591/16883] osm-w365948127: East Mathias Street
[9592/16883] osm-w372423068: Cedar Street
[9593/16883] osm-w374975701: West Jones Road
[9594/16883] osm-w380870800: Susan Street
[9595/16883] osm-w382105937: River Road
[9596/16883] osm-w388202564: Sawmill Road
[9597/16883] osm-w389326536: Park Street
[9598/16883] osm-w395841582: Summit Road
[9599/16883] osm-w400690172: Ronald Drive
[9600/16883] osm-w402515184: Back Bay Road
[9601/16883] osm-w404829151: T457
[9602/16883] osm-w408754874: Park Access
[9603/16883] osm-w413038657: Madden Road
[9604/16883] osm-w413038658: Parker Road
[9605/16883] osm-w418164109: Johnston Drive
[9606/16883] osm-w423677680: North High Street
[9607/16883] osm-w424602456: Tecumseh Place
[9608/16883] osm-w424602936: Wasta Avenue
[9609/16883] osm-w426337126: Medina-Norwalk Road
[9610/16883] osm-w426338796: Wakeman Belden Road
[9611/16883] osm-w426505269: Chadwood Lane
[9612/16883] osm-w426506286: Vicente Court
[9613/16883] osm-w447853583: East High Street
[9614/16883] osm-w449474731: River Run Trace
[9615/16883] osm-w449474732: River Run Trace
[9616/16883] osm-w457622944: Morrison Road
[9617/16883] osm-w477705259: Fanwell Court
[9618/16883] osm-w481530288: West Avenue
[9619/16883] osm-w481888575: Huffman Drive
[9620/16883] osm-w484642074: Plum Street
[9621/16883] osm-w489445985: Snyder Road
[9622/16883] osm-w490745042: Camp Chase Trail
[9623/16883] osm-w493515670: South Cherry Street
[9624/16883] osm-w521908260: SR 118
[9625/16883] osm-w521950757: Briarheath Avenue
[9626/16883] osm-w525053852: Nisonger Drive
[9627/16883] osm-w530936177: West Kemper Road
[9628/16883] osm-w531207797: East Kemper Road
[9629/16883] osm-w535300452: McCoy Lane
[9630/16883] osm-w545471893: North Uhrich Street
[9631/16883] osm-w545594128: Worthington Galena Road
[9632/16883] osm-w547187110: Huntington Park Drive
[9633/16883] osm-w547194499: Pinney Hill Court
[9634/16883] osm-w549449498: Bike and Hike Trail
[9635/16883] osm-w550920505: West Harrison Street
[9636/16883] osm-w551387241: Polo Drive West
[9637/16883] osm-w551387584: Sinclair Road
[9638/16883] osm-w551631058: Beachside Drive
[9639/16883] osm-w553022183: Holland Road
[9640/16883] osm-w553689499: Stornoway Drive North
[9641/16883] osm-w553689532: Daner Road
[9642/16883] osm-w553689951: Fairway Boulevard
[9643/16883] osm-w554444559: Kim Road
[9644/16883] osm-w554535745: Hidden Ravines Drive
[9645/16883] osm-w554638916: Havens Road
[9646/16883] osm-w554784612: Ravine Drive
[9647/16883] osm-w558683468: Oliver Road
[9648/16883] osm-w561556774: Clover Drive
[9649/16883] osm-w561682696: I 71
[9650/16883] osm-w563526744: West Weisheimer Road
[9651/16883] osm-w563702980: Ayers Avenue
[9652/16883] osm-w574655471: Plain City-Delaware Road
[9653/16883] osm-w574964752: Gooselick Road
[9654/16883] osm-w574975554: West Grant Avenue
[9655/16883] osm-w583786526: Chateau Circle South
[9656/16883] osm-w585956585: Orwell, Orwell Village, Ashtabula County, Ohio, 44076, Unite
[9657/16883] osm-w587732001: Alliance Road Northwest
[9658/16883] osm-w589275159: Whitehall, Sharon, Franklin County, Ohio, 43213, United Stat
[9659/16883] osm-w589938746: Brownhelm Township, Lorain County, Ohio, 44089, United State
[9660/16883] osm-w590003236: Liberty Avenue
[9661/16883] osm-w590841219: Sunnyside, Vermilion, Lorain County, Ohio, United States
[9662/16883] osm-w591113341: Salem Drive
[9663/16883] osm-w595573417: Tonsing Drive
[9664/16883] osm-w620155720: Fulton Road Northwest
[9665/16883] osm-w630778390: East Johnstown Road
[9666/16883] osm-w632075658: Buckhead Drive
[9667/16883] osm-w632379772: Whispering Drive
[9668/16883] osm-w633812070: National Road
[9669/16883] osm-w634243656: Cline Court
[9670/16883] osm-w636208420: East North Street
[9671/16883] osm-w636670539: US 50
[9672/16883] osm-w637362309: Nela Court
[9673/16883] osm-w640135035: Chapelfield Road
[9674/16883] osm-w645918376: Todds Fork Road
[9675/16883] osm-w648917241: Laurel Ridge Drive
[9676/16883] osm-w649186128: Brooklyn Street
[9677/16883] osm-w654040404: St Forest Rd 16
[9678/16883] osm-w681864627: Nancy Dutton Drive
[9679/16883] osm-w689341135: Roaming Rock Boulevard
[9680/16883] osm-w692811185: East 151st Street
[9681/16883] osm-w702216595: Washington Jackson Road
[9682/16883] osm-w703782661: North Napoleon Road
[9683/16883] osm-w703913650: Candlewood Drive
[9684/16883] osm-w707881263: Bishop Woods Court
[9685/16883] osm-w713880084: Watson Street
[9686/16883] osm-w722659714: Gypsy Lane
[9687/16883] osm-w722756662: Park Street
[9688/16883] osm-w725155160: Commons Boulevard
[9689/16883] osm-w727350057: Wright Avenue
[9690/16883] osm-w728914404: Waterwyck Trail
[9691/16883] osm-w728914407: Gateway Circle
[9692/16883] osm-w728914408: Overbrooke Road
[9693/16883] osm-w728914410: Thoroughbred Lane
[9694/16883] osm-w728914414: East Social Row Road
[9695/16883] osm-w728914427: Chimney Lane
[9696/16883] osm-w728914431: Ambridge Road
[9697/16883] osm-w728914979: Ferndown Drive
[9698/16883] osm-w728914980: Ferndown Drive
[9699/16883] osm-w728914981: Lantern Way
[9700/16883] osm-w732643471: Brampton Road
[9701/16883] osm-w757466027: Park Avenue
[9702/16883] osm-w757477272: Daytona Road
[9703/16883] osm-w757515138: Dorchester Drive
[9704/16883] osm-w758827928: Hartwell Trail
[9705/16883] osm-w767755917: Craig Road
[9706/16883] osm-w769769980: Valley Grove Drive
[9707/16883] osm-w769785447: Old Mill Road
[9708/16883] osm-w774627469: Brooksong Circle
[9709/16883] osm-w777560212: East 5th Street
[9710/16883] osm-w781136856: Heathstead Drive
[9711/16883] osm-w787787444: Garden Road
[9712/16883] osm-w805181209: Barnes Road
[9713/16883] osm-w814323779: Mikes Drive
[9714/16883] osm-w829241760: Barton Place
[9715/16883] osm-w842890799: West Washington Street
[9716/16883] osm-w842891247: Drake Street
[9717/16883] osm-w852219963: North 5th Avenue
[9718/16883] osm-w852553416: Sandusky, Erie County, Ohio, 44870, United States
[9719/16883] osm-w853049083: Eden Park Drive
[9720/16883] osm-w855284057: West Toussaint East Road
[9721/16883] osm-w863192354: Ackerman Road
[9722/16883] osm-w867151417: Hutzelman Way
[9723/16883] osm-w889930367: Buckeye Drive
[9724/16883] osm-w893548713: Lu Lora Court
[9725/16883] osm-w902145601: SR 138
[9726/16883] osm-w916068885: Wildwood Place Southeast
[9727/16883] osm-w916322490: Adams Street
[9728/16883] osm-w917533994: Bluestreak Drive
[9729/16883] osm-w917576637: Mc Intosh Street
[9730/16883] osm-w917579355: Storybook Trail
[9731/16883] osm-w917581503: Park Drive
[9732/16883] osm-w917584001: South Otterbein Avenue
[9733/16883] osm-w917585053: Postlewaite Road
[9734/16883] osm-w917585917: West Street
[9735/16883] osm-w917819378: Toledo, Lucas County, Ohio, 43615, United States
[9736/16883] osm-w917819791: Toledo, Lucas County, Ohio, 43615, United States
[9737/16883] osm-w917820440: Maple Street
[9738/16883] osm-w917820683: Baltimore Street
[9739/16883] osm-w917820977: South Water Street
[9740/16883] osm-w918362551: Sonoma Court
[9741/16883] osm-w918759518: East Quarry Street
[9742/16883] osm-w918934706: Mansfield Washington Road
[9743/16883] osm-w918936839: Parkwood Drive
[9744/16883] osm-w918937413: Oberlin Court
[9745/16883] osm-w920901642: Sam Miller's Way
[9746/16883] osm-w930826881: Stadium Avenue
[9747/16883] osm-w934460126: Little Sugarcreek Road
[9748/16883] osm-w937310020: Bulldog Boulevard
[9749/16883] osm-w938199776: South Dixie Drive
[9750/16883] osm-w954765931: North Munroe Road
[9751/16883] osm-w955114060: Outhwaite Avenue
[9752/16883] osm-w967946393: Biscayne Boulevard
[9753/16883] osm-w979724155: South Main Street
[9754/16883] osm-w984777642: Sedalia Drive
[9755/16883] osm-w984992812: Ledge Brook Lane
[9756/16883] osm-w984992816: County Line Road
[9757/16883] osm-w984998883: Cedar Road
[9758/16883] osm-w987438915: County Line Road
[9759/16883] osm-w998152067: Mill Road
[9760/16883] osm-w1015699877: Hilliard Boulevard
[9761/16883] osm-w1017653538: Put-in-Bay, Put-in-Bay Township, Ottawa County, Ohio, 43456,
[9762/16883] osm-w1024420200: Welsh Hills
[9763/16883] osm-w1028833633: Mayfield Road
[9764/16883] osm-w1037859245: Independence Circle Northwest
[9765/16883] osm-w1039598518: Edison Street Northeast
[9766/16883] osm-w1046720969: Saurer Street
[9767/16883] osm-w1052769507: Valleybrook Drive
[9768/16883] osm-w1055490895: Stadium Road
[9769/16883] osm-w1056930809: Honda R&D Campus, Liberty Township, Union County, Ohio, 4333
[9770/16883] osm-w1065737103: Firestone Road Northeast
[9771/16883] osm-w1066423468: Northview Road
[9772/16883] osm-w1068072305: Gail Allison Drive
[9773/16883] osm-w1071709095: Mc Cleary Jacoby Road
[9774/16883] osm-w1079521328: Chagrin River Road
[9775/16883] osm-w1085726455: Greenway Trail
[9776/16883] osm-w1085939618: Pepperwood Drive
[9777/16883] osm-w1106662720: McCoy Road
[9778/16883] osm-w1106674425: Teeway Drive
[9779/16883] osm-w1110026342: Winter Haven Avenue
[9780/16883] osm-w1118738404: Topaz Trail
[9781/16883] osm-w1119212211: Huntington Trail
[9782/16883] osm-w1122490755: Greenbriar Drive
[9783/16883] osm-w1125011370: Calla Lily Way
[9784/16883] osm-w1125313235: Cemetery Road
[9785/16883] osm-w1126130036: Granger Road
[9786/16883] osm-w1126131528: Everett Road
[9787/16883] osm-w1126347316: West Wallings Road
[9788/16883] osm-w1126350548: Voyager Circle
[9789/16883] osm-w1126830282: Shaker Boulevard
[9790/16883] osm-w1127567174: Perimeter Road
[9791/16883] osm-w1131304697: Valley View Road
[9792/16883] osm-w1135765388: Jefferson, Ashtabula County, Ohio, 44047, United States
[9793/16883] osm-w1150307985: East Main Street
[9794/16883] osm-w1152836967: National Road
[9795/16883] osm-w1153381689: Laurel Drive
[9796/16883] osm-w1154118066: Berkshire Road
[9797/16883] osm-w1154380766: North Main Street
[9798/16883] osm-w1155435174: Camplands Boulevard
[9799/16883] osm-w1155674727: High Street
[9800/16883] osm-w1155918567: Martin Luther King Junior Drive
[9801/16883] osm-w1157067992: Brandt Avenue
[9802/16883] osm-w1159006189: Lodge Drive
[9803/16883] osm-w1160534145: North Pearl Street
[9804/16883] osm-w1162303780: North Park Walking Path
[9805/16883] osm-w1167208869: Bucher Road
[9806/16883] osm-w1167459733: West Lincolnshire Boulevard
[9807/16883] osm-w1168168110: Lotus Drive
[9808/16883] osm-w1169236825: Tennis Center Drive
[9809/16883] osm-w1169397486: Rauch Drive
[9810/16883] osm-w1172771976: Woodstock Road
[9811/16883] osm-w1173114432: Outerbelt East Freeway
[9812/16883] osm-w1173160667: Hickory Lane
[9813/16883] osm-w1173761606: Ray Lang Trail
[9814/16883] osm-w1175635333: Courtview Drive Southwest
[9815/16883] osm-w1191895658: Washington Boulevard Southwest
[9816/16883] osm-w1193581666: Newcomer Road
[9817/16883] osm-w1196395409: Drury Lane
[9818/16883] osm-w1210432578: Conaway Trail
[9819/16883] osm-w1219764041: Buffham Road
[9820/16883] osm-w1227043295: New Albany Farms Road
[9821/16883] osm-w1227043317: New Albany Farms Road
[9822/16883] osm-w1232983553: Granger, Granger Township, Medina County, Ohio, United State
[9823/16883] osm-w1235065829: Lippman Parkway
[9824/16883] osm-w1257637509: Mastick Road
[9825/16883] osm-w1258851806: Birchwood Trail
[9826/16883] osm-w1259528609: Walnut Creek Pk
[9827/16883] osm-w1263056951: Bellann Road
[9828/16883] osm-w1271995266: West Brymerhil
[9829/16883] osm-w1273234733: Rosbough Boulevard
[9830/16883] osm-w1274306740: Tappan Lake Park Road
[9831/16883] osm-w1274421050: Redskin Trail
[9832/16883] osm-w1274421070: Brown Road
[9833/16883] osm-w1279835345: Vanderhoff Road
[9834/16883] osm-w1280555701: Carroll Eastern Road Northwest
[9835/16883] osm-w1281222927: Maya Lane
[9836/16883] osm-w1282180946: Millgate Road
[9837/16883] osm-w1288224895: Kintner Parkway
[9838/16883] osm-w1289547215: Pin Oak Road
[9839/16883] osm-w1290986150: Saylor Road Northwest
[9840/16883] osm-w1293457239: Scottslawn Road
[9841/16883] osm-w1293721269: Deer Court
[9842/16883] osm-w1297219949: Clubside Drive
[9843/16883] osm-w1301314040: East Main Street
[9844/16883] osm-w1302535346: Front Street
[9845/16883] osm-w1306008040: Lorain, Lorain County, Ohio, 44053, United States
[9846/16883] osm-w1312930905: I 77
[9847/16883] osm-w1314961386: Mandarin Drive
[9848/16883] osm-w1314963088: Park Street
[9849/16883] osm-w1314963111: Chaney Drive
[9850/16883] osm-w1314965006: Birch Bark Drive
[9851/16883] osm-w1319358799: Wild Rose Lane
[9852/16883] osm-w1323367678: Romadoor Avenue
[9853/16883] osm-w1323734549: United States Route 52
[9854/16883] osm-w1323994418: Frank Willis Memorial Road
[9855/16883] osm-w1327877950: Riebel Ridge Road
[9856/16883] osm-w1330460327: Belfast-Owensville Road
[9857/16883] osm-w1331643552: Parkfield Way
[9858/16883] osm-w1334160151: Meadow Lane
[9859/16883] osm-w1334160171: Shelburne Road
[9860/16883] osm-w1334160194: Granger Road
[9861/16883] osm-w1334160248: Parkway Avenue
[9862/16883] osm-w1334859044: Indian Hill Road
[9863/16883] osm-w1334988671: Gasper Township, Preble County, Ohio, United States
[9864/16883] osm-w1334996457: Salemwoods Drive
[9865/16883] osm-w1334996846: Boxford Lane
[9866/16883] osm-w1337613875: Keller Road
[9867/16883] osm-w1337613895: Fox Cub Lane
[9868/16883] osm-w1343494318: Appaloosa Lane
[9869/16883] osm-w1345361335: Hunting Valley, Cuyahoga County, Ohio, 44040, United States
[9870/16883] osm-w1354059893: Scenic Valley Drive
[9871/16883] osm-w1369233272: Rolling Hills Trail
[9872/16883] osm-w1372092770: Shaw Road Extension
[9873/16883] osm-w1372115213: Tibbetts Corners Wick Road
[9874/16883] osm-w1372206370: Abbey Run
[9875/16883] osm-w1372209701: Wickford Drive East
[9876/16883] osm-w1376523769: Cloveridge Road
[9877/16883] osm-w1377499066: Hampsford Circle
[9878/16883] osm-w1382418955: Dorr Street
[9879/16883] osm-w1391565469: Green Meadows Drive
[9880/16883] osm-w1412121710: I 70
[9881/16883] osm-w1415798628: Hillbrook Lane South
[9882/16883] osm-w1416741605: Hicksville, Hicksville Township, Defiance County, Ohio, 4352
[9883/16883] osm-w1420466735: Elmwood Drive
[9884/16883] osm-w1425474325: Ravine Ridge Drive
[9885/16883] osm-w1426754018: Whetstone River Road South
[9886/16883] osm-w1431824581: Lock Two Road
[9887/16883] osm-w1434177342: Cedar Bark Trail
[9888/16883] osm-w1435151945: Ayersville, Highland Township, Defiance County, Ohio, United
[9889/16883] osm-w1435164684: Stoney Creek Road
[9890/16883] osm-w1435165876: Antelope Way
[9891/16883] osm-w1435166273: Park Road
[9892/16883] osm-w1435167179: Strathshire Hall Lane
[9893/16883] osm-w1435168579: Lerwick Drive
[9894/16883] osm-w1435169147: Strathmore Lane
[9895/16883] osm-w1436824570: West Home Road
[9896/16883] osm-w1437021228: East Parkwood Street
[9897/16883] osm-w1441734902: Chillicothe Avenue
[9898/16883] osm-w1441924793: Meadow Lane
[9899/16883] osm-w1442143658: Faller Road
[9900/16883] osm-w1443366916: US 50
[9901/16883] osm-w1443966171: Carmichael Drive
[9902/16883] osm-w1445364770: North Street
[9903/16883] osm-w1448255637: Walden Way
[9904/16883] osm-w1449279184: Trenton Road
[9905/16883] osm-w1453373846: Berlin Township, Delaware County, Ohio, 40305, United States
[9906/16883] osm-w1455014262: Pride Drive
[9907/16883] osm-w1455047679: Deseret Drive
[9908/16883] osm-w1456799428: I 77
[9909/16883] osm-w1457398319: Mooney Road
[9910/16883] osm-w1458853603: US Route 68
[9911/16883] osm-w1460312645: Jessica Lane West
[9912/16883] osm-w1460788683: Perry Road
[9913/16883] osm-w1460869653: Private Road 384
[9914/16883] osm-w1462201025: Napoleon Street
[9915/16883] osm-w1468123482: I 71
[9916/16883] osm-w1468769830: Chimney Lane
[9917/16883] osm-w1468982065: Cedar Brook Lane
[9918/16883] osm-w1471769963: Grimm Heights Avenue
[9919/16883] osm-w1473758185: Rollingwood Drive
[9920/16883] osm-w1474820097: Burr Oak Lodge Road
[9921/16883] osm-w1474820809: Keynes Drive
[9922/16883] osm-w1474821955: Garden Avenue
[9923/16883] osm-w1474842231: East Church Street
[9924/16883] osm-w1479868839: Antler Point
[9925/16883] osm-w1479870037: Washington Colony Drive
[9926/16883] osm-w1479870229: Pine Needles Drive
[9927/16883] osm-w1479870452: Signalfire Drive
[9928/16883] osm-w1479871925: Spring Creek Circle
[9929/16883] osm-w1479872575: Roscommon Way
[9930/16883] osm-w1479873367: Ashton Circle
[9931/16883] osm-w1479876898: Old River Dr
[9932/16883] osm-w1479879706: Denny Lane
[9933/16883] osm-w1479881268: Wenrick Drive
[9934/16883] osm-w1479883776: Terraceview Circle
[9935/16883] osm-w1479888986: Glaser Street
[9936/16883] osm-w1479891158: Corkwood Drive
[9937/16883] osm-w1481004357: Elm Street
[9938/16883] osm-w1481004641: South Nelson Avenue
[9939/16883] osm-w1481009128: SR 350
[9940/16883] osm-w1482583839: North Stadium Road
[9941/16883] osm-w1482584365: I 280
[9942/16883] osm-w1482585760: Prosperity Road
[9943/16883] osm-w1482586961: South Washington Street
[9944/16883] osm-w1482592730: County Road D
[9945/16883] osm-w1482592929: Road Street
[9946/16883] osm-w1484128963: Merrimar Circle South
[9947/16883] osm-w1485428531: Anderson Township, Hamilton County, Ohio, 45230, United Stat
[9948/16883] osm-w1485431124: Shawnee Pines Drive
[9949/16883] osm-w1485431127: Dot Avenue
[9950/16883] osm-w1485465351: Collingwood Avenue
[9951/16883] osm-w1485737609: Northwest Freeway
[9952/16883] osm-w1485739596: Sailorway Drive
[9953/16883] osm-w1485856043: Prairie Township
[9954/16883] osm-w1486820024: Israel Township, Preble County, Ohio, 45003, United States
[9955/16883] osm-w1486821919: Heathwood Lane
[9956/16883] osm-w1486909970: Tartan Fields Drive
[9957/16883] osm-w1486910742: Corazon Drive
[9958/16883] osm-w1486915438: Cleveland Avenue Southwest
[9959/16883] osm-w1486915544: Hog Alley
[9960/16883] osm-w1486917713: Scott Drive
[9961/16883] osm-w1487024419: Noe Bixby Road
[9962/16883] osm-w1487024579: Chowning Way
[9963/16883] osm-w1487030725: Schrock Road
[9964/16883] osm-w1487034595: Mansfield, Richland County, Ohio, 44906, United States
[9965/16883] osm-w1488989252: Lehman Road
[9966/16883] osm-w1488989488: Gertrude Rose Lane
[9967/16883] osm-w1488989806: Alomar Drive
[9968/16883] osm-w1489255637: Beachwood, Cuyahoga County, Ohio, 44122, United States
[9969/16883] osm-w1489267537: Russell Township, Geauga County, Ohio, 44027, United States
[9970/16883] osm-w1489272420: Durkee Road
[9971/16883] osm-w1489273407: East Elmwood Avenue
[9972/16883] osm-w1489275374: Dobbins Road
[9973/16883] osm-w1489275672: Concord Court
[9974/16883] osm-w1489467773: Walker Road
[9975/16883] osm-w1489472302: Bowman Road
[9976/16883] osm-w1489836137: West Breese Road
[9977/16883] osm-w1489843776: College Street
[9978/16883] osm-w1489845387: Olympic Hills, Springfield, Clark County, Ohio, 45503, Unite
[9979/16883] osm-w1489935964: Pine Street
[9980/16883] osm-w1489938272: Harmony Drive
[9981/16883] osm-w1489943190: Turner Road
[9982/16883] osm-w1489943294: Philadelphia Drive
[9983/16883] osm-w1489943506: Williamson Drive
[9984/16883] osm-w1489956343: Rustling Oak Court
[9985/16883] osm-w1489957896: Springhouse Drive
[9986/16883] osm-w1489958294: Harbour Drive
[9987/16883] osm-w1489969660: Trebein Road
[9988/16883] osm-w1489981787: Pierson Road
[9989/16883] osm-w1490218318: West Mill Street
[9990/16883] osm-w1490219830: Cinnamon Tree Court
[9991/16883] osm-w1490415557: Dayton Road
[9992/16883] osm-w1490415880: Binkley Lane
[9993/16883] osm-w1490549400: Richley Avenue
[9994/16883] osm-w1490866661: Fall Wood Drive
[9995/16883] osm-w1490867840: Camelot Drive
[9996/16883] osm-w1490868151: South Gilmore Road
[9997/16883] osm-w1490868361: Albemarle Drive
[9998/16883] osm-w1490868584: Chapel Hill Drive
[9999/16883] osm-w1490868673: Bent Tree Drive
[10000/16883] osm-w1490869190: Holly Hill Lane
[10001/16883] osm-w1490870621: Bethany Road
[10002/16883] osm-w1490873970: Bridgetown Road
[10003/16883] osm-w1490874049: Springdale Road
[10004/16883] osm-w1490875054: Fallsington Court
[10005/16883] osm-w1490876212: Robb Avenue
[10006/16883] osm-w1490940005: Bellcreek Lane
[10007/16883] osm-w1490983295: Biscayne Drive
[10008/16883] osm-w1490983513: Destination Court
[10009/16883] osm-w1492953421: Mound Road
[10010/16883] osm-w1500114359: Harris Harbor Drive
[10011/16883] osm-w1501586217: Seif Road
[10012/16883] osm-w1514828727: SR 180
[10013/16883] osm-w1515517184: East 77th Street
[10014/16883] osm-w1517304305: Kantwell Lane
[10015/16883] osm-w1518523986: Trotwood, Montgomery County, Ohio, 45426, United States
[10016/16883] osm-w1518524671: Phillipsburg, Clay Township, Montgomery County, Ohio, 45354,
[10017/16883] osm-w1518526301: West Jefferson – Kiousville Road
[10018/16883] osm-w1521460787: James A. Rhodes Appalachian Highway
[10019/16883] osm-w1524408326: Goon Road
[10020/16883] osm-w1524473418: Covert Road
[10021/16883] osm-w1524485560: Stillwater Drive
[10022/16883] osm-w1524485648: Saint Peters Church Road
[10023/16883] osm-w1524485651: Padgett Road
[10024/16883] osm-w1527926799: Hurlingham Road
[10025/16883] osm-w1529240816: Farrington Road
[10026/16883] osm-w1536563887: Mentor Road
[10027/16883] osm-w1536564515: Kirtland Chardon Road
[10028/16883] osm-w1536568215: Leffingwell Road
[10029/16883] osm-w1537246539: East Mohawk Drive
[10030/16883] osm-w1537249231: R-18
[10031/16883] osm-w1537250146: East 9th Street
[10032/16883] osm-w1537251874: Buckhorn Cove
[10033/16883] osm-w1537255468: Bungalow Bay Boulevard
[10034/16883] osm-w1537257318: Vermilion Road
[10035/16883] osm-w1537258616: Morningside Way
[10036/16883] osm-w1537522834: Aqua Marine Boulevard
[10037/16883] osm-w1537523028: Crestmont Circle
[10038/16883] osm-w1537523199: Whitaker Cove
[10039/16883] osm-w1537596231: Landings Way
[10040/16883] osm-w1537739206: Catsden Road
[10041/16883] osm-w1537741455: Onaway Road
[10042/16883] osm-w1547735858: Barton Road
[10043/16883] osm-w1548031545: I 71
[10044/16883] osm-w1549764988: Brown Road
[10045/16883] osm-w1553155334: Village Street
[10046/16883] osm-w1442444691: West 7th Street
[10047/16883] osm-w58742811: Red Oak Way
[10048/16883] osm-w184840229: Northwest 104th Terrace
[10049/16883] osm-w184858012: Northwest 180th Street
[10050/16883] osm-w188094780: Piedmont Road North
[10051/16883] osm-w189445832: Northwest 115th Street
[10052/16883] osm-w190845658: Lionsgate Circle
[10053/16883] osm-w191115043: Northwest 150th Street
[10054/16883] osm-w191579265: Mitchell Avenue
[10055/16883] osm-w198377160: South Utica Place East
[10056/16883] osm-w198377169: South Atlanta Place
[10057/16883] osm-w209482847: West Farm Road
[10058/16883] osm-w224746694: Cradduck Road
[10059/16883] osm-w225843055: East 7th Street
[10060/16883] osm-w225843075: North Hillcrest Avenue
[10061/16883] osm-w225869309: East 18th Street
[10062/16883] osm-w228298352: East 15th Street
[10063/16883] osm-w229838927: Oakdale Farm Circle
[10064/16883] osm-w229838930: Oakdale Farm Road
[10065/16883] osm-w230991226: Wateredge Drive
[10066/16883] osm-w244450686: Crossing Way East
[10067/16883] osm-w258164081: Hilltop Road
[10068/16883] osm-w266774300: Ew129 Road
[10069/16883] osm-w269483361: Rail Road
[10070/16883] osm-w291366784: Edmond, Oklahoma County, Oklahoma, United States
[10071/16883] osm-w294465408: Brookwood Drive
[10072/16883] osm-w294465417: Oklahoma City, Cleveland County, Oklahoma, 73139, United Sta
[10073/16883] osm-w356968830: East 2nd Street
[10074/16883] osm-w357277838: Lilac Drive
[10075/16883] osm-w370333166: North Mitchell Road
[10076/16883] osm-w411886091: Chautauqua Avenue
[10077/16883] osm-w433397158: South 10th Street
[10078/16883] osm-w443438619: Lexington Avenue
[10079/16883] osm-w446948865: Sayre, Beckham County, Oklahoma, 73662, United States
[10080/16883] osm-w448339630: West B Avenue
[10081/16883] osm-w451482275: South L. L. Males Avenue
[10082/16883] osm-w465043561: Oklahoma City, Oklahoma County, Oklahoma, 73114, United Stat
[10083/16883] osm-w466570383: Stratford Drive
[10084/16883] osm-w466570394: Silvertree Drive
[10085/16883] osm-w466570395: Tealwood Drive
[10086/16883] osm-w467820616: Oakcliff Road
[10087/16883] osm-w468803614: Stroud, Lincoln County, Oklahoma, 74079, United States
[10088/16883] osm-w469334307: Brookwood Drive
[10089/16883] osm-w490958149: Elm Road
[10090/16883] osm-w492903141: Hastings Road
[10091/16883] osm-w494442701: East Willow Road
[10092/16883] osm-w495078675: South Sooner Road
[10093/16883] osm-w497314530: Cushing, Payne County, Oklahoma, 74023, United States
[10094/16883] osm-w547708221: East View Drive
[10095/16883] osm-w552665996: Redbud Street
[10096/16883] osm-w558846747: Fitness Trail
[10097/16883] osm-w572402529: South Konawa Street
[10098/16883] osm-w606567295: Willow Creek Boulevard
[10099/16883] osm-w619018705: East 49th Street North
[10100/16883] osm-w624462643: North County Line Road
[10101/16883] osm-w628055821: East 23rd Street South
[10102/16883] osm-w629840623: East Virgin Street North
[10103/16883] osm-w635788428: South College Avenue
[10104/16883] osm-w636422732: Young Road
[10105/16883] osm-w669751062: South Pennsylvania Avenue
[10106/16883] osm-w671154218: 4th Street
[10107/16883] osm-w718424520: West Seminole Street North
[10108/16883] osm-w728254672: Ann Branden Boulevard
[10109/16883] osm-w729945004: South Jamestown Avenue East
[10110/16883] osm-w732995967: East 92nd Place South
[10111/16883] osm-w758834482: N0440 Road
[10112/16883] osm-w760609745: Mary Lee Lane
[10113/16883] osm-w803881755: Korean War Veterans Memorial Highway
[10114/16883] osm-w821286243: M L King Jr Avenue
[10115/16883] osm-w821288181: Seminole Road
[10116/16883] osm-w835132479: Walnut
[10117/16883] osm-w875304384: East Lloyd Street
[10118/16883] osm-w880683721: Davinbrook Drive
[10119/16883] osm-w889378585: South Lewis Avenue East
[10120/16883] osm-w900222724: South Murphree Drive
[10121/16883] osm-w923617123: South Richmond Street
[10122/16883] osm-w930824469: West 12th Street
[10123/16883] osm-w931185353: Avenue J
[10124/16883] osm-w942249010: Hickory Street
[10125/16883] osm-w974039093: North 74th East Avenue
[10126/16883] osm-w977491143: North 3rd Street
[10127/16883] osm-w987712354: North Detroit Avenue East
[10128/16883] osm-w1024321035: South Victor Avenue East
[10129/16883] osm-w1058172661: East 66th Street South
[10130/16883] osm-w1079294255: East Floral Avenue
[10131/16883] osm-w1079304471: North 15th Street
[10132/16883] osm-w1084388862: Southwest Goodyear Boulevard
[10133/16883] osm-w1084450017: West Chicken Fight Road
[10134/16883] osm-w1086013707: Links Boulevard
[10135/16883] osm-w1099712416: West Fox Drive
[10136/16883] osm-w1099712419: Enid, Garfield County, Oklahoma, 73705, United States
[10137/16883] osm-w1116016546: B Street Northeast
[10138/16883] osm-w1116016596: South 29th West Avenue
[10139/16883] osm-w1139070441: CR E310
[10140/16883] osm-w1173184659: West Canton Street
[10141/16883] osm-w1194106208: Ardmore, Carter County, Oklahoma, 73401, United States
[10142/16883] osm-w1203347814: East 732 Road
[10143/16883] osm-w1208878536: Claremore, Rogers County, Oklahoma, 74019, United States
[10144/16883] osm-w1230736771: Mill Hollow Court
[10145/16883] osm-w1233524347: D Avenue
[10146/16883] osm-w1236265411: Northwest 140th Street
[10147/16883] osm-w1237038588: 4th Street
[10148/16883] osm-w1238947934: Quincy Street
[10149/16883] osm-w1240802957: West Russell Avenue
[10150/16883] osm-w1241804208: Lawton, Comanche County, Oklahoma, 73505, United States
[10151/16883] osm-w1241804221: Lawton, Comanche County, Oklahoma, 73507, United States
[10152/16883] osm-w1243245606: South Granite Avenue East
[10153/16883] osm-w1244698469: West Spruce Avenue
[10154/16883] osm-w1252111800: Oak Tree Avenue
[10155/16883] osm-w1254159510: East 74th Street North
[10156/16883] osm-w1263571340: 5th Northeast Street
[10157/16883] osm-w1278741961: East Olive Street
[10158/16883] osm-w1279862447: Myall Southwest
[10159/16883] osm-w1284524641: Northwest 90th Street
[10160/16883] osm-w1284526141: Briar Meade Circle
[10161/16883] osm-w1284709852: East 57th Street
[10162/16883] osm-w1302966782: Sunset Drive
[10163/16883] osm-w1304741548: Phillips Lane
[10164/16883] osm-w1314251752: Banner Avenue
[10165/16883] osm-w1319212187: South Pecan Street
[10166/16883] osm-w1320760577: Oklahoma City, Oklahoma County, Oklahoma, 73003, United Stat
[10167/16883] osm-w1321488370: Delozier Lane
[10168/16883] osm-w1329047361: South Diamondhead Drive
[10169/16883] osm-w1331378911: Dana Drive
[10170/16883] osm-w1331378992: Quite Glade Drive
[10171/16883] osm-w1331379138: Oak Crest Drive
[10172/16883] osm-w1331379332: Antelope Trail
[10173/16883] osm-w1331379417: Heavenfield Court
[10174/16883] osm-w1331379555: Northwest 113th Street
[10175/16883] osm-w1333149867: 6th Street
[10176/16883] osm-w1333194258: Lakeview Circle
[10177/16883] osm-w1333194744: Mount Washington Road
[10178/16883] osm-w1333194950: South Rockford Road
[10179/16883] osm-w1333194993: Overland Route
[10180/16883] osm-w1333195465: 2nd Street
[10181/16883] osm-w1333195803: Stokes Road
[10182/16883] osm-w1333196129: North 137th Avenue East
[10183/16883] osm-w1333196146: Maplewood Drive
[10184/16883] osm-w1333196242: Beaty Street
[10185/16883] osm-w1333196882: East 16th Street
[10186/16883] osm-w1333196936: D 263 Road
[10187/16883] osm-w1354061592: East Mohawk Boulevard North
[10188/16883] osm-w1355446845: East 32nd Place
[10189/16883] osm-w1356674713: East Stuart Roosa Drive
[10190/16883] osm-w1356675040: Southeast 16th Street
[10191/16883] osm-w1356675428: Park Avenue
[10192/16883] osm-w1365441492: South Riverview Drive
[10193/16883] osm-w1372249086: West 85th Court South
[10194/16883] osm-w1382207405: East 31st Court South
[10195/16883] osm-w1384075704: Northwest 32nd Street
[10196/16883] osm-w1384187260: South Lynn Lane Road
[10197/16883] osm-w1389319415: Carlton Landing, Pittsburg County, Oklahoma, United States
[10198/16883] osm-w1391302242: South Utica Avenue East
[10199/16883] osm-w1416824067: East Highland Street
[10200/16883] osm-w1416824606: North Union Avenue
[10201/16883] osm-w1416974130: Wrangler Boulevard East
[10202/16883] osm-w1420271549: East Euclid Avenue
[10203/16883] osm-w1425050344: Price Road
[10204/16883] osm-w1425252206: 5th Street
[10205/16883] osm-w1425253678: Southwest 5th Street
[10206/16883] osm-w1425282741: Norwood Avenue
[10207/16883] osm-w1430154826: Greenbriar Chase Street
[10208/16883] osm-w1431222691: Old Farm Road
[10209/16883] osm-w1432609150: North Eastern Avenue
[10210/16883] osm-w1442444777: North Missouri Street
[10211/16883] osm-w1443897751: Skiatook, Osage County, Oklahoma, 74070, United States
[10212/16883] osm-w1444780128: North Meridian Avenue
[10213/16883] osm-w1444828650: Choctaw County, Oklahoma, 74743, United States
[10214/16883] osm-w1445363503: North 16th Street
[10215/16883] osm-w1466314683: Main Street
[10216/16883] osm-w1470396919: East Florida Avenue
[10217/16883] osm-w1470397420: San Ann Drive
[10218/16883] osm-w1470397843: West River Drive
[10219/16883] osm-w1470397879: South Oak Avenue
[10220/16883] osm-w1470398445: West Lincoln Avenue
[10221/16883] osm-w1470414484: Mulberry Lane
[10222/16883] osm-w1471497935: Diamond Head Drive
[10223/16883] osm-w1471512071: West Cemetery Road
[10224/16883] osm-w1472100675: Northeast B Street
[10225/16883] osm-w1472101053: North J Street
[10226/16883] osm-w1472101319: Cemetery Avenue
[10227/16883] osm-w1472102125: East Lincoln Avenue
[10228/16883] osm-w1472104804: South 85th Avenue East
[10229/16883] osm-w1472109272: West Shawntel Smith Boulevard
[10230/16883] osm-w1472114598: Harris Street
[10231/16883] osm-w1472115413: Southwest 28th Street
[10232/16883] osm-w1472118121: Northwest 39th Expressway
[10233/16883] osm-w1472122183: Northwest 117th Street
[10234/16883] osm-w1472122807: Northwest 118th Street
[10235/16883] osm-w1472122989: East Westlake Boulevard
[10236/16883] osm-w1472123183: Explorer Drive
[10237/16883] osm-w1472123325: Prospect Court
[10238/16883] osm-w1472123380: OK 105
[10239/16883] osm-w1472123620: North Crooks Drive
[10240/16883] osm-w1472124797: East 19th Street South
[10241/16883] osm-w1472125144: East 106th Street South
[10242/16883] osm-w1474866526: Myall Southwest
[10243/16883] osm-w1476027517: Surrey Drive Southwest
[10244/16883] osm-w1484218561: Poco Lane
[10245/16883] osm-w1488869911: Main Street
[10246/16883] osm-w1512540593: Francis Street
[10247/16883] osm-w1512540633: Creekwood Drive
[10248/16883] osm-w1512541554: West Britton Road
[10249/16883] osm-w1512577524: West 1st Street
[10250/16883] osm-w1524548719: Thompson Trail
[10251/16883] osm-w1524991187: 168th Avenue Northeast
[10252/16883] osm-w1525019979: East 310 Road
[10253/16883] osm-w1525563686: Lyrewood Lane
[10254/16883] osm-w1525564089: East 310 Road
[10255/16883] osm-w1525564269: South 567 Road
[10256/16883] osm-w1548031641: East 49th Street South
[10257/16883] osm-w1549791503: 6th Street
[10258/16883] osm-w1550218120: East Willow Street
[10259/16883] osm-w1553156269: Ramblewood Terrace
[10260/16883] osm-w1553156480: Rising Star Lane
[10261/16883] osm-w1553156920: Elm Street
[10262/16883] osm-w35345082: Southwest Kingston Avenue
[10263/16883] osm-w40111828: South 5th Street
[10264/16883] osm-w130921736: Southwest Ardenwood Street
[10265/16883] osm-w133234510: Northeast Miley Road
[10266/16883] osm-w133684604: Titan Terrace
[10267/16883] osm-w142976779: Southwest Highland Road
[10268/16883] osm-w142980709: Southeast Bush Street
[10269/16883] osm-w161010422: Ransom Street
[10270/16883] osm-w169188413: Felton Street South
[10271/16883] osm-w170996502: North James Street
[10272/16883] osm-w171180587: Amity Court
[10273/16883] osm-w176232986: Southeast Jefferson Street
[10274/16883] osm-w182810399: E Street Northeast
[10275/16883] osm-w215715322: McKenzie View Drive
[10276/16883] osm-w221497627: Cal Young Road
[10277/16883] osm-w231977414: West Centennial Boulevard
[10278/16883] osm-w242908428: Fall Creek Drive
[10279/16883] osm-w282110883: Hilyard Alley
[10280/16883] osm-w289995291: Park Lane
[10281/16883] osm-w299071720: Northeast Division Street
[10282/16883] osm-w299088589: Northwest Skycrest Parkway
[10283/16883] osm-w316333497: Northwest Polk Avenue
[10284/16883] osm-w319241212: Northwest Wild Rye Circle
[10285/16883] osm-w319244968: Kittyhawk Lane
[10286/16883] osm-w322284074: Dutchman Lane
[10287/16883] osm-w322284077: East Cascade Road
[10288/16883] osm-w333016606: Pacific Street
[10289/16883] osm-w342427812: Olympic Avenue Southeast
[10290/16883] osm-w344392320: West Connection Trail
[10291/16883] osm-w356051209: La Pine, Deschutes County, Oregon, 97739, United States
[10292/16883] osm-w358981677: Oregon Coast Highway
[10293/16883] osm-w360099230: Menucha Retreat Center Road
[10294/16883] osm-w360842116: Northeast Indian Trail
[10295/16883] osm-w363846586: Fenster Street
[10296/16883] osm-w367754015: Southwest Lynnridge Avenue
[10297/16883] osm-w368830754: Southwest Lynnridge Avenue
[10298/16883] osm-w369011208: Northwest Leahy Terrace
[10299/16883] osm-w369011211: Northwest 86th Avenue
[10300/16883] osm-w369252418: Northwest Walker Road
[10301/16883] osm-w369252422: Winthrop Path
[10302/16883] osm-w369952529: Southwest 170th Place
[10303/16883] osm-w395013630: North Lotus Beach Drive
[10304/16883] osm-w407437357: Northwest Circle A Drive
[10305/16883] osm-w410321315: Jackson County, Oregon, United States
[10306/16883] osm-w414283283: Southwest Gemini Drive
[10307/16883] osm-w420884487: Crane, Harney County, Oregon, 97732, United States
[10308/16883] osm-w422896236: North Roosevelt Drive
[10309/16883] osm-w422896240: Thompson Falls Drive
[10310/16883] osm-w422917829: 1st Street
[10311/16883] osm-w439247022: Southwest Bull Mountain Road
[10312/16883] osm-w439276628: Southwest Chandler Drive
[10313/16883] osm-w439334100: Southwest Colony Court
[10314/16883] osm-w439338962: Southwest Meyer Lane
[10315/16883] osm-w439387574: Southwest Beef Bend Road
[10316/16883] osm-w439401565: Southwest Hillshire Drive
[10317/16883] osm-w439463948: Southwest Rockingham Drive
[10318/16883] osm-w439899267: Southwest Mitchell Court
[10319/16883] osm-w440155145: Southwest Bull Mountain Road
[10320/16883] osm-w440155150: Southwest Kildeer Court
[10321/16883] osm-w440155164: Southwest Burgundy Street
[10322/16883] osm-w443717105: Southwest Teufel Hill Road
[10323/16883] osm-w448745473: Northwest Lovejoy Street
[10324/16883] osm-w459017339: H Street
[10325/16883] osm-w470942366: Highway 58
[10326/16883] osm-w479760750: King City, Washington County, Oregon, 97224, United States
[10327/16883] osm-w487240150: Northwest Waterhouse Avenue
[10328/16883] osm-w488613814: West Haven, West Haven-Sylvan, Washington County, Oregon, 97
[10329/16883] osm-w488793896: Southwest Barnes Road
[10330/16883] osm-w488953494: Southwest Greenwich Drive
[10331/16883] osm-w489124126: Northwest Skyline Boulevard
[10332/16883] osm-w490819214: Southeast Skylark Drive
[10333/16883] osm-w499398370: Northwest 151st Place
[10334/16883] osm-w501666652: Northwest Saint Helens Avenue
[10335/16883] osm-w501837937: Northwest Greenleaf Road
[10336/16883] osm-w504193918: Northwest Naomi Lane
[10337/16883] osm-w504322555: Northwest Central Court
[10338/16883] osm-w504996817: Northwest Skyline Boulevard
[10339/16883] osm-w505807688: Northwest Skyline Boulevard
[10340/16883] osm-w508609505: Northwest 10th Street
[10341/16883] osm-w509086878: Southwest 1st Avenue
[10342/16883] osm-w510029131: Main Camas Road
[10343/16883] osm-w514544410: Albee Street
[10344/16883] osm-w514983496: Southeast 5th Avenue
[10345/16883] osm-w533503390: North Anchor Way
[10346/16883] osm-w545385432: Bend, Deschutes County, Oregon, 97702, United States
[10347/16883] osm-w546694295: Southeast River Ridge Drive
[10348/16883] osm-w546875163: 38th Avenue Northwest
[10349/16883] osm-w552232812: Cooper Spur Road
[10350/16883] osm-w553436230: Mendiola Road
[10351/16883] osm-w562909089: Warrenton, Clatsop County, Oregon, 97146, United States
[10352/16883] osm-w581480529: Yakima Street South
[10353/16883] osm-w593092501: Base Line Trail
[10354/16883] osm-w605895585: Avenue N
[10355/16883] osm-w647898611: Northwest 268th Place
[10356/16883] osm-w651640694: Northwest Meek Road
[10357/16883] osm-w654851100: Northwest Old Germantown Road
[10358/16883] osm-w656490299: Northwest Germantown Road
[10359/16883] osm-w656490349: Northwest Dick Road
[10360/16883] osm-w656743016: Northwest Old Cornelius Pass Road
[10361/16883] osm-w657006979: Northwest Gordon Road
[10362/16883] osm-w658665493: Northwest Country Woods Lane
[10363/16883] osm-w658669905: Northwest Barclay Terrace
[10364/16883] osm-w659349145: Northwest Old Cornelius Pass Road
[10365/16883] osm-w664096757: Northwest Meier Road
[10366/16883] osm-w664360434: Northwest Rock Creek Road
[10367/16883] osm-w665457682: Northwest Jackson Quarry Road
[10368/16883] osm-w666433388: Northwest Narup Road
[10369/16883] osm-w667708323: Northwest Roads End
[10370/16883] osm-w680804353: Prairie Meadows Avenue
[10371/16883] osm-w707954997: Southwest 55th Drive
[10372/16883] osm-w712586518: Terri Drive
[10373/16883] osm-w737193199: Madras Street Southeast
[10374/16883] osm-w741804162: Recovery Drive
[10375/16883] osm-w775589083: Cedar Street
[10376/16883] osm-w794515729: Northeast 8th Street
[10377/16883] osm-w794517721: Northeast Shane Lane
[10378/16883] osm-w796248065: Southwest Chapman Road
[10379/16883] osm-w797695523: Northeast Hollowtree Lane
[10380/16883] osm-w817967025: Hutson Drive
[10381/16883] osm-w842508426: South Road G
[10382/16883] osm-w842508710: North Court Street
[10383/16883] osm-w842879524: Jefferson County, Oregon, 97730, United States
[10384/16883] osm-w842879825: South Fairgrounds Road
[10385/16883] osm-w842884721: Lara Lane
[10386/16883] osm-w866537300: Southwest 52nd Place
[10387/16883] osm-w878390499: South Ivel Road
[10388/16883] osm-w878410687: South Gronlund Road
[10389/16883] osm-w964425444: Firland Boulevard
[10390/16883] osm-w1002938241: Southwest Brugger Street
[10391/16883] osm-w1003183086: Southwest Bancroft Street
[10392/16883] osm-w1003190304: Southwest Bancroft Street
[10393/16883] osm-w1003291109: Southwest Spruce Avenue
[10394/16883] osm-w1003291645: Southwest Arrow-Wood Lane
[10395/16883] osm-w1003296354: Southwest Arrow-Wood Lane
[10396/16883] osm-w1003421933: Edgecliff Terrace
[10397/16883] osm-w1021548131: South Hemlock Street
[10398/16883] osm-w1029870687: Southeast Winston Road
[10399/16883] osm-w1029870688: Southeast Winston Road
[10400/16883] osm-w1056359373: Southwest Forest Meadows Way
[10401/16883] osm-w1056359375: Southwest Adrian Court
[10402/16883] osm-w1056359379: Southwest Englewood Drive
[10403/16883] osm-w1056814440: Country Commons
[10404/16883] osm-w1059177113: Southwest Lebeau Road
[10405/16883] osm-w1060199723: Southwest 65th Avenue
[10406/16883] osm-w1060199732: Southwest Eastgate Drive
[10407/16883] osm-w1060199751: Southwest Quarryview Drive
[10408/16883] osm-w1060202972: Southwest Homesteader Road
[10409/16883] osm-w1060318532: Southwest Schaeffer Road
[10410/16883] osm-w1060318540: Southwest West Road
[10411/16883] osm-w1060344086: Southwest Mountain Road
[10412/16883] osm-w1060344089: Southwest Stafford Hill Drive
[10413/16883] osm-w1060344093: Southwest Matthews Road
[10414/16883] osm-w1060344094: Southwest Valley View Road
[10415/16883] osm-w1060344096: Southwest Stafford Hill Court
[10416/16883] osm-w1060344099: Southwest Stafford Hill Court
[10417/16883] osm-w1060344101: Southwest Stafford Hill Court
[10418/16883] osm-w1060344115: Southwest Buckman Road
[10419/16883] osm-w1060344156: Southwest Buckman Road
[10420/16883] osm-w1060344163: Southwest Stafford Road
[10421/16883] osm-w1060344182: Southwest Bar None Road
[10422/16883] osm-w1060353854: Southwest Stafford Road
[10423/16883] osm-w1060353857: Southwest Gage Road
[10424/16883] osm-w1060353897: Rowland Drive
[10425/16883] osm-w1060353910: Southwest Oak Hill Lane
[10426/16883] osm-w1060353917: Southwest Meadow Way
[10427/16883] osm-w1060353922: Southwest Trail Road
[10428/16883] osm-w1060357393: Southwest Johnson Road
[10429/16883] osm-w1060357397: Southwest Stafford Road
[10430/16883] osm-w1060357403: Southwest Barton Road
[10431/16883] osm-w1060357404: Westview Drive
[10432/16883] osm-w1060357413: Pioneer Court
[10433/16883] osm-w1060432416: Hillshire Drive
[10434/16883] osm-w1060440361: Avery Lane
[10435/16883] osm-w1061635652: Southwest Briar Patch Lane
[10436/16883] osm-w1061808014: Southwest Ladd Hill Road
[10437/16883] osm-w1064532214: Liberty Street Northeast
[10438/16883] osm-w1070523496: Southwest Fairview Boulevard
[10439/16883] osm-w1070523501: Southwest Hawthorne Terrace
[10440/16883] osm-w1070523519: Southwest Greenhills Way
[10441/16883] osm-w1070523521: Southwest 54th Avenue
[10442/16883] osm-w1070523522: Southwest 48th Avenue
[10443/16883] osm-w1070771375: South Lowe Road
[10444/16883] osm-w1085263777: Alden Street
[10445/16883] osm-w1086880301: South Wilda Road
[10446/16883] osm-w1086880303: South Wilda Road
[10447/16883] osm-w1087136250: Southwest Childs Road
[10448/16883] osm-w1087774081: Southwest Stafford Road
[10449/16883] osm-w1090564304: Northwest Bergeron Court
[10450/16883] osm-w1091778025: Southeast Berry Cane Lane
[10451/16883] osm-w1091961998: Warrenton, Clatsop County, Oregon, 97146, United States
[10452/16883] osm-w1093063706: Southeast Wyler Street
[10453/16883] osm-w1097842755: Yamhill County
[10454/16883] osm-w1102383374: Southwest Colony Drive
[10455/16883] osm-w1116988982: Southwest Edy Road
[10456/16883] osm-w1117950788: Northwest Brickyard Street
[10457/16883] osm-w1118277144: Northeast Beakey Street
[10458/16883] osm-w1120276032: Southeast Balmoral Court
[10459/16883] osm-w1121870490: Lakeview Boulevard
[10460/16883] osm-w1125566494: Marion County, Oregon, 97032, United States
[10461/16883] osm-w1161562079: Ponderosa Loop
[10462/16883] osm-w1208216907: Southwest Moffitt Drive
[10463/16883] osm-w1210889544: Park Avenue
[10464/16883] osm-w1215490999: 53rd Avenue Northwest
[10465/16883] osm-w1246222859: Wasco-Heppner Highway
[10466/16883] osm-w1247988931: Ehlen Road Northeast
[10467/16883] osm-w1254369096: Lake of the Woods Highway
[10468/16883] osm-w1267612753: Copper Glen Drive Southeast
[10469/16883] osm-w1270327210: Valley Way Southeast
[10470/16883] osm-w1270327410: Valley Way Southeast
[10471/16883] osm-w1270327414: Valley Way Southeast
[10472/16883] osm-w1272645744: South Bergis Road
[10473/16883] osm-w1283695038: West 1st Street
[10474/16883] osm-w1295554758: Huntington Circle Southeast
[10475/16883] osm-w1300784877: Osprey Court Southeast
[10476/16883] osm-w1300950931: Northeast Elliott Circle
[10477/16883] osm-w1301232775: Acacia Drive South
[10478/16883] osm-w1304151675: McKinley Street Southeast
[10479/16883] osm-w1320750186: Conger Avenue
[10480/16883] osm-w1335836786: Dark Lake Road
[10481/16883] osm-w1349647349: Smith Street
[10482/16883] osm-w1380465034: Village Circle
[10483/16883] osm-w1383473751: North Highland, Clackamas County, Oregon, United States
[10484/16883] osm-w1395860104: Laurel Crest Drive
[10485/16883] osm-w1422508387: Ellensburg Avenue
[10486/16883] osm-w1430132189: Highway #001AQ - West Valley View Connection #4
[10487/16883] osm-w1433930089: Southeast Rice Lane
[10488/16883] osm-w1434157059: Commercial Avenue
[10489/16883] osm-w1434379850: Northwest Links Lane
[10490/16883] osm-w1443794217: Southeast Semple Road
[10491/16883] osm-w1445808183: Twickenham-Burnt Ranch Road
[10492/16883] osm-w1447866597: Juniper
[10493/16883] osm-w1454746854: Northeast Thompson Street
[10494/16883] osm-w1457371080: South Gard Road
[10495/16883] osm-w1467389523: Turner Street
[10496/16883] osm-w1467390389: 9th Street Southwest
[10497/16883] osm-w1467657120: East Main Street
[10498/16883] osm-w1467727615: South Junction Avenue
[10499/16883] osm-w1467727758: Galice Road
[10500/16883] osm-w1467849051: Worldmark Loop
[10501/16883] osm-w1467924702: Northwest Hawthorne Avenue
[10502/16883] osm-w1467925675: Northeast 2nd Street
[10503/16883] osm-w1467925919: North Enterprise Road
[10504/16883] osm-w1468083558: North Terry Street
[10505/16883] osm-w1468085021: 27th Avenue Southwest
[10506/16883] osm-w1468098975: Sea Crest Way
[10507/16883] osm-w1468099341: Southwest Singing Tree
[10508/16883] osm-w1468099601: Wakash Trail
[10509/16883] osm-w1468100475: Northeast East Devils Lake Road
[10510/16883] osm-w1468129554: 18th Avenue
[10511/16883] osm-w1468130137: Pacific Highway #1;Korean War Veterans Memorial Highway;Purple Heart Trail
[10512/16883] osm-w1468131083: Independence Avenue
[10513/16883] osm-w1468131354: Bishops Cap
[10514/16883] osm-w1468131891: Metolius Meadows Drive
[10515/16883] osm-w1468136171: Stage Stop Drive
[10516/16883] osm-w1468137591: Trestle Bridge Loop
[10517/16883] osm-w1468139110: Southeast Caruthers Street
[10518/16883] osm-w1468141574: 7th Street
[10519/16883] osm-w1468142211: 12th Street
[10520/16883] osm-w1474049333: Cascade Highway Northeast
[10521/16883] osm-w1474917260: Northwest Dairy Creek Road
[10522/16883] osm-w1475367650: Drift Creek Road Northeast
[10523/16883] osm-w1475447329: Sunnyview Road Northeast
[10524/16883] osm-w1476326836: Southwest 14th Drive
[10525/16883] osm-w1480414746: Southwest 170th Avenue
[10526/16883] osm-w1481962336: Clackamas County, Oregon, 97004, United States
[10527/16883] osm-w1489619599: Southwest Dewberry Lane
[10528/16883] osm-w1489652013: Southwest 133rd Avenue
[10529/16883] osm-w1499229612: North Teakwood Street
[10530/16883] osm-w1528575247: South 3rd Street
[10531/16883] osm-w1528577419: Jackson County, Oregon, United States
[10532/16883] osm-w1528805069: Warm Springs Highway
[10533/16883] osm-w1528805292: Southwest Horse Tale Drive
[10534/16883] osm-w1528805880: Northeast Bell Road
[10535/16883] osm-w1528806357: Southwest Mountain Lane
[10536/16883] osm-w1528807465: Southwest Schaeffer Road
[10537/16883] osm-w1528809775: Alexander Lane Northeast
[10538/16883] osm-w1528835468: South Pine Street
[10539/16883] osm-w1539635629: F Street
[10540/16883] osm-w1540885714: Southwest Riverview Lane
[10541/16883] osm-w1545392622: Rodgers Road
[10542/16883] osm-w1546811001: Southwest Wilhelm Road
[10543/16883] osm-w1546813983: Southwest Hillsboro Highway
[10544/16883] osm-w1551637269: Northeast Rene Avenue
[10545/16883] osm-w1551787290: Southwest Eastman Parkway
[10546/16883] osm-w1551789828: Southeast Wallace Way
[10547/16883] osm-w1551797465: Cascadia Gardens, Washington County, Oregon, 97113, United S
[10548/16883] osm-w1551799217: South Military Road
[10549/16883] osm-w1551802044: Southwest Scholls Ferry Road
[10550/16883] osm-w1551802256: Southwest Scholls Ferry Road
[10551/16883] osm-w1551802655: Southwest Woodside Drive
[10552/16883] osm-w1551806590: Southwest Dilley Road
[10553/16883] osm-w1551815360: Mount Hood Highway
[10554/16883] osm-w1551816662: South Springwater Road
[10555/16883] osm-w1551876357: Southwest Wyndham Hill Court
[10556/16883] osm-w1551876358: Southwest Wyndham Hill Court
[10557/16883] osm-w1551876360: Southwest Trail Road
[10558/16883] osm-w1551876361: Southwest Trail Road
[10559/16883] osm-w1551876364: Southwest Trail Road
[10560/16883] osm-w1551876365: Southwest Trail Road
[10561/16883] osm-w1552459886: South Cabin Creek Road
[10562/16883] osm-n13903029907: Hitchman Street
[10563/16883] osm-n13971278475: South 3rd Street
[10564/16883] osm-n14007522612: Catawissa Street
[10565/16883] osm-w44943112: Park Avenue
[10566/16883] osm-w55036121: Willow Pond Drive
[10567/16883] osm-w59036381: Springford Drive
[10568/16883] osm-w60439668: Perkiomen Trail
[10569/16883] osm-w78290306: Graystone Road
[10570/16883] osm-w78290315: Hollow Drive
[10571/16883] osm-w78929948: Old Lancaster Road
[10572/16883] osm-w80197174: Highland Lane
[10573/16883] osm-w88571086: Eaves Spring Road
[10574/16883] osm-w94999885: Stadium Road
[10575/16883] osm-w106982024: Hanover Street
[10576/16883] osm-w118822852: Rabbit Run Road
[10577/16883] osm-w118825470: Wawa Road
[10578/16883] osm-w123644997: Interstate Parkway
[10579/16883] osm-w133803479: Englewood Terrace
[10580/16883] osm-w136868263: Bishop Hollow Road
[10581/16883] osm-w137389143: Goshen Road
[10582/16883] osm-w137389146: Goshen Road
[10583/16883] osm-w144818642: Berwick Turnpike
[10584/16883] osm-w159737784: Woodbine Road
[10585/16883] osm-w165025288: Settlers Drive
[10586/16883] osm-w165025289: Evergreen Run
[10587/16883] osm-w168430621: Blue Trail / Red Trail
[10588/16883] osm-w170398678: Centre Avenue
[10589/16883] osm-w171798416: Hook Road
[10590/16883] osm-w172076434: Shady Avenue
[10591/16883] osm-w173990949: Flintshire Road
[10592/16883] osm-w182050591: Campus Drive
[10593/16883] osm-w183323415: Linvill Trail
[10594/16883] osm-w185298240: Adams Ridge Boulevard
[10595/16883] osm-w186411204: Middlesex Township, Butler County, Pennsylvania, 16059, Unit
[10596/16883] osm-w187142956: Community Court
[10597/16883] osm-w189337035: Courtney Mill Road
[10598/16883] osm-w195117056: Second Street Pike
[10599/16883] osm-w200374566: Shaker Court
[10600/16883] osm-w209457328: Vensel Lane
[10601/16883] osm-w209484030: PA 309
[10602/16883] osm-w210194263: Woodhaven Road
[10603/16883] osm-w210929754: Division Street
[10604/16883] osm-w211016502: Riverview Estates, Forks Township, Northampton County, Penns
[10605/16883] osm-w214768078: Mill Ridge Lane
[10606/16883] osm-w214810654: Church Street
[10607/16883] osm-w220186532: 1st Street
[10608/16883] osm-w223604386: North Boulevard
[10609/16883] osm-w238493076: Path to Tennis Court
[10610/16883] osm-w238499737: Morgantown Road
[10611/16883] osm-w239085958: Love Road
[10612/16883] osm-w239632229: Reedsdale Drive
[10613/16883] osm-w248368546: Viewmont Drive
[10614/16883] osm-w248368548: Penn Avenue
[10615/16883] osm-w248954917: Fissels Church Road
[10616/16883] osm-w251436823: South Park Township, Allegheny County, Pennsylvania, 15129, 
[10617/16883] osm-w252495623: Wings Field Trail
[10618/16883] osm-w254444850: Third Street
[10619/16883] osm-w256587573: Village Drive
[10620/16883] osm-w257412083: O'hara Trail
[10621/16883] osm-w257580160: PA 115
[10622/16883] osm-w261392305: Wilsonville Road
[10623/16883] osm-w263159236: Lenape Lane
[10624/16883] osm-w263232252: Buchanan Way
[10625/16883] osm-w276515373: Tenby Road
[10626/16883] osm-w283544695: Penn-Lincoln Parkway East
[10627/16883] osm-w284419821: Rue Ann Valley Lane
[10628/16883] osm-w285810225: Patton Township, Centre County, Pennsylvania, 16803, United 
[10629/16883] osm-w290908346: Village Drive
[10630/16883] osm-w296973692: Euclid Avenue
[10631/16883] osm-w301973583: Wimmerton Boulevard
[10632/16883] osm-w303275173: Sunset Drive
[10633/16883] osm-w303374785: Point View Court
[10634/16883] osm-w306604108: Colwell Street
[10635/16883] osm-w308954211: Grant Street
[10636/16883] osm-w314508096: Packhouse Road
[10637/16883] osm-w321937451: Birmingham Road
[10638/16883] osm-w324146955: North Adams Street
[10639/16883] osm-w324296215: Fox Hill Trail
[10640/16883] osm-w324499906: Joyce Drive
[10641/16883] osm-w330465777: Birchwood Drive
[10642/16883] osm-w331950174: Fairway Lane
[10643/16883] osm-w338042120: Twin Lane
[10644/16883] osm-w340192467: Albert White Drive
[10645/16883] osm-w340192469: East Park
[10646/16883] osm-w343570746: West Foot Hills Road
[10647/16883] osm-w346672143: Mountain Road
[10648/16883] osm-w346951913: Sunset Drive
[10649/16883] osm-w347808943: Front River Road
[10650/16883] osm-w347966301: Conyngham Drums Road
[10651/16883] osm-w350185567: East County Hwy 37
[10652/16883] osm-w350214802: East Cohwy 37
[10653/16883] osm-w355841193: West Main Street
[10654/16883] osm-w371781706: McDivitt Drive
[10655/16883] osm-w376802569: Bonniebrook Road
[10656/16883] osm-w378647259: Dew Drop Road
[10657/16883] osm-w381558868: Folly Road
[10658/16883] osm-w384211313: Clubhouse Drive
[10659/16883] osm-w384592557: Astibe Drive
[10660/16883] osm-w385071806: Lee Drive
[10661/16883] osm-w385359290: Fredericks Road
[10662/16883] osm-w385639140: Harrison Court
[10663/16883] osm-w390856760: Neshaminy Boulevard
[10664/16883] osm-w391044062: Gilbert Drive
[10665/16883] osm-w397100600: West 22nd Street
[10666/16883] osm-w398398799: East McMurray Road
[10667/16883] osm-w398628429: Imperial, North Fayette Township, Allegheny County, Pennsylv
[10668/16883] osm-w400340979: Martin Road
[10669/16883] osm-w402222688: Knoch Road
[10670/16883] osm-w415932979: Elephant Road
[10671/16883] osm-w416487808: Susquehanna Warrior Trail
[10672/16883] osm-w420150984: New Street
[10673/16883] osm-w420155055: Rose Lane
[10674/16883] osm-w420861909: Collinsburg Road
[10675/16883] osm-w423502325: Maclean Avenue
[10676/16883] osm-w434255407: Wintergreen Court
[10677/16883] osm-w435527247: Pleasant Valley Road
[10678/16883] osm-w436156674: Camp Akiba Road
[10679/16883] osm-w438341405: Glenwood Lane
[10680/16883] osm-w438342078: Meginnes Road
[10681/16883] osm-w440593824: Fairmont Street
[10682/16883] osm-w441847638: Arie Court
[10683/16883] osm-w441858843: Elaine Drive
[10684/16883] osm-w441931251: Smith Road
[10685/16883] osm-w449441676: Blue Spring Lane
[10686/16883] osm-w454674441: Niles Pond Road
[10687/16883] osm-w458734424: Haverford Avenue
[10688/16883] osm-w461487280: West Peale Avenue
[10689/16883] osm-w461646785: Lusk Run Road
[10690/16883] osm-w462393946: West Berks Alley
[10691/16883] osm-w463349968: Park Lane
[10692/16883] osm-w465456475: Alden Street
[10693/16883] osm-w471026457: Wexford Road
[10694/16883] osm-w473256465: Uwchlan Trail
[10695/16883] osm-w479417024: Mountaineer Drive
[10696/16883] osm-w480513271: Dorseyville, Indiana Township, Allegheny County, Pennsylvani
[10697/16883] osm-w480767524: Holicong Road
[10698/16883] osm-w480767546: Holicong Road
[10699/16883] osm-w482455903: South 16th Street
[10700/16883] osm-w483074855: Indian Creek Valley Trail
[10701/16883] osm-w486427497: Skippack Trail
[10702/16883] osm-w488976506: Hampton Street
[10703/16883] osm-w490175207: Wales Street
[10704/16883] osm-w492709208: School Road
[10705/16883] osm-w505695584: Kenny Avenue
[10706/16883] osm-w507869577: Westover Drive
[10707/16883] osm-w518956108: Clubhouse Circle
[10708/16883] osm-w530107795: Independence Drive
[10709/16883] osm-w533237397: Windermere Drive
[10710/16883] osm-w536101796: Harrow Hill Court
[10711/16883] osm-w537135823: Torbert Lane
[10712/16883] osm-w537943370: Galeton, Potter County, Pennsylvania, 16922, United States
[10713/16883] osm-w538074124: Clymer Hill Road
[10714/16883] osm-w543221106: Arch Street
[10715/16883] osm-w543997751: Maple Avenue
[10716/16883] osm-w544760093: Municipal Road
[10717/16883] osm-w547222732: Wood Road
[10718/16883] osm-w551357521: Thurston Road
[10719/16883] osm-w551693639: South Main Street
[10720/16883] osm-w554342465: Seals Avenue
[10721/16883] osm-w558856080: Grandview Drive North
[10722/16883] osm-w559787357: Fort Washington Expressway
[10723/16883] osm-w560227278: Lycoming Creek Bikeway
[10724/16883] osm-w560615182: Fairview Township, York County, Pennsylvania, 17070, United 
[10725/16883] osm-w561559395: Hess Farm Road
[10726/16883] osm-w562780422: Dew Drop Court
[10727/16883] osm-w565376772: Meggan Lane
[10728/16883] osm-w565499201: Country Place Drive
[10729/16883] osm-w565499631: Buchers Mill
[10730/16883] osm-w566237752: Bustleton Avenue
[10731/16883] osm-w571861997: Hollow Road
[10732/16883] osm-w571943794: Teal Road
[10733/16883] osm-w572187160: Crain Circle
[10734/16883] osm-w575378098: Penn Estates Drive
[10735/16883] osm-w576115423: Creek Road
[10736/16883] osm-w576428603: Swamp Road
[10737/16883] osm-w577242299: Horse Shoe Trail
[10738/16883] osm-w582702470: Constantine Lane
[10739/16883] osm-w583812633: Poplar Valley Road West
[10740/16883] osm-w584293552: Cedar Drive
[10741/16883] osm-w591091926: Street Road
[10742/16883] osm-w596173523: Fire House Lane
[10743/16883] osm-w605086093: Susquehanna Road
[10744/16883] osm-w605100021: Ricketts Drive
[10745/16883] osm-w608443996: Old Huntingdon Pike
[10746/16883] osm-w608754984: New Germany Road
[10747/16883] osm-w609659328: Oak Road
[10748/16883] osm-w610277224: Pennypack Trail
[10749/16883] osm-w610918380: Coates Road
[10750/16883] osm-w610918381: Wrack Road
[10751/16883] osm-w610918382: Meetinghouse Road
[10752/16883] osm-w610918383: Mill Road Circle
[10753/16883] osm-w610918384: Meetinghouse Road
[10754/16883] osm-w610918385: Mill Road Circle
[10755/16883] osm-w610918400: Frazier Road
[10756/16883] osm-w611295475: Sandra Avenue
[10757/16883] osm-w611699015: Sewell Lane
[10758/16883] osm-w611699017: Cloverly Lane
[10759/16883] osm-w611699018: Stocton Road
[10760/16883] osm-w611699025: Rydal Road
[10761/16883] osm-w611700117: Sherwood Road
[10762/16883] osm-w612369290: Pine Place West
[10763/16883] osm-w612374198: Londonderry Avenue
[10764/16883] osm-w612374200: Moredon Road
[10765/16883] osm-w616768773: Woodsy Way
[10766/16883] osm-w617274250: East Kensington, New Kensington, Westmoreland County, Pennsy
[10767/16883] osm-w617726491: Sarah Street
[10768/16883] osm-w617726494: Deer Lane
[10769/16883] osm-w618028558: Pierce Street
[10770/16883] osm-w618132376: Oberlin Road
[10771/16883] osm-w618468009: Conrad Weiser School Road
[10772/16883] osm-w618549270: Bartlett Street
[10773/16883] osm-w618762067: Woodland Avenue
[10774/16883] osm-w618767281: Hampden Township, Cumberland County, Pennsylvania, 17025, Un
[10775/16883] osm-w626958411: Indian Lane
[10776/16883] osm-w628138532: Stover Drive
[10777/16883] osm-w628169790: Hawley Road
[10778/16883] osm-w633195856: Twigden Court
[10779/16883] osm-w641372193: Tory Circle
[10780/16883] osm-w645166446: Kokomo Avenue
[10781/16883] osm-w645815153: Chestnut Street
[10782/16883] osm-w649344499: Buck Road
[10783/16883] osm-w650807822: Newbold Road
[10784/16883] osm-w652549944: Jamison Avenue
[10785/16883] osm-w653238695: Eastgate Drive
[10786/16883] osm-w655285418: Chestnut Hill Road
[10787/16883] osm-w659700679: North Tower Road
[10788/16883] osm-w660556270: Foal Court
[10789/16883] osm-w662503222: Meadowbrook, Abington Township, Montgomery County, Pennsylva
[10790/16883] osm-w662647874: Brooks Street
[10791/16883] osm-w663032820: Powder Mill Road
[10792/16883] osm-w663357514: Park Avenue
[10793/16883] osm-w663922165: Middle Road
[10794/16883] osm-w664264113: 5th Avenue
[10795/16883] osm-w664609167: Perimeter Road
[10796/16883] osm-w664609203: Fox Road
[10797/16883] osm-w666808890: Heritage Road
[10798/16883] osm-w669206211: Greenes Way Circle
[10799/16883] osm-w670663466: School Drive
[10800/16883] osm-w671408404: Kunkle Drive
[10801/16883] osm-w672144045: Lott Street
[10802/16883] osm-w675006389: Chapel Drive
[10803/16883] osm-w675321908: Country Club Road
[10804/16883] osm-w676625854: Mount Vernon Drive
[10805/16883] osm-w678273498: Ward Creek Drive
[10806/16883] osm-w679754042: Mitchell Avenue
[10807/16883] osm-w679953244: Rex Avenue
[10808/16883] osm-w679953249: Towanda Avenue
[10809/16883] osm-w680249346: North Richmond Street
[10810/16883] osm-w682059500: Georgetown Road
[10811/16883] osm-w682135026: Crosslands, Saverys Mill, Kennett Township, Chester County, 
[10812/16883] osm-w682863933: Winston Way
[10813/16883] osm-w682863934: Marlin Drive
[10814/16883] osm-w682987243: Coal Run Terrace
[10815/16883] osm-w683238986: Trail For ACAC Summer Camp
[10816/16883] osm-w683445393: Township Line Road
[10817/16883] osm-w683557553: Brookwood Drive North
[10818/16883] osm-w683599870: North Brook Circle
[10819/16883] osm-w683979847: Pickering Road
[10820/16883] osm-w685101409: Craig Lane
[10821/16883] osm-w685101410: Buck Lane
[10822/16883] osm-w685101411: Quaker Lane
[10823/16883] osm-w685101414: Allgates Drive
[10824/16883] osm-w685101415: Tunbridge Road
[10825/16883] osm-w685101418: College Avenue
[10826/16883] osm-w686184117: Creekside Path
[10827/16883] osm-w686311957: Gap Newport Pike
[10828/16883] osm-w686646527: Mill Road
[10829/16883] osm-w686665953: Highview Lane
[10830/16883] osm-w686665957: Brookview Road
[10831/16883] osm-w686665958: Walker Lane
[10832/16883] osm-w686734640: Yorktown Court
[10833/16883] osm-w687450390: Heritage Lane
[10834/16883] osm-w687881736: Hunter Circle
[10835/16883] osm-w687881737: Laurel Circle
[10836/16883] osm-w687881738: Harvey Lane
[10837/16883] osm-w687881739: Scarborough Court
[10838/16883] osm-w687881741: Rocky Hill, Milltown, Westtown Township, Chester County, Pen
[10839/16883] osm-w687881742: Treetops Lane
[10840/16883] osm-w687881744: Manley Road
[10841/16883] osm-w687881745: Darby Paoli Road
[10842/16883] osm-w687881746: Buttonwood Road
[10843/16883] osm-w687881747: Buttonwood Road
[10844/16883] osm-w687881748: Twinbrook Road
[10845/16883] osm-w687881749: Grubbs Mill Road
[10846/16883] osm-w687881750: Stillmeadow Lane
[10847/16883] osm-w687881751: Barr Road
[10848/16883] osm-w687881752: Rabbit Run Road
[10849/16883] osm-w687881754: South Warren Avenue
[10850/16883] osm-w687881756: Old Barn Lane
[10851/16883] osm-w687881757: Marlborough Road
[10852/16883] osm-w687881759: Providence Road
[10853/16883] osm-w687881761: Foxchase Road
[10854/16883] osm-w687881762: Firethorn Lane
[10855/16883] osm-w687881764: Jaffrey Road
[10856/16883] osm-w687881765: Jaffrey Road
[10857/16883] osm-w687881767: Spring Road
[10858/16883] osm-w687935447: Goshen Road
[10859/16883] osm-w687941771: Hillview Road
[10860/16883] osm-w687941772: White Horse Road
[10861/16883] osm-w687941773: Crum Creek Drive
[10862/16883] osm-w687941774: White Horse Road
[10863/16883] osm-w687941780: Radnor Trail
[10864/16883] osm-w687941781: Church Road
[10865/16883] osm-w687941783: Church Road
[10866/16883] osm-w687941784: Church Road
[10867/16883] osm-w687941785: Clovelly Lane
[10868/16883] osm-w687941786: Maplewood
[10869/16883] osm-w687941788: Radnor Trail
[10870/16883] osm-w687941792: Julip Run
[10871/16883] osm-w687941794: East Street Road
[10872/16883] osm-w687941795: Harrison Drive
[10873/16883] osm-w687941797: Harrison Drive
[10874/16883] osm-w687941799: Newtown Road
[10875/16883] osm-w687941801: Nathan Hale Road
[10876/16883] osm-w687941802: Leopard Road
[10877/16883] osm-w687941803: Argyle Road
[10878/16883] osm-w687986348: Manley Road
[10879/16883] osm-w688017436: South Ivy Lane
[10880/16883] osm-w688017439: Smedley Lane
[10881/16883] osm-w688497464: Valley Road
[10882/16883] osm-w688497466: Gideon Drive
[10883/16883] osm-w688740960: Thornhill Drive
[10884/16883] osm-w688997533: Concord Road
[10885/16883] osm-w688997539: Wendy Way
[10886/16883] osm-w688997542: Horse-Shoe Trail
[10887/16883] osm-w688997548: Old Orchard Lane
[10888/16883] osm-w689013110: Manor Road
[10889/16883] osm-w689013113: Squirrel Hill Road
[10890/16883] osm-w689018309: Hilltop Road
[10891/16883] osm-w689253384: Marian Drive
[10892/16883] osm-w689253389: Mill Haven Road
[10893/16883] osm-w689434954: Ironstone Hill Road
[10894/16883] osm-w689477053: East Christine Road
[10895/16883] osm-w690352342: Green Valley Road
[10896/16883] osm-w691533933: Stackhouse Mill Road
[10897/16883] osm-w691533936: Sugartown Road
[10898/16883] osm-w691535883: Clover Lane
[10899/16883] osm-w691535884: Heather Hills Lane
[10900/16883] osm-w691544879: Maack Road
[10901/16883] osm-w691545736: Bucktown Crossing Road
[10902/16883] osm-w691546225: Birchrun Circle
[10903/16883] osm-w691546227: Bartlett Lane
[10904/16883] osm-w691546337: Marsh Creek Drive
[10905/16883] osm-w692404357: Temple Road
[10906/16883] osm-w692404359: East Meadowbrook Road
[10907/16883] osm-w692404360: Catfish Lane
[10908/16883] osm-w692404361: West Schuylkill Road
[10909/16883] osm-w692570265: Shenton Road
[10910/16883] osm-w692570266: Connor Road
[10911/16883] osm-w692607577: Chowning Drive
[10912/16883] osm-w692607580: Chowning Drive
[10913/16883] osm-w692607581: Line Road
[10914/16883] osm-w692607582: Delchester Road
[10915/16883] osm-w692610876: Reynard Road
[10916/16883] osm-w692610877: Carriage Way
[10917/16883] osm-w692610883: Waynesborough Road
[10918/16883] osm-w692610889: Clayton Place
[10919/16883] osm-w692610891: Camby Chase Road
[10920/16883] osm-w692610892: Hunt Valley Circle
[10921/16883] osm-w692610896: South Valley Road
[10922/16883] osm-w692610901: Damview Drive
[10923/16883] osm-w692610902: Jaffrey Road
[10924/16883] osm-w692610903: South Waterloo Road
[10925/16883] osm-w692610909: Crum Creek Lane
[10926/16883] osm-w692616059: Marshall Vale Lane
[10927/16883] osm-w692616061: Buck Toe Hills Road
[10928/16883] osm-w692616065: Woodridge Drive
[10929/16883] osm-w692616459: Creek Road
[10930/16883] osm-w692616460: Merrybell Lane
[10931/16883] osm-w692617962: Deer Path
[10932/16883] osm-w692619052: McComb Lane
[10933/16883] osm-w692620240: Old Kennett Road
[10934/16883] osm-w692620243: Old Kennett Road
[10935/16883] osm-w692621753: East Doe Run Road
[10936/16883] osm-w692621754: Unionville Lenape Road
[10937/16883] osm-w692625282: West Swedesford Road
[10938/16883] osm-w692625283: Charlestown Road
[10939/16883] osm-w692625285: West Swedesford Road
[10940/16883] osm-w692625286: Hollyhock Circle
[10941/16883] osm-w692625287: Shadow Oak Drive
[10942/16883] osm-w692625288: New Whitehorse Way
[10943/16883] osm-w692625292: Street Road
[10944/16883] osm-w692625294: Rapps Run Drive
[10945/16883] osm-w692625295: Spring Meadow Farm Lane
[10946/16883] osm-w692625296: West Swedesford Road
[10947/16883] osm-w692625298: Chesterfield Lane
[10948/16883] osm-w692628833: Kashmir Drive
[10949/16883] osm-w692628834: Cricklewood Road
[10950/16883] osm-w692628835: Glen Mills Road
[10951/16883] osm-w692628837: Timber Lane
[10952/16883] osm-w692628839: Oak Tree Hollow Road
[10953/16883] osm-w692628841: Bolingbroke Road
[10954/16883] osm-w692629344: Dilworthtown Road
[10955/16883] osm-w692654156: General Alexander Drive
[10956/16883] osm-w692654158: Diamond Rock Road
[10957/16883] osm-w692654159: Yellow Springs Road
[10958/16883] osm-w692654160: Page Place
[10959/16883] osm-w692654162: Pennsylvania Turnpike
[10960/16883] osm-w692654163: Rochambeau Drive
[10961/16883] osm-w692654166: Yellow Springs Road
[10962/16883] osm-w692654167: Clothier Springs Road
[10963/16883] osm-w692655529: Charwynn Lane
[10964/16883] osm-w692655530: Wells Road
[10965/16883] osm-w692655532: Yellow Springs Road
[10966/16883] osm-w692655533: Bodine Road
[10967/16883] osm-w692657236: Nathan Hale Drive
[10968/16883] osm-w692768599: Chowning Drive
[10969/16883] osm-w692768601: Line Road
[10970/16883] osm-w692846944: Dogwood Hill Road
[10971/16883] osm-w692846946: Skyline Drive
[10972/16883] osm-w692846949: Merrill Road
[10973/16883] osm-w692846953: Bittersweet Drive
[10974/16883] osm-w692846954: Longwood Drive
[10975/16883] osm-w692846955: Denton Hollow Road
[10976/16883] osm-w692847224: Bassett Lane
[10977/16883] osm-w693117011: College Avenue
[10978/16883] osm-w693117012: College Avenue
[10979/16883] osm-w693117169: Wayne, Radnor Township, Delaware County, Pennsylvania, 19008
[10980/16883] osm-w693117170: Radnor, Radnor Township, Delaware County, Pennsylvania, 1908
[10981/16883] osm-w693117687: Sawmill Road
[10982/16883] osm-w693118271: Bobolink Lane
[10983/16883] osm-w693118273: Franklin Drive
[10984/16883] osm-w693118934: Richard Knoll
[10985/16883] osm-w693121350: Conshohocken State Road
[10986/16883] osm-w693299262: Reynoldsville-Sykesville Road
[10987/16883] osm-w693369111: Caverly Road
[10988/16883] osm-w693369113: Sybil Lane
[10989/16883] osm-w693369114: Old Welsh Road
[10990/16883] osm-w693369138: Hampton Road
[10991/16883] osm-w693369150: Paper Mill Road
[10992/16883] osm-w693369151: Revelation Road
[10993/16883] osm-w693397542: Black Rock Road
[10994/16883] osm-w693645910: Righters Mill Road
[10995/16883] osm-w693645911: Righters Mill Road
[10996/16883] osm-w693645914: McClenaghan Mill Road
[10997/16883] osm-w694058416: Limekiln Pike
[10998/16883] osm-w694095837: Street Road
[10999/16883] osm-w694140966: Sugartown Road
[11000/16883] osm-w694140969: Church Road
[11001/16883] osm-w694140980: Chester Road
[11002/16883] osm-w694140996: Winfield Road
[11003/16883] osm-w694144069: Waynesfield Drive
[11004/16883] osm-w694144070: Abrahams Lane
[11005/16883] osm-w694144071: Boxwood Road
[11006/16883] osm-w694144075: Barclay Road
[11007/16883] osm-w694144076: Parkes Run Lane
[11008/16883] osm-w694144077: Ithan, Saint Davids, Radnor Township, Delaware County, Penns
[11009/16883] osm-w694144079: Hothorpe Lane
[11010/16883] osm-w694144080: Llewelyn Road
[11011/16883] osm-w694144081: Orchard Lane
[11012/16883] osm-w694144082: Abrahams Lane
[11013/16883] osm-w694992429: Trimbles Ford Lane
[11014/16883] osm-w695014255: Horseshoe Trail
[11015/16883] osm-w695014260: Buttonwood Lane
[11016/16883] osm-w695014268: Ellis Woods Road
[11017/16883] osm-w695014273: South Chester Springs Road
[11018/16883] osm-w695085192: Harlansburg Road
[11019/16883] osm-w696985208: Sunflower Lane
[11020/16883] osm-w696991912: Mill Road
[11021/16883] osm-w696991913: Donna Lane
[11022/16883] osm-w697038256: Kriebel Mill Road
[11023/16883] osm-w697038257: Credley Lane
[11024/16883] osm-w697039509: Fisher Road
[11025/16883] osm-w697039510: Hollis Road
[11026/16883] osm-w697702114: Winding Way
[11027/16883] osm-w698059757: Whitetail Lane
[11028/16883] osm-w698064875: Traber Lane
[11029/16883] osm-w698094365: Conshohocken State Road
[11030/16883] osm-w699460344: Godshall Road
[11031/16883] osm-w699463306: Regent Road
[11032/16883] osm-w699802981: Evergreen Lane
[11033/16883] osm-w700019535: Hamilton Street
[11034/16883] osm-w700160245: Old Forge Crossing
[11035/16883] osm-w700164095: West Valley Road
[11036/16883] osm-w700164096: Ivymont Road
[11037/16883] osm-w700164107: Mount Moro Road
[11038/16883] osm-w700164110: Karen Lane
[11039/16883] osm-w700860788: County Line
[11040/16883] osm-w701966890: Essick Road
[11041/16883] osm-w701987992: Concord Drive
[11042/16883] osm-w702132410: Wynne Lane
[11043/16883] osm-w702132423: West Matsonford Road
[11044/16883] osm-w702168976: Palmers Mill Road
[11045/16883] osm-w702168979: Timber Lake Drive
[11046/16883] osm-w702305214: Summit Lane
[11047/16883] osm-w702305226: Highland Drive
[11048/16883] osm-w702523857: Village Avenue
[11049/16883] osm-w702523858: Evansburg Road
[11050/16883] osm-w705005066: Sheaffer Road
[11051/16883] osm-w705005077: Waterfront Estates Drive
[11052/16883] osm-w705605777: Service Road
[11053/16883] osm-w709385525: Green Lane
[11054/16883] osm-w709385527: Garrett Mill Road
[11055/16883] osm-w709387025: Newark Road
[11056/16883] osm-w709387139: Brandywine Creek Road
[11057/16883] osm-w710571237: Foxfire Drive
[11058/16883] osm-w710776221: Pennsylvania Turnpike Northeast Extension
[11059/16883] osm-w711054109: Caroline Court
[11060/16883] osm-w712569122: 2nd Street
[11061/16883] osm-w712569123: Catherine Road
[11062/16883] osm-w713115262: Church Street
[11063/16883] osm-w717002973: Amberley Drive
[11064/16883] osm-w717002975: Radcliff Lane
[11065/16883] osm-w717002976: Radcliff Lane
[11066/16883] osm-w717002977: Woods Lane
[11067/16883] osm-w717002978: Wood Bridge Road
[11068/16883] osm-w717002979: Regency Circle
[11069/16883] osm-w717002981: Gwynedd Valley, Spring House, Lower Gwynedd Township, Montgo
[11070/16883] osm-w717002984: Gypsy Hill Road
[11071/16883] osm-w717002985: Hunt Seat Drive
[11072/16883] osm-w717011457: Oak Drive
[11073/16883] osm-w717181485: Ashlawn Circle
[11074/16883] osm-w717181486: Lower Pine Creek Road
[11075/16883] osm-w717183267: Jaine Lane
[11076/16883] osm-w717183268: Birchrun Road
[11077/16883] osm-w717183271: Flowing Springs Road
[11078/16883] osm-w717798025: Mill Creek Road
[11079/16883] osm-w717798026: Crosby Brown Road
[11080/16883] osm-w717798027: Dodds Lane
[11081/16883] osm-w717798030: Waldron Park Drive
[11082/16883] osm-w717798031: Cherry Lane
[11083/16883] osm-w717798032: Fairview Road
[11084/16883] osm-w717798033: Merion Square Road
[11085/16883] osm-w717798034: St Georges Road
[11086/16883] osm-w717798035: Robinson Lane
[11087/16883] osm-w717798037: Merion Square Road
[11088/16883] osm-w717798038: Glenn Road
[11089/16883] osm-w717798128: Monk Road
[11090/16883] osm-w717798129: Soapstone Road
[11091/16883] osm-w718200897: Westpointe Drive
[11092/16883] osm-w720323419: West Marshall Street
[11093/16883] osm-w720323422: Collegeville Road
[11094/16883] osm-w720326680: Fretz Road
[11095/16883] osm-w720326681: Reinert Road
[11096/16883] osm-w720328961: Deep Meadow
[11097/16883] osm-w720329337: Locust Drive
[11098/16883] osm-w720329338: Hedrick Road
[11099/16883] osm-w720342640: Hilltown Township, Bucks County, Pennsylvania, 18962, United
[11100/16883] osm-w720344411: Harvest Hill Drive
[11101/16883] osm-w720344412: North Chapman Road
[11102/16883] osm-w720344415: North Chapman Road
[11103/16883] osm-w720344416: Harvest Hill Drive
[11104/16883] osm-w720344419: Upper Stump Road
[11105/16883] osm-w720964431: Courtside Road
[11106/16883] osm-w721763156: Path to soccer field
[11107/16883] osm-w724420689: Zacharias Road
[11108/16883] osm-w724420690: Fieldcrest Way
[11109/16883] osm-w724420691: Water Street Road
[11110/16883] osm-w724420693: Hollow Road
[11111/16883] osm-w724422855: Store Road
[11112/16883] osm-w724422856: Kinsey Road
[11113/16883] osm-w728204842: Gateway Lane
[11114/16883] osm-w728410246: Schoolhouse Road
[11115/16883] osm-w728902678: Pepper Road
[11116/16883] osm-w732147084: Pancoast Avenue
[11117/16883] osm-w732147553: Dogwood Lane
[11118/16883] osm-w732796053: Kingsley Road
[11119/16883] osm-w733000157: Atlee Road
[11120/16883] osm-w733032685: Radnor Station, Saint Davids, Radnor Township, Delaware Coun
[11121/16883] osm-w733125971: Frog Hollow Terrace
[11122/16883] osm-w733127275: Frog Hollow Road
[11123/16883] osm-w733931472: Susquehanna Road
[11124/16883] osm-w734164223: Panther Road
[11125/16883] osm-w734164837: Washington Lane
[11126/16883] osm-w734168477: Crosswicks Road
[11127/16883] osm-w735016337: Concordville, Concord Township, Delaware County, Pennsylvani
[11128/16883] osm-w735016338: Cambridge Drive
[11129/16883] osm-w738724553: School Drive
[11130/16883] osm-w738994781: Manor Drive
[11131/16883] osm-w739109897: Chester Avenue
[11132/16883] osm-w741759688: Cobbs Creek Trail
[11133/16883] osm-w741782389: Hoffman Road
[11134/16883] osm-w741783854: Pennfield Drive
[11135/16883] osm-w743130723: Hilltown Township, Bucks County, Pennsylvania, 18962, United
[11136/16883] osm-w744186981: Shoemaker Drive
[11137/16883] osm-w747170996: School Street
[11138/16883] osm-w749020740: Gilbert Road
[11139/16883] osm-w749020763: Lindsay Lane
[11140/16883] osm-w749078383: High School Drive
[11141/16883] osm-w749931838: East Homestead Lane
[11142/16883] osm-w750133322: East Crestwood Drive
[11143/16883] osm-w750876016: East Areba Avenue
[11144/16883] osm-w750876017: Jonathan Eshenour Memorial Trail
[11145/16883] osm-w750876028: Pheasant Run Road
[11146/16883] osm-w750878728: Deer Run Drive
[11147/16883] osm-w750911828: Mars Road
[11148/16883] osm-w750978670: Corner Stone Road
[11149/16883] osm-w753448896: Trephanny Lane
[11150/16883] osm-w753448897: Deepdale Road
[11151/16883] osm-w753455798: Zion Grove Road
[11152/16883] osm-w753573040: Water Plant Way
[11153/16883] osm-w753735199: Garfield Street
[11154/16883] osm-w753777314: Umbletown Road
[11155/16883] osm-w753779760: Schuylkill Expressway
[11156/16883] osm-w753779762: Tory Turn
[11157/16883] osm-w753779765: Gulph Creek Drive
[11158/16883] osm-w753779766: Woodlands Lane
[11159/16883] osm-w753779767: Woods Lane
[11160/16883] osm-w753779768: Rockrose Lane
[11161/16883] osm-w753779769: Hermitage Lane
[11162/16883] osm-w753779770: King of Prussia Road
[11163/16883] osm-w753779771: Hobbs Road
[11164/16883] osm-w753779773: Kynlyn Road
[11165/16883] osm-w753780623: Spring Mill Road
[11166/16883] osm-w753780624: Ridgewood Road
[11167/16883] osm-w753780625: Ridgewood Road
[11168/16883] osm-w753780626: Spring Mill Lane
[11169/16883] osm-w753780628: Mustin Lane
[11170/16883] osm-w753780629: Creighton Road
[11171/16883] osm-w753780631: Cedar Lane North
[11172/16883] osm-w753780632: Dogwood Road
[11173/16883] osm-w753780633: Mirabeau Lane
[11174/16883] osm-w753780636: Aloha Lane
[11175/16883] osm-w753780640: Lafayette Road
[11176/16883] osm-w753780641: Conshohocken State Road
[11177/16883] osm-w753780642: Muirfield Road
[11178/16883] osm-w753780643: Rock Creek Road
[11179/16883] osm-w753780644: Woodleave Road
[11180/16883] osm-w753780646: Eagle Farm Road
[11181/16883] osm-w753923151: Loar Avenue
[11182/16883] osm-w755355724: John Barry Drive
[11183/16883] osm-w755355725: Partridge Lane
[11184/16883] osm-w755355726: Green Valley Road
[11185/16883] osm-w755355727: Roscommon Road
[11186/16883] osm-w755355728: Waverly Road
[11187/16883] osm-w755355732: John Barry Drive
[11188/16883] osm-w755355733: Lafayette Road
[11189/16883] osm-w755355734: Partridge Lane
[11190/16883] osm-w755355735: Rock Creek Road
[11191/16883] osm-w755355738: Mount Vernon Circle
[11192/16883] osm-w755355744: John Barry Drive
[11193/16883] osm-w755355745: Lafayette Road
[11194/16883] osm-w755355746: Wooded Way
[11195/16883] osm-w755355748: Waverly Road
[11196/16883] osm-w755355754: John Barry Drive
[11197/16883] osm-w755355755: Partridge Lane
[11198/16883] osm-w755355756: Green Valley Road
[11199/16883] osm-w755355758: Righters Mill Road
[11200/16883] osm-w755355761: Harts Ridge Road
[11201/16883] osm-w755569545: Williamson Road
[11202/16883] osm-w755569546: Fishers Road
[11203/16883] osm-w755569559: Old Gulph Road
[11204/16883] osm-w755569560: Williamson Road
[11205/16883] osm-w755569561: Hillbrook Road
[11206/16883] osm-w755569563: Williamson Road
[11207/16883] osm-w755569575: Mill Creek Road
[11208/16883] osm-w755569576: Mill Creek Terrace
[11209/16883] osm-w755569577: Dixon Lane
[11210/16883] osm-w755569578: Cheswold Lane
[11211/16883] osm-w755569734: Mount Moro Road
[11212/16883] osm-w755569735: Valley Road
[11213/16883] osm-w755569736: Valley Road
[11214/16883] osm-w755569737: Waverly Road
[11215/16883] osm-w755569738: Meadowbank Road
[11216/16883] osm-w755569740: Huntsman Lane
[11217/16883] osm-w756779704: West Miner Street
[11218/16883] osm-w756779705: Lenape Road
[11219/16883] osm-w756779706: South Wawaset Road
[11220/16883] osm-w756785412: Windsor Drive
[11221/16883] osm-w757705262: Perimeter Drive
[11222/16883] osm-w757705263: Kimberton Road
[11223/16883] osm-w757705264: Meadowcrest Drive
[11224/16883] osm-w758459172: Pickwick Lane
[11225/16883] osm-w759455940: Lehigh Avenue
[11226/16883] osm-w759455942: Wyncroft Lane
[11227/16883] osm-w759455954: Bausman, Lancaster Township, Lancaster County, Pennsylvania,
[11228/16883] osm-w759455968: Millersville Road
[11229/16883] osm-w759455969: Terrace Drive
[11230/16883] osm-w759632704: Meadow Lane
[11231/16883] osm-w759632705: General Weedon Drive
[11232/16883] osm-w759632706: Wooded Knolls
[11233/16883] osm-w759632708: Biddle Brook Lane
[11234/16883] osm-w759632712: Fox Tail Lane
[11235/16883] osm-w759634038: Dressage Court
[11236/16883] osm-w760454695: Walnut Grove Drive
[11237/16883] osm-w760866196: Brandywine Drive
[11238/16883] osm-w761295463: East Atlantic Avenue
[11239/16883] osm-w762116326: Marshallton-Thorndale Road
[11240/16883] osm-w762517983: Club House Place
[11241/16883] osm-w762517986: West Montgomery Avenue
[11242/16883] osm-w762517987: North Stone Ridge Lane
[11243/16883] osm-w762517989: Lark Lane
[11244/16883] osm-w762533082: Seffert Street
[11245/16883] osm-w762534963: Fairview Road
[11246/16883] osm-w762534965: Larkspur Lane
[11247/16883] osm-w762534966: Conshohocken State Road
[11248/16883] osm-w762534967: Fairview Road
[11249/16883] osm-w762534968: Bryn Mawr Avenue
[11250/16883] osm-w762534969: Conshohocken State Road
[11251/16883] osm-w762537963: Ridgecote Lane
[11252/16883] osm-w762764461: Mill Road
[11253/16883] osm-w763204754: Lakeview Drive
[11254/16883] osm-w764254424: Meadowbank Road
[11255/16883] osm-w764408605: Mill Road
[11256/16883] osm-w764409927: Thisal Lane
[11257/16883] osm-w764409928: West Rockspray Road
[11258/16883] osm-w764409929: Mill Road
[11259/16883] osm-w764409933: Buckingham Township, Bucks County, Pennsylvania, 18934, Unit
[11260/16883] osm-w764409935: Swamp Road
[11261/16883] osm-w764409936: Burnt House Hill Road
[11262/16883] osm-w764409937: Long Lane
[11263/16883] osm-w764409939: Spring Valley Road
[11264/16883] osm-w764409940: Sunnyside Drive
[11265/16883] osm-w764409941: Indian Springs Road
[11266/16883] osm-w764409943: Furlong Road
[11267/16883] osm-w764409944: Spring Valley Road
[11268/16883] osm-w764437928: Shetland Drive
[11269/16883] osm-w764437929: Greenhill Road
[11270/16883] osm-w764437930: Shetland Drive
[11271/16883] osm-w764437931: Hidden Valley Drive
[11272/16883] osm-w764437934: Meadowview Drive
[11273/16883] osm-w765800816: Meadowlake Drive
[11274/16883] osm-w765801029: Coatesville-Downingtown Bypass
[11275/16883] osm-w765857383: Hidden Lake Drive
[11276/16883] osm-w781616049: Thoms Run Road
[11277/16883] osm-w787964815: Seisholtzville Road
[11278/16883] osm-w788258949: Galloway Road
[11279/16883] osm-w788258950: Brookwood Drive
[11280/16883] osm-w794559194: Lincoln Road
[11281/16883] osm-w795373757: Penns Valley Road
[11282/16883] osm-w796307170: Cassady Avenue
[11283/16883] osm-w797026686: Golden Bear Drive
[11284/16883] osm-w800606381: Thoms Run
[11285/16883] osm-w800816420: Hobart Street
[11286/16883] osm-w801838125: Sunset Drive
[11287/16883] osm-w805152734: Cavitt Road
[11288/16883] osm-w806915592: Hospitality Place
[11289/16883] osm-w809224849: Burnt House Hill Road
[11290/16883] osm-w810492436: Armstrong Trail
[11291/16883] osm-w814631260: Zimmerly Road
[11292/16883] osm-w815072424: Romine Avenue
[11293/16883] osm-w815967974: Taber Drive
[11294/16883] osm-w816353072: Gouldtown Road
[11295/16883] osm-w817315509: J Wilson Drive
[11296/16883] osm-w820291407: Valley Drive
[11297/16883] osm-w821533087: Bushkill Circle
[11298/16883] osm-w821533091: Bushkill Falls Road
[11299/16883] osm-w821871277: Bethel Street
[11300/16883] osm-w823538876: Strand Drive
[11301/16883] osm-w824877027: Craigs Meadow Road
[11302/16883] osm-w825233492: Chatham Park Drive
[11303/16883] osm-w825295822: Oliver Road
[11304/16883] osm-w826575782: Railroad Lane
[11305/16883] osm-w827893907: North Oak Street
[11306/16883] osm-w828172565: Walker Lake Road
[11307/16883] osm-w828192291: Timberwolf Drive
[11308/16883] osm-w828485377: Decker Road
[11309/16883] osm-w828528080: Seneca School Road
[11310/16883] osm-w829419134: Chiarelli Lane
[11311/16883] osm-w830503142: Carlisle Court
[11312/16883] osm-w830823079: Nancy Lane
[11313/16883] osm-w831371490: Joffre Cherry Valley Road
[11314/16883] osm-w832408295: Mountain Lake Drive
[11315/16883] osm-w833528331: Sunnylands Road
[11316/16883] osm-w836156481: Gravel Loop Trail
[11317/16883] osm-w836234690: Constitution Avenue
[11318/16883] osm-w836252839: South Pullman Drive
[11319/16883] osm-w837549808: Appaloosa Drive
[11320/16883] osm-w838409609: Fulton Street
[11321/16883] osm-w839712912: Waterville Road
[11322/16883] osm-w839712915: Georgetown Road
[11323/16883] osm-w839712918: Cedar Lane
[11324/16883] osm-w839712921: Rose Valley, Delaware County, Pennsylvania, 19086, United St
[11325/16883] osm-w839930112: Bayard Road
[11326/16883] osm-w839930113: Ironstone Lane
[11327/16883] osm-w839964040: Red Rose Lane
[11328/16883] osm-w839964044: Anthony Drive
[11329/16883] osm-w839964046: Penllyn Blue Bell Pike
[11330/16883] osm-w839964047: Blue Bell, Center Square, Whitpain Township, Montgomery Coun
[11331/16883] osm-w839964048: Walton Road
[11332/16883] osm-w839964049: Blyth Court
[11333/16883] osm-w839964051: Dundee Drive
[11334/16883] osm-w839964052: Mallard Circle
[11335/16883] osm-w839964054: Pr Drive
[11336/16883] osm-w839996109: Twinlyn Drive
[11337/16883] osm-w839996110: Hickory Court
[11338/16883] osm-w839996113: Gwyendale Way
[11339/16883] osm-w840240982: Basswood Drive
[11340/16883] osm-w840270361: Hunt Seat Drive
[11341/16883] osm-w840270369: Fox Hollow Road
[11342/16883] osm-w840270370: Brookline Court
[11343/16883] osm-w840270376: Woodford Road
[11344/16883] osm-w842234291: Wycoff Way
[11345/16883] osm-w846512587: Wallerville Road
[11346/16883] osm-w848190476: Swallow Hill Road
[11347/16883] osm-w849486802: Orchard Road
[11348/16883] osm-w850724832: Traugers Crossing Road
[11349/16883] osm-w851759437: Dale Street
[11350/16883] osm-w852192678: Street Road
[11351/16883] osm-w855382469: Park Lane Drive
[11352/16883] osm-w855546114: Blossom Avenue
[11353/16883] osm-w856195986: Wayne Street
[11354/16883] osm-w867614779: Swan Road
[11355/16883] osm-w872790932: Docs Lane
[11356/16883] osm-w873202519: State Route 981
[11357/16883] osm-w873264868: Kost Road
[11358/16883] osm-w875355983: Linnwood Drive
[11359/16883] osm-w876590747: Upper Providence Township, Montgomery County, Pennsylvania, 
[11360/16883] osm-w876594854: Limerick Township, Montgomery County, Pennsylvania, 19468, U
[11361/16883] osm-w876870416: Shore Drive
[11362/16883] osm-w877206959: Grand Army of the Republic Highway
[11363/16883] osm-w877565746: North 5th Street
[11364/16883] osm-w878460823: Trent Road
[11365/16883] osm-w880823703: South Bryn Mawr Avenue
[11366/16883] osm-w882204697: Albright Street
[11367/16883] osm-w885688928: East Stewart Avenue
[11368/16883] osm-w886594357: Mill Creek Road
[11369/16883] osm-w886594358: Righters Mill Road
[11370/16883] osm-w886594360: Bridlewild Trail
[11371/16883] osm-w888015269: Lyon Street
[11372/16883] osm-w891136038: Phillips Mill Road
[11373/16883] osm-w891136041: Crooks Road
[11374/16883] osm-w893971517: Hardscrabble Boulevard
[11375/16883] osm-w895778457: Red Fox Drive
[11376/16883] osm-w896068140: South Eagle Valley Road
[11377/16883] osm-w896857273: Mitchford Road
[11378/16883] osm-w897177636: Old Lake Road
[11379/16883] osm-w897699323: Ridge Road
[11380/16883] osm-w909120792: Appalachian Drive
[11381/16883] osm-w911039850: East Sunbury Street
[11382/16883] osm-w914745422: East Newport Road
[11383/16883] osm-w917558085: West Village Road
[11384/16883] osm-w917568831: Pool Drive
[11385/16883] osm-w918080119: 17th Street
[11386/16883] osm-w918338413: Harrison Drive
[11387/16883] osm-w918799446: Main Street
[11388/16883] osm-w931162102: Saddleclub Drive
[11389/16883] osm-w933408248: High School Road
[11390/16883] osm-w939063621: Ashley Street
[11391/16883] osm-w941890796: Railroad Street
[11392/16883] osm-w942280330: Beechwood Lane
[11393/16883] osm-w942288410: East Pothouse Road
[11394/16883] osm-w944556012: Wilson Avenue
[11395/16883] osm-w945328503: Tilghman Street
[11396/16883] osm-w945650919: Commonwealth Avenue
[11397/16883] osm-w951722159: Margate Drive
[11398/16883] osm-w956158564: Beech Street
[11399/16883] osm-w959940267: Tabor Road
[11400/16883] osm-w964445123: Llanberris Road
[11401/16883] osm-w964445126: Clwyd Road
[11402/16883] osm-w964824554: Knightsbridge Court
[11403/16883] osm-w965129487: Cross Country Course
[11404/16883] osm-w965689182: Benjamin Court
[11405/16883] osm-w966642806: Comly Road
[11406/16883] osm-w968027370: Flourtown Avenue
[11407/16883] osm-w971492942: Canterbury Drive
[11408/16883] osm-w972261089: Maple Road
[11409/16883] osm-w972644553: City Avenue
[11410/16883] osm-w972925539: Clwyd Road
[11411/16883] osm-w974778506: Greenwood Avenue
[11412/16883] osm-w975820302: Trout Road
[11413/16883] osm-w976042335: Byberry Road
[11414/16883] osm-w976049838: Northeast Avenue
[11415/16883] osm-w976119551: Ryan Drive
[11416/16883] osm-w976797953: Montgomery Avenue
[11417/16883] osm-w976996491: Cottage Street
[11418/16883] osm-w977009304: Faunce Street
[11419/16883] osm-w977011538: Whitaker Avenue
[11420/16883] osm-w977058580: Lardner Street
[11421/16883] osm-w977067365: Horrocks Street
[11422/16883] osm-w977071317: Whitaker Avenue
[11423/16883] osm-w977074731: Garland Street
[11424/16883] osm-w977385460: 4th Avenue
[11425/16883] osm-w977385950: Mountain Avenue
[11426/16883] osm-w977514657: Evergreen Avenue
[11427/16883] osm-w978191665: Glen Road
[11428/16883] osm-w978201610: Gypsy Lane
[11429/16883] osm-w978429382: Locust Avenue
[11430/16883] osm-w980983684: Elk Lake School Road
[11431/16883] osm-w981037761: Cemetary Road
[11432/16883] osm-w981324262: Mapleleaf Drive
[11433/16883] osm-w983272400: Library Road
[11434/16883] osm-w984701732: Nathaneil Trail
[11435/16883] osm-w986447340: Rosewood Drive
[11436/16883] osm-w987870660: East Village Road
[11437/16883] osm-w990964733: Moshanon Drive
[11438/16883] osm-w991993778: Eagle Farms Road
[11439/16883] osm-w994002674: Masthope Nature Trail
[11440/16883] osm-w996126813: Canaan Road
[11441/16883] osm-w1003768614: Unity Township, Westmoreland County, Pennsylvania, 15696, Un
[11442/16883] osm-w1004191522: South Franklin Avenue
[11443/16883] osm-w1004819587: West 1st Street
[11444/16883] osm-w1012021394: Rushbrook Road
[11445/16883] osm-w1013318507: Fern Alley
[11446/16883] osm-w1016858382: Preston Drive
[11447/16883] osm-w1035941548: Danberry Drive
[11448/16883] osm-w1042392422: Maack Road
[11449/16883] osm-w1046936699: US 219
[11450/16883] osm-w1058583445: Park Avenue
[11451/16883] osm-w1066823408: Heaters Hill Road
[11452/16883] osm-w1073546242: Backbone Road
[11453/16883] osm-w1077010355: Meadow Lane
[11454/16883] osm-w1079885651: Quince Court
[11455/16883] osm-w1079913921: 4th Street
[11456/16883] osm-w1080079269: US 220 BUS
[11457/16883] osm-w1082347981: VA Hospital
[11458/16883] osm-w1084320071: Switzerland
[11459/16883] osm-w1084410249: Joshua Tree Drive
[11460/16883] osm-w1084521867: New Brighton, Beaver County, Pennsylvania, 15066, United Sta
[11461/16883] osm-w1086310172: Steely Road
[11462/16883] osm-w1087072676: Sadsbury Township, Crawford County, Pennsylvania, 16316, Uni
[11463/16883] osm-w1087619476: Riverview Road
[11464/16883] osm-w1087926126: Quaker Lake Road
[11465/16883] osm-w1092763286: Park Drive
[11466/16883] osm-w1095227292: Saint Basil Trail
[11467/16883] osm-w1095713918: Water Street
[11468/16883] osm-w1103874492: Wild Cherry Lane
[11469/16883] osm-w1104200577: Wilkins Road
[11470/16883] osm-w1105641711: Saint Martinique
[11471/16883] osm-w1105643983: Dutch Ridge Road
[11472/16883] osm-w1105651227: Deer Lane
[11473/16883] osm-w1107825828: Byram Road
[11474/16883] osm-w1109061472: Academy Road
[11475/16883] osm-w1109912143: Pearl Boulevard
[11476/16883] osm-w1118690214: Arena Avenue
[11477/16883] osm-w1119998103: West Street
[11478/16883] osm-w1119998187: Fairfield Road
[11479/16883] osm-w1120686612: Stirrup Lane
[11480/16883] osm-w1122307943: Honey Locust Drive
[11481/16883] osm-w1123104148: Lehigh Street
[11482/16883] osm-w1128308085: Newark Road
[11483/16883] osm-w1132338700: Charles Drive
[11484/16883] osm-w1134066918: Shrivers Corner Road
[11485/16883] osm-w1148941745: Fox Lane
[11486/16883] osm-w1159062709: 1st Avenue
[11487/16883] osm-w1160203286: Highland Street
[11488/16883] osm-w1163731150: Route 35 North
[11489/16883] osm-w1165172397: Bushkill Center Road
[11490/16883] osm-w1171566217: Equestrian Way
[11491/16883] osm-w1174494354: East Wiley Street
[11492/16883] osm-w1174627810: Allen Street
[11493/16883] osm-w1174627858: Springhaven Place
[11494/16883] osm-w1175351432: West Newton, Westmoreland County, Pennsylvania, 15089, Unite
[11495/16883] osm-w1177112062: Laurelwoods Drive
[11496/16883] osm-w1177905964: Haywood Road
[11497/16883] osm-w1178135775: Maple Lane
[11498/16883] osm-w1178574737: Meadow Drive
[11499/16883] osm-w1186360927: East Park Avenue
[11500/16883] osm-w1189508798: Lombard Street
[11501/16883] osm-w1192128473: Horse Valley Road
[11502/16883] osm-w1192748303: Long Meadow Court
[11503/16883] osm-w1193252062: Orchard Street
[11504/16883] osm-w1196081762: Alton Street
[11505/16883] osm-w1203819467: South 4th Street
[11506/16883] osm-w1203819469: High School Drive
[11507/16883] osm-w1204167872: Big House Circle
[11508/16883] osm-w1204751252: Middle School Drive
[11509/16883] osm-w1204767218: Bridgetown Pike
[11510/16883] osm-w1209228284: Ironmen Lane
[11511/16883] osm-w1221704079: Nantmeal Road
[11512/16883] osm-w1223901303: Stockport Road
[11513/16883] osm-w1223901322: Stockport Road
[11514/16883] osm-w1223901339: White Rock Road
[11515/16883] osm-w1223903692: Rose Hill Road
[11516/16883] osm-w1226881343: Church Road
[11517/16883] osm-w1228028041: Old Gulph Road
[11518/16883] osm-w1229844064: Elmhurst Drive
[11519/16883] osm-w1230947944: Monocacy Creek Road
[11520/16883] osm-w1232983491: Nottingham Drive
[11521/16883] osm-w1236126816: Normandy Circle
[11522/16883] osm-w1236134473: Shue Drive
[11523/16883] osm-w1236353437: Tennis Court Road
[11524/16883] osm-w1238474377: Weaver Trail
[11525/16883] osm-w1239639357: Market Street
[11526/16883] osm-w1242206053: Nature Walk
[11527/16883] osm-w1242611408: Greenough Street
[11528/16883] osm-w1255288139: Pine Street
[11529/16883] osm-w1259298803: Midway Drive
[11530/16883] osm-w1263550942: Kauffman Road
[11531/16883] osm-w1265319089: Twin Run Road
[11532/16883] osm-w1270208362: William Penn Way
[11533/16883] osm-w1271180721: Boyer Boulevard
[11534/16883] osm-w1272811120: Iroquois Street
[11535/16883] osm-w1273210400: Village Lane
[11536/16883] osm-w1274736792: Radnor Drive
[11537/16883] osm-w1276578677: Essex Road
[11538/16883] osm-w1281322381: Valley Hi Road
[11539/16883] osm-w1282581232: Meadow Drive
[11540/16883] osm-w1288155582: Grand Point Road
[11541/16883] osm-w1290019788: Norwood Road
[11542/16883] osm-w1290297443: Lakeview Court
[11543/16883] osm-w1290602812: Mohr Lane
[11544/16883] osm-w1292429460: Mount Gretna Road
[11545/16883] osm-w1292845176: Honor Drive
[11546/16883] osm-w1293461648: Shepard Drive
[11547/16883] osm-w1294624618: North Chestnut Street
[11548/16883] osm-w1301310479: Bolero Drive
[11549/16883] osm-w1301389748: Birch Hollow Drive
[11550/16883] osm-w1301419870: Howard Lane
[11551/16883] osm-w1301636092: Moor Drive
[11552/16883] osm-w1301865357: Manor Road
[11553/16883] osm-w1302158469: Kykuit Place
[11554/16883] osm-w1302160303: Bethman Road
[11555/16883] osm-w1302173048: Old Carriage Drive
[11556/16883] osm-w1302180220: Union Court
[11557/16883] osm-w1302180227: Christine Ann Lane
[11558/16883] osm-w1302180234: Quaker Drive
[11559/16883] osm-w1302182192: Bath Pike
[11560/16883] osm-w1302182193: Steuben Road
[11561/16883] osm-w1302182195: Pine Top Trail
[11562/16883] osm-w1302182196: Laurel Drive
[11563/16883] osm-w1302182197: Apollo Drive
[11564/16883] osm-w1302182202: Powder Mill Road
[11565/16883] osm-w1302380595: Hobart Avenue
[11566/16883] osm-w1302384971: Sherwood Road
[11567/16883] osm-w1302933888: Firethorne Drive
[11568/16883] osm-w1302940930: Kingston Road
[11569/16883] osm-w1303972113: Ealer Hill Road
[11570/16883] osm-w1306044756: Blackhorse Hill Road
[11571/16883] osm-w1307345113: Mahoning Drive East
[11572/16883] osm-w1308907484: East 13th Street
[11573/16883] osm-w1312452008: Saltlick Road
[11574/16883] osm-w1313870334: Provost Road
[11575/16883] osm-w1314745183: Hillcrest Road
[11576/16883] osm-w1315053279: State Road
[11577/16883] osm-w1315054334: East Maple Street
[11578/16883] osm-w1316812128: North German Street
[11579/16883] osm-w1318075696: Old Stoke Park Road
[11580/16883] osm-w1318196813: Franklin Regional Drive
[11581/16883] osm-w1318197204: Cannongate Drive
[11582/16883] osm-w1321480767: Reeder, Solebury Township, Bucks County, Pennsylvania, 18938
[11583/16883] osm-w1322411880: Pine Ridge Drive
[11584/16883] osm-w1322412586: Heller Drive
[11585/16883] osm-w1322413198: East Township Line Road
[11586/16883] osm-w1322413202: Meadowcrest Drive
[11587/16883] osm-w1322413320: Quarry Road
[11588/16883] osm-w1322413432: Old Bernville Road
[11589/16883] osm-w1322428519: Mountain Home Road
[11590/16883] osm-w1322429672: Sunnybrookbe Drive
[11591/16883] osm-w1322429703: FarmHouse Road
[11592/16883] osm-w1322429835: Willow Valley Drive
[11593/16883] osm-w1322429865: Walden Way
[11594/16883] osm-w1322430146: High Ridge Trail
[11595/16883] osm-w1322430285: Mabel Street
[11596/16883] osm-w1323372991: Bryn Mawr Road
[11597/16883] osm-w1323901998: Park Street
[11598/16883] osm-w1329126177: Lexington Drive
[11599/16883] osm-w1330249685: Fort Loudon Road
[11600/16883] osm-w1332696376: South Avignon Drive
[11601/16883] osm-w1333632853: West Barton Avenue
[11602/16883] osm-w1334160375: Crestview Drive
[11603/16883] osm-w1334160599: Kingview Road
[11604/16883] osm-w1334160633: Cumming Avenue
[11605/16883] osm-w1334463866: Mann Road
[11606/16883] osm-w1334562923: Diane Drive
[11607/16883] osm-w1334862280: Lake Shore Drive
[11608/16883] osm-w1334997009: Hydetown Road
[11609/16883] osm-w1334997233: Garland Street
[11610/16883] osm-w1335000232: Meadow Lane
[11611/16883] osm-w1335000432: Windsor Street
[11612/16883] osm-w1335001453: Trexler Avenue
[11613/16883] osm-w1335002518: Queenscourt Lane
[11614/16883] osm-w1335104531: Maple Dell Drive
[11615/16883] osm-w1347177468: Bigham Street
[11616/16883] osm-w1352937639: Upper Valley Road
[11617/16883] osm-w1354909201: Snyder School Road
[11618/16883] osm-w1355426988: East Lampeter Township, Lancaster County, Pennsylvania, 1757
[11619/16883] osm-w1356806783: Township Line Road
[11620/16883] osm-w1356806836: Azlen Lane
[11621/16883] osm-w1361475616: Righters Mill Road
[11622/16883] osm-w1363042278: Fair Street
[11623/16883] osm-w1364018792: Colonial Valley Road
[11624/16883] osm-w1364118829: North Emily Street
[11625/16883] osm-w1364672949: Indian Pine Lane
[11626/16883] osm-w1376495305: Echo Hill Lane
[11627/16883] osm-w1381683491: Coudersport Road
[11628/16883] osm-w1388310308: Woodland Road
[11629/16883] osm-w1388317448: Plum Alley
[11630/16883] osm-w1394565134: Cowpath Road
[11631/16883] osm-w1394565277: Chelser Court
[11632/16883] osm-w1394565432: Yocumtown Road
[11633/16883] osm-w1412642572: Taft Avenue
[11634/16883] osm-w1412642926: West Hillcrest Drive
[11635/16883] osm-w1416120598: Constitution Drive
[11636/16883] osm-w1416532024: Black Rock Road
[11637/16883] osm-w1416740559: Herbst Manor Road
[11638/16883] osm-w1418109986: Butler Avenue
[11639/16883] osm-w1424685843: Fantasy Road
[11640/16883] osm-w1425521387: Lafayette Drive
[11641/16883] osm-w1425533152: Camp Poyntelle
[11642/16883] osm-w1429424170: Summit Street
[11643/16883] osm-w1431851075: Country Lake Drive
[11644/16883] osm-w1433495419: Country Club Road
[11645/16883] osm-w1434073466: Rock Creek Road
[11646/16883] osm-w1434532795: Lantern Lane
[11647/16883] osm-w1436696917: Pone Lane
[11648/16883] osm-w1436746609: Fern Lane
[11649/16883] osm-w1437019753: Island Pond Road
[11650/16883] osm-w1442429471: Lovingston Drive
[11651/16883] osm-w1442693787: Stockton Road
[11652/16883] osm-w1442771547: West Jackson Avenue
[11653/16883] osm-w1443107836: Cedar Road
[11654/16883] osm-w1443262534: Zimmerman Drive
[11655/16883] osm-w1443262542: Hamilton Avenue
[11656/16883] osm-w1443262557: Chestnut
[11657/16883] osm-w1443262559: Indian Rock Dam Road
[11658/16883] osm-w1443262561: Associates Drive
[11659/16883] osm-w1443529602: Mayfair Drive
[11660/16883] osm-w1443841026: Spring Avenue
[11661/16883] osm-w1443902373: Walden Court
[11662/16883] osm-w1443902704: Detwiler Drive
[11663/16883] osm-w1443903436: Brandywine Lane
[11664/16883] osm-w1444427668: Serpentine Lane
[11665/16883] osm-w1444445812: Spring Avenue
[11666/16883] osm-w1445330761: Bay Road
[11667/16883] osm-w1445331004: North Street
[11668/16883] osm-w1445471276: North Ott Street
[11669/16883] osm-w1445505486: Schoolhouse Road
[11670/16883] osm-w1445918536: Broad Street
[11671/16883] osm-w1446120809: River Drive
[11672/16883] osm-w1446120810: Harrisburg Pike
[11673/16883] osm-w1446120813: Colonial Crest Drive
[11674/16883] osm-w1446168256: Sycamore Lane
[11675/16883] osm-w1446833731: Beech Avenue
[11676/16883] osm-w1447760142: Lake Road
[11677/16883] osm-w1448526989: East Elm Avenue
[11678/16883] osm-w1448664396: Park Road
[11679/16883] osm-w1451013519: Four Seasons Boulevard
[11680/16883] osm-w1451201687: Hawkeye Avenue
[11681/16883] osm-w1451494376: Accomac Road
[11682/16883] osm-w1452722525: Sheerlund Road
[11683/16883] osm-w1454567774: State Street
[11684/16883] osm-w1456773761: Doe Mountain Lane
[11685/16883] osm-w1456776354: Airport Drive
[11686/16883] osm-w1458146652: Wisener Lane
[11687/16883] osm-w1458416320: East Marthart Avenue
[11688/16883] osm-w1459045817: Righters Mill Road
[11689/16883] osm-w1459178826: Dundee Mews
[11690/16883] osm-w1459181987: Overbrook Drive
[11691/16883] osm-w1463978697: Shady Lake Drive
[11692/16883] osm-w1464071418: Hemlock Road
[11693/16883] osm-w1466155742: PA 553
[11694/16883] osm-w1467060779: Ridge Row
[11695/16883] osm-w1467117556: Cardinal Lane
[11696/16883] osm-w1473678842: Mill Creek Road
[11697/16883] osm-w1474189486: Falcon Drive
[11698/16883] osm-w1474253828: Reservoir Street
[11699/16883] osm-w1474846210: Blackhawk Road
[11700/16883] osm-w1474847668: 8th Avenue
[11701/16883] osm-w1476610786: Barberry Road
[11702/16883] osm-w1476610792: Brynllawn Road
[11703/16883] osm-w1476729728: Bryn Mawr Avenue
[11704/16883] osm-w1482697364: Colton Road
[11705/16883] osm-w1482697366: Lafayette Road
[11706/16883] osm-w1482697367: Lafayette Road
[11707/16883] osm-w1483122012: Providence Road
[11708/16883] osm-w1484385640: Hale Avenue
[11709/16883] osm-w1485166116: McNelis Drive
[11710/16883] osm-w1485441457: Horseshoe Trail
[11711/16883] osm-w1485582236: Christian Lane
[11712/16883] osm-w1485875509: College Maintainence Road
[11713/16883] osm-w1485938811: West Lawn Circle
[11714/16883] osm-w1485938816: South Terrace
[11715/16883] osm-w1486111028: Saint Marys, Elk County, Pennsylvania, 15857, United States
[11716/16883] osm-w1486697718: PA 68
[11717/16883] osm-w1488359323: King Street
[11718/16883] osm-w1488609360: Beaver Street
[11719/16883] osm-w1489993927: Shelton Avenue
[11720/16883] osm-w1490232594: Warsaw, Throop, Lackawanna County, Pennsylvania, 18447, Unit
[11721/16883] osm-w1493294489: West Hanover Street
[11722/16883] osm-w1493305178: Lovell Avenue
[11723/16883] osm-w1494900443: Millport Road
[11724/16883] osm-w1495134998: Cinder Court
[11725/16883] osm-w1495182063: Hunting Ridge Road
[11726/16883] osm-w1495314912: Windvue Drive
[11727/16883] osm-w1495773809: Morton Avenue
[11728/16883] osm-w1495854603: Race Street
[11729/16883] osm-w1496219192: Conneaut Lake Road
[11730/16883] osm-w1498258062: Schuylkill Expressway
[11731/16883] osm-w1499174541: Mc Guffey Drive
[11732/16883] osm-w1499444562: Valley Stream Circle
[11733/16883] osm-w1499985253: Stony Hill Road
[11734/16883] osm-w1500312066: Anderson Ferry Road
[11735/16883] osm-w1501138983: Vermilion Hill, Fallsington, Falls Township, Bucks County, P
[11736/16883] osm-w1501143849: Chippewa Circle
[11737/16883] osm-w1501227048: Costner Drive
[11738/16883] osm-w1501499287: Stonecliffe Drive
[11739/16883] osm-w1501939170: Philadelphia Avenue
[11740/16883] osm-w1502065774: 12th Avenue
[11741/16883] osm-w1502076199: Beech Street
[11742/16883] osm-w1502076974: Peifer Road
[11743/16883] osm-w1502222985: Playground Drive
[11744/16883] osm-w1502923186: Clubhouse Place
[11745/16883] osm-w1503681989: Route 62
[11746/16883] osm-w1503682218: Oak Grove Street
[11747/16883] osm-w1504268646: High School Road
[11748/16883] osm-w1504271161: Club Drive
[11749/16883] osm-w1504778984: Olmstead Way West
[11750/16883] osm-w1505064021: Baker Road
[11751/16883] osm-w1505791487: Deer Creek Township, Mercer County, Pennsylvania, 16114, Uni
[11752/16883] osm-w1505791755: Jefferson Township, Mercer County, Pennsylvania, 16137, Unit
[11753/16883] osm-w1505794472: Monroe Road
[11754/16883] osm-w1505932343: Egypt Road
[11755/16883] osm-w1506569701: Grove Street
[11756/16883] osm-w1506953031: Butternut Lane
[11757/16883] osm-w1506956009: Campbell Avenue
[11758/16883] osm-w1506956258: Union Avenue
[11759/16883] osm-w1506958931: Loyalhanna Township, Westmoreland County, Pennsylvania, 1568
[11760/16883] osm-w1506959741: Penn Township, Westmoreland County, Pennsylvania, 15636, Uni
[11761/16883] osm-w1506964135: East Maple Street
[11762/16883] osm-w1509220490: Creslo Avenue
[11763/16883] osm-w1509222237: Theatre Drive
[11764/16883] osm-w1509229943: Westwood Drive
[11765/16883] osm-w1509247023: Falcon Drive
[11766/16883] osm-w1509296418: West Penn Street
[11767/16883] osm-w1509304354: Reed Street
[11768/16883] osm-w1509580969: West Swissvale Avenue
[11769/16883] osm-w1509581557: Walnut Lane
[11770/16883] osm-w1509584751: White Rock Drive
[11771/16883] osm-w1509665098: Roy E. Furman Highway
[11772/16883] osm-w1509667810: McLaughlin Run Road
[11773/16883] osm-w1510004035: Doyle Road
[11774/16883] osm-w1510022072: East Miller Avenue
[11775/16883] osm-w1510281160: Paul Schweiger Way
[11776/16883] osm-w1510281567: Guyton Road
[11777/16883] osm-w1510283891: Eagle Ridge Drive
[11778/16883] osm-w1510322064: Ballibay Road
[11779/16883] osm-w1510322516: Beers Community Wetland Nature Trail
[11780/16883] osm-w1510414953: Brandywine Road
[11781/16883] osm-w1511067140: 4th Street
[11782/16883] osm-w1511067794: Shaffer Lane
[11783/16883] osm-w1511068854: Tiger Drive
[11784/16883] osm-w1511175674: Boiling Springs Road
[11785/16883] osm-w1512631925: B Road
[11786/16883] osm-w1512633591: Hancock Highway
[11787/16883] osm-w1512636407: Upper Woods Road
[11788/16883] osm-w1512636422: Upper Woods Road
[11789/16883] osm-w1512636443: Upper Woods Road
[11790/16883] osm-w1512647348: State Route 2036
[11791/16883] osm-w1512648194: Columbus Drive
[11792/16883] osm-w1512651668: Monroe Street
[11793/16883] osm-w1513127299: Division Street
[11794/16883] osm-w1513128447: North 12th Street
[11795/16883] osm-w1513131834: Cedar Alley
[11796/16883] osm-w1513137085: Antique Lane
[11797/16883] osm-w1513138221: North Berks Street
[11798/16883] osm-w1513139658: School Road
[11799/16883] osm-w1513141216: Robin Lane
[11800/16883] osm-w1513141557: Elmhurst Drive
[11801/16883] osm-w1513141926: Sundance Drive
[11802/16883] osm-w1513259701: Pacific Avenue
[11803/16883] osm-w1513260100: Island Pool Road
[11804/16883] osm-w1513864034: Skyview Road
[11805/16883] osm-w1513864054: Big Bass Drive
[11806/16883] osm-w1513864263: Basswood Drive
[11807/16883] osm-w1513864413: Lake Giles Road
[11808/16883] osm-w1514089514: Welcome Lake Road
[11809/16883] osm-w1514089557: Berlin Township, Wayne County, Pennsylvania, 18473, United S
[11810/16883] osm-w1514639493: Easton Turnpike
[11811/16883] osm-w1514639641: Waterfornt Way
[11812/16883] osm-w1514639836: Fawn Court
[11813/16883] osm-w1514640276: Deerwood Drive
[11814/16883] osm-w1514640897: Waterfront Drive
[11815/16883] osm-w1514641200: Recreation Drive
[11816/16883] osm-w1514644861: Beech Spring Drive
[11817/16883] osm-w1514663129: Camp Road
[11818/16883] osm-w1514663382: Hazard Run Road
[11819/16883] osm-w1515074571: Wynonah Drive
[11820/16883] osm-w1515074882: Tennis Court Lane
[11821/16883] osm-w1515076648: Galen Hall Road North
[11822/16883] osm-w1515076769: Windmill Road
[11823/16883] osm-w1515077383: PA 715
[11824/16883] osm-w1515077393: Lindenmere Lane
[11825/16883] osm-w1515467045: Book Road
[11826/16883] osm-w1516387272: East 7th Street
[11827/16883] osm-w1516390431: Maple Avenue
[11828/16883] osm-w1517271003: Penn Oak Road
[11829/16883] osm-w1517306984: Rock House Lane
[11830/16883] osm-w1517307029: Phillips Mill Road
[11831/16883] osm-w1518538858: Edison Bates Drive
[11832/16883] osm-w1519052677: Spartan Lane
[11833/16883] osm-w1519056017: Crest Drive
[11834/16883] osm-w1519615500: Aldridge Court
[11835/16883] osm-w1519660623: Hawthorne Drive
[11836/16883] osm-w1520153045: Woodbourne Road
[11837/16883] osm-w1521136252: Clonmell Upland Road
[11838/16883] osm-w1521456039: Martingale Road
[11839/16883] osm-w1521459516: Swedeland Road
[11840/16883] osm-w1521483600: Old Forge Crossing
[11841/16883] osm-w1521522089: Berwyn Paoli Road
[11842/16883] osm-w1521522109: Sugartown Road
[11843/16883] osm-w1521978407: Golfview Drive
[11844/16883] osm-w1522775416: Stratford Court
[11845/16883] osm-w1522781621: Millrace Lane
[11846/16883] osm-w1522782446: Old Barn Lane
[11847/16883] osm-w1522804188: Liberty Boulevard
[11848/16883] osm-w1522836082: Hawthorne Street
[11849/16883] osm-w1523577396: Twining Road
[11850/16883] osm-w1523580146: Redcoat Drive
[11851/16883] osm-w1523586476: Old Ford Road
[11852/16883] osm-w1523983256: Turkey Trot Road
[11853/16883] osm-w1523983786: Oreilly Drive
[11854/16883] osm-w1524018791: Henry Drive
[11855/16883] osm-w1524018961: Covington Road
[11856/16883] osm-w1524019272: Sheffield Drive
[11857/16883] osm-w1524037648: Buck Road
[11858/16883] osm-w1524277362: Eagleville Road
[11859/16883] osm-w1524991447: Bella-Vista Court
[11860/16883] osm-w1525192650: Village Road
[11861/16883] osm-w1525193106: Stacey Drive
[11862/16883] osm-w1525361262: East Connelly Boulevard
[11863/16883] osm-w1525386738: School Drive
[11864/16883] osm-w1525389845: East Reeceville Road
[11865/16883] osm-w1526272214: Rittenhouse Boulevard
[11866/16883] osm-w1526304760: Wings Field Trail
[11867/16883] osm-w1526323256: Old Easton Road
[11868/16883] osm-w1526337648: Wurtemburg Road
[11869/16883] osm-w1526452296: East Butler Pike
[11870/16883] osm-w1526462849: Crestview Drive
[11871/16883] osm-w1526540927: Brookshire Drive
[11872/16883] osm-w1526541149: State Route 3010
[11873/16883] osm-w1526541201: Bishop Connare Road
[11874/16883] osm-w1526541263: Hillside, Derry Township, Westmoreland County, Pennsylvania,
[11875/16883] osm-w1526541483: Ymca Lane
[11876/16883] osm-w1526625609: Stewer Lane
[11877/16883] osm-w1526670692: Market Place
[11878/16883] osm-w1526676028: Ridge Avenue
[11879/16883] osm-w1532417640: Williamsburg Lane
[11880/16883] osm-w1535013881: Cal-Ken Court
[11881/16883] osm-w1535013882: North Hills Road
[11882/16883] osm-w1535094819: Kellington Court
[11883/16883] osm-w1535097016: Doe Run Court
[11884/16883] osm-w1535097235: Cherry Drive
[11885/16883] osm-w1537276228: Brandywine Drive
[11886/16883] osm-w1537309864: Adams Court
[11887/16883] osm-w1539306076: Lindley Road
[11888/16883] osm-w1539968611: Laverock Road
[11889/16883] osm-w1539968619: Newbold Lane
[11890/16883] osm-w1539968636: Newbold Lane
[11891/16883] osm-w1541017631: Putnam Street
[11892/16883] osm-w1541081080: Beach Lake, Berlin Township, Wayne County, Pennsylvania, Uni
[11893/16883] osm-w1544199721: Chapel Hill Court
[11894/16883] osm-w1545269486: Fertenbaugh Lane
[11895/16883] osm-w1545857725: Swamp Pike
[11896/16883] osm-w1550865618: Garber Street
[11897/16883] osm-w1551153010: State Street
[11898/16883] osm-w1553155502: PA 857
[11899/16883] osm-w1553155941: Hauger-Hood Road
[11900/16883] osm-w1553205611: Main Street
[11901/16883] osm-w1553206375: East Main Street
[11902/16883] osm-w1553206468: Union School Road
[11903/16883] osm-w1553206698: Janet Drive
[11904/16883] osm-r6962220: Carnot Road
[11905/16883] osm-w19367548: Reservoir Avenue
[11906/16883] osm-w140902041: Dundery Brook Trail
[11907/16883] osm-w157935141: Village Green North
[11908/16883] osm-w170355303: Williamsburg Circle
[11909/16883] osm-w184978319: Bonnet Point Road
[11910/16883] osm-w211849025: Rachella Court
[11911/16883] osm-w230603591: Luce Avenue
[11912/16883] osm-w233434909: Amy Dodge Lane
[11913/16883] osm-w248450195: West Natick Road
[11914/16883] osm-w322079213: Cedar Pond Drive
[11915/16883] osm-w330935424: Old River Road
[11916/16883] osm-w332029833: Kirkbrae Avenue
[11917/16883] osm-w332722131: Greene Overpass
[11918/16883] osm-w376992345: James J McKee Way
[11919/16883] osm-w380980414: Range Road
[11920/16883] osm-w386381160: Albion Road
[11921/16883] osm-w422061565: Coast Guard Station Road
[11922/16883] osm-w428606783: Stevens Drive
[11923/16883] osm-w431777991: Wildflower Drive
[11924/16883] osm-w437498347: Relph Street
[11925/16883] osm-w442688183: Old Mountain Road
[11926/16883] osm-w442688186: Shadow Farm Way
[11927/16883] osm-w442694074: Fitzsimmons Road
[11928/16883] osm-w442700463: Eagle Run
[11929/16883] osm-w531358168: Putnam Pike
[11930/16883] osm-w531366735: Safari Trail
[11931/16883] osm-w555745095: Point Judith Road
[11932/16883] osm-w555753001: Rodman Street
[11933/16883] osm-w559483015: King Street
[11934/16883] osm-w595927960: Atlantic Avenue
[11935/16883] osm-w697582987: Bruce Caldwell Drive
[11936/16883] osm-w702528499: Laura Lane
[11937/16883] osm-w746491099: Citizens Bank Way
[11938/16883] osm-w757318478: Fly Jib Court
[11939/16883] osm-w759728447: Kirwins 5th Ward Lane
[11940/16883] osm-w761068885: Diane Drive
[11941/16883] osm-w761068899: Washington Street
[11942/16883] osm-w871524804: Kinney Avenue
[11943/16883] osm-w893155291: Acacia Drive South
[11944/16883] osm-w903242268: Parker Avenue
[11945/16883] osm-w906005783: Hammersmith Road
[11946/16883] osm-w906490902: Ferry Road
[11947/16883] osm-w906490922: Monkey Wrench Lane
[11948/16883] osm-w906693504: Clam Shell Road
[11949/16883] osm-w907145760: East Bay Bike Path
[11950/16883] osm-w907510792: Metacom Avenue
[11951/16883] osm-w908209902: Yznaga Avenue
[11952/16883] osm-w908209906: Ocean Avenue
[11953/16883] osm-w936704334: Spouting Rock Drive
[11954/16883] osm-w944725452: Foster Drive
[11955/16883] osm-w960839999: Highland Drive
[11956/16883] osm-w961341084: Racquet Road
[11957/16883] osm-w963201007: Indian Avenue
[11958/16883] osm-w963201030: Gray Craig Road
[11959/16883] osm-w963234606: Third Beach Road
[11960/16883] osm-w963234621: Indian Avenue
[11961/16883] osm-w965779741: Cliff Walk
[11962/16883] osm-w969264106: Wimbledon Circle
[11963/16883] osm-w979564927: Rose Court
[11964/16883] osm-w1010725283: Middle Highway
[11965/16883] osm-w1022926877: Ashburton Drive
[11966/16883] osm-w1047287325: Monkey Wrench Lane
[11967/16883] osm-w1069653813: Gibson Road
[11968/16883] osm-w1071720341: Hospital Road
[11969/16883] osm-w1179771670: Kent Street
[11970/16883] osm-w1194996943: Harrison Avenue
[11971/16883] osm-w1213963640: Ocean Avenue
[11972/16883] osm-w1217629469: Springbrook Road
[11973/16883] osm-w1221363330: Almeida Terrace
[11974/16883] osm-w1282075160: Duxbury Court
[11975/16883] osm-w1306912342: Broad Rock Road
[11976/16883] osm-w1322409945: Alcar Drive
[11977/16883] osm-w1345254738: Sunset Road
[11978/16883] osm-w1364142555: Narragansett Avenue
[11979/16883] osm-w1365081560: Babcock Road
[11980/16883] osm-w1365435032: Westerly, South County, Rhode Island, 02808, United States
[11981/16883] osm-w1365856633: Post Road
[11982/16883] osm-w1366076883: Post Road
[11983/16883] osm-w1366278338: Haversham Road
[11984/16883] osm-w1366335020: Chapman Road
[11985/16883] osm-w1366672411: Valley Drive
[11986/16883] osm-w1369193202: Glen Way
[11987/16883] osm-w1375008215: Vuono Place
[11988/16883] osm-w1381848614: West Beach Road
[11989/16883] osm-w1382133484: Ninigret Avenue
[11990/16883] osm-w1382815029: Bayberry Lane
[11991/16883] osm-w1383081135: Hunters Harbor Road
[11992/16883] osm-w1388009720: Green Hill, South Kingstown, South County, Rhode Island, 028
[11993/16883] osm-w1388664210: Green Hill Beach Road
[11994/16883] osm-w1392343704: Snug Harbor, South Kingstown, South County, Rhode Island, 02
[11995/16883] osm-w1414151522: Belmont Road
[11996/16883] osm-w1416658080: Oak Street
[11997/16883] osm-w1423422098: South of Commons Road
[11998/16883] osm-w1427362301: Baltimore Avenue
[11999/16883] osm-w1432330341: Boston Neck Road
[12000/16883] osm-w1433429636: Peaked Rock Road
[12001/16883] osm-w1434154646: Corn Neck Road
[12002/16883] osm-w1442211851: Coventry, Kent County, Rhode Island, 01816, United States
[12003/16883] osm-w1442211862: Tanglewood Drive
[12004/16883] osm-w1446609236: Sleepy Hollow Farm Road
[12005/16883] osm-w1446609282: Cedar Pond Drive
[12006/16883] osm-w1446609684: Halidon Terrace
[12007/16883] osm-w1449448952: Soneric Lane
[12008/16883] osm-w1451369157: Kingstown Road
[12009/16883] osm-w1469614807: Finch Lane
[12010/16883] osm-w1473927690: Sunset Avenue
[12011/16883] osm-w1473927695: Harbor View Avenue
[12012/16883] osm-w1474275545: Plum Beach Road
[12013/16883] osm-w1486868569: Sacred Heart Avenue
[12014/16883] osm-w1504756427: Wm P Hawkins Jr Trail
[12015/16883] osm-w1504757082: Institute Lane
[12016/16883] osm-w1546001368: Draper Avenue
[12017/16883] osm-w1548370454: Oyster Cove
[12018/16883] osm-w28721709: Fletcher Street
[12019/16883] osm-w38043676: Corley Mill Road
[12020/16883] osm-w38974805: Patriots Point Road
[12021/16883] osm-w70077940: Caine Halter Family YMCA Connector
[12022/16883] osm-w97376220: Charleston Oak Lane
[12023/16883] osm-w151077862: Maloy Street
[12024/16883] osm-w162586598: Florence County, South Carolina, 29506, United States
[12025/16883] osm-w166974339: Jamestown Road
[12026/16883] osm-w217439457: Mariners Cay Drive
[12027/16883] osm-w217439458: East Hudson Avenue
[12028/16883] osm-w217439459: Little Oak Island Drive
[12029/16883] osm-w229116253: Upland Place
[12030/16883] osm-w229116257: Chatelain Way
[12031/16883] osm-w229116270: Mount Royall Drive
[12032/16883] osm-w229116272: Retreat Landing
[12033/16883] osm-w259976504: Old Plantation Road
[12034/16883] osm-w260203065: India Hook Road
[12035/16883] osm-w279207582: Old Orangeburg Road
[12036/16883] osm-w283531121: Webb Road
[12037/16883] osm-w295295696: Wheat Street
[12038/16883] osm-w296803156: McCormick County, South Carolina, United States
[12039/16883] osm-w300963950: Ashley Crossing Lane
[12040/16883] osm-w300965791: Magwood Drive
[12041/16883] osm-w300967066: Ashley River Road
[12042/16883] osm-w300969540: Ashley Hall Plantation Road
[12043/16883] osm-w307026430: Pete Smith Complex Road
[12044/16883] osm-w312996508: Riverside Drive
[12045/16883] osm-w314652085: Pebble Creek Drive
[12046/16883] osm-w314806507: Rhododendron
[12047/16883] osm-w314806508: Verbena Place
[12048/16883] osm-w325726753: Seaygard Lane
[12049/16883] osm-w325726777: Old Chapin Road
[12050/16883] osm-w329063730: Cross Roads Drive
[12051/16883] osm-w330877826: Club Bella
[12052/16883] osm-w334596847: South Beech Avenue
[12053/16883] osm-w334596848: Coker Street
[12054/16883] osm-w334608266: Butler Street
[12055/16883] osm-w334608267: Richland Avenue
[12056/16883] osm-w334940760: Quiet Lane
[12057/16883] osm-w344916425: Tipson Street
[12058/16883] osm-w346879506: Plantation Parkway
[12059/16883] osm-w347008709: Magnolia Hall
[12060/16883] osm-w348021253: Mills Avenue
[12061/16883] osm-w360112857: Hillside Drive South
[12062/16883] osm-w368470162: Fort Congaree Trail
[12063/16883] osm-w385044571: Reedy Fork Road
[12064/16883] osm-w407600195: Palmetto Boulevard
[12065/16883] osm-w426261247: East Old Marion Highway
[12066/16883] osm-w426762583: Audey Drive
[12067/16883] osm-w433067107: Pathfinder Court
[12068/16883] osm-w437567301: Garnett
[12069/16883] osm-w440404349: Sam Rittenberg Boulevard
[12070/16883] osm-w467273110: East Pine Street
[12071/16883] osm-w467278577: Ireland Hills Drive
[12072/16883] osm-w467539568: Nixon Circle
[12073/16883] osm-w467794469: Martin Luther King Drive
[12074/16883] osm-w467794482: Murray Drive
[12075/16883] osm-w467807486: Thurgood Marshall Highway
[12076/16883] osm-w467807494: Wilson Buie Boulevard
[12077/16883] osm-w467861945: Pinehurst Circle
[12078/16883] osm-w467861977: Little River Inn Lane
[12079/16883] osm-w467874827: South McAlister Street
[12080/16883] osm-w468068421: Market Street
[12081/16883] osm-w468542960: Ymca Drive
[12082/16883] osm-w468754706: North Kaminski Street
[12083/16883] osm-w474271217: Ravenel Street
[12084/16883] osm-w487513730: Woodward Avenue
[12085/16883] osm-w488121221: South Sea Pines Drive
[12086/16883] osm-w502729946: West Main Street
[12087/16883] osm-w505901276: John Lawson Avenue
[12088/16883] osm-w507625878: Lake Carolina Drive
[12089/16883] osm-w509339782: Musket Lane
[12090/16883] osm-w511796762: Gadsden Street
[12091/16883] osm-w520365150: Five Chop Road
[12092/16883] osm-w528775439: Autumn Circle
[12093/16883] osm-w542517176: Hunters Blind Court
[12094/16883] osm-w543788016: Royal Bluff Drive
[12095/16883] osm-w544109849: Lexington, Lexington County, South Carolina, 29071, United S
[12096/16883] osm-w544369108: Able Harmon Lane
[12097/16883] osm-w544693019: Settler Heights Drive
[12098/16883] osm-w544921170: Blue Star
[12099/16883] osm-w545565762: Gardendale, Lexington County, South Carolina, 29210, United 
[12100/16883] osm-w545572625: Meadowfield, Columbia, Richland County, South Carolina, 2920
[12101/16883] osm-w545804889: Stoneridge Drive
[12102/16883] osm-w545804904: Charbonneau Drive
[12103/16883] osm-w545893779: Woodway Lane
[12104/16883] osm-w546160097: Coxswain Road
[12105/16883] osm-w547123925: Clearview Drive
[12106/16883] osm-w547123931: Yacht Cove, Lexington County, South Carolina, 29035, United 
[12107/16883] osm-w547147058: Cornerstone Circle
[12108/16883] osm-w548451932: Kennerly Road
[12109/16883] osm-w549550807: Steeple Ridge Road
[12110/16883] osm-w549560360: Koon Road
[12111/16883] osm-w549616256: Mallard Drive
[12112/16883] osm-w549813214: Challedon West, Lexington County, South Carolina, 29212, Uni
[12113/16883] osm-w550155595: Forty Love Point Drive
[12114/16883] osm-w550227094: Fox Run Lane
[12115/16883] osm-w550233685: Landmark Drive
[12116/16883] osm-w550248166: I 20
[12117/16883] osm-w550263942: Columbia, Richland County, South Carolina, 29210, United Sta
[12118/16883] osm-w550416060: Park Place West, Lexington County, South Carolina, 29169, Un
[12119/16883] osm-w550425029: Graham Avenue
[12120/16883] osm-w550515921: Rockland Road
[12121/16883] osm-w550720690: Fairfield Road
[12122/16883] osm-w550720721: Samson Circle
[12123/16883] osm-w550725100: Carnes Street
[12124/16883] osm-w550955385: Brown Avenue
[12125/16883] osm-w550955414: Legge Court
[12126/16883] osm-w550958415: South Kings Grant Drive
[12127/16883] osm-w551181939: Pride Circle
[12128/16883] osm-w551594416: Springtree Drive
[12129/16883] osm-w551617524: Panther Drive
[12130/16883] osm-w551658640: East Columbia Avenue
[12131/16883] osm-w551719456: Gilbert Community Park Walking Trail
[12132/16883] osm-w552218750: Chartwell, Richland County, South Carolina, 29210, United St
[12133/16883] osm-w552694012: Dicky Rawl Court
[12134/16883] osm-w552912849: Cedarbrook Drive
[12135/16883] osm-w553059866: Crouch Street
[12136/16883] osm-w553587237: Rabbit Run Road
[12137/16883] osm-w554637013: Hunting Creek Road
[12138/16883] osm-w554648671: Greenlawn Drive
[12139/16883] osm-w554875994: Woodhill Circle
[12140/16883] osm-w554993688: Cy Schumpert Road
[12141/16883] osm-w555547582: Old State Road
[12142/16883] osm-w556302653: Circle Drive
[12143/16883] osm-w556499728: David Lane
[12144/16883] osm-w562599669: Wetherill Drive
[12145/16883] osm-w563444504: Richland Avenue
[12146/16883] osm-w566810827: Southern Court
[12147/16883] osm-w568427339: Baynard Boykin Road
[12148/16883] osm-w569100021: Bayfield Road
[12149/16883] osm-w579747342: Watermark Place
[12150/16883] osm-w580682660: McCutchen
[12151/16883] osm-w585683473: Saint Matthews Road
[12152/16883] osm-w589110307: Pond Drive
[12153/16883] osm-w651641262: Jumbo Road
[12154/16883] osm-w654401342: Dorange Road
[12155/16883] osm-w654863884: Clayton Drive
[12156/16883] osm-w655446956: River Breeze Drive
[12157/16883] osm-w656100184: Richmond Street
[12158/16883] osm-w656553439: Swallow Drive
[12159/16883] osm-w658656569: Branchdale Highway
[12160/16883] osm-w663820489: Rainbow Drive
[12161/16883] osm-w669219190: Rocky Branch Greenway
[12162/16883] osm-w677680392: Five Chop Road
[12163/16883] osm-w688127698: Richburg Road
[12164/16883] osm-w701404806: Beachside Drive
[12165/16883] osm-w707051760: Cleaton Road
[12166/16883] osm-w754154792: Cooks Hill
[12167/16883] osm-w762014643: Hook Lane
[12168/16883] osm-w769794500: Winnsboro, Fairfield County, South Carolina, 29180, United S
[12169/16883] osm-w769794548: Poplar Street
[12170/16883] osm-w776511286: Beacon Ridge Circle
[12171/16883] osm-w783601246: Newport Drive
[12172/16883] osm-w809887405: Southern Trail
[12173/16883] osm-w831067799: Stratton Drive
[12174/16883] osm-w859083246: Westbrook Way
[12175/16883] osm-w897346668: Brentford Place
[12176/16883] osm-w904800122: Waterway Village Boulevard
[12177/16883] osm-w904813415: River Oaks Drive
[12178/16883] osm-w904813428: White River Drive
[12179/16883] osm-w910593894: Park West Boulevard
[12180/16883] osm-w918295673: Arcadian Dunes
[12181/16883] osm-w922896419: Red Ventures Drive
[12182/16883] osm-w928476470: Massey Road
[12183/16883] osm-w982372959: Kensington Drive
[12184/16883] osm-w987358400: South Orchard Farms Avenue
[12185/16883] osm-w988666098: Clubhouse Exit
[12186/16883] osm-w991360405: Pleasant Hill Road
[12187/16883] osm-w992771396: Leila Bell Street
[12188/16883] osm-w998838452: Westview Avenue
[12189/16883] osm-w1003183721: North McElhaney Road
[12190/16883] osm-w1004197856: Windsor Road
[12191/16883] osm-w1020504546: Lawton South Avenue
[12192/16883] osm-w1020504548: Gifford Lane
[12193/16883] osm-w1022434584: Marsh Cove, Charleston, Charleston County, South Carolina, 2
[12194/16883] osm-w1063694083: Cougar Nation Drive
[12195/16883] osm-w1063701017: Recreation Lane
[12196/16883] osm-w1064802549: Sams Point Road
[12197/16883] osm-w1065541572: Bagley Drive
[12198/16883] osm-w1065738378: Ascot Drive
[12199/16883] osm-w1069456366: Forest Court
[12200/16883] osm-w1070110756: Reserve Boulevard
[12201/16883] osm-w1084268981: Seabrook Island Road
[12202/16883] osm-w1084389989: State Highway 557
[12203/16883] osm-w1084394460: Hillandale Road
[12204/16883] osm-w1084400183: National Drive
[12205/16883] osm-w1084448991: Beechwood Drive
[12206/16883] osm-w1087141403: Waterway Boulevard
[12207/16883] osm-w1087625375: US Highway 301 North
[12208/16883] osm-w1087625777: Florence County, South Carolina, 29560, United States
[12209/16883] osm-w1087625990: Hidden Meadow Lane
[12210/16883] osm-w1087626148: Oak Landing Road
[12211/16883] osm-w1087626276: Wampler Drive
[12212/16883] osm-w1087626342: Bally Bunion Drive
[12213/16883] osm-w1087626464: Congress Street
[12214/16883] osm-w1091752687: Netherby Lane
[12215/16883] osm-w1103009438: Aviation Boulevard
[12216/16883] osm-w1104787558: Quince Street
[12217/16883] osm-w1106478911: Angie Drive
[12218/16883] osm-w1106480167: Garden Terrace
[12219/16883] osm-w1108630236: Bluewater Marina Drive
[12220/16883] osm-w1108632849: Jenkins Road
[12221/16883] osm-w1124492584: Marina Drive
[12222/16883] osm-w1124495258: Belle Isle Road
[12223/16883] osm-w1125092707: Magnolia Street Southeast
[12224/16883] osm-w1125270336: Ip Canal Road
[12225/16883] osm-w1125528141: Hope Plantation Road
[12226/16883] osm-w1125958656: Hawthorn Drive
[12227/16883] osm-w1125959595: Osprey Watch, Litchfield by the Sea, Litchfield Beach, Georg
[12228/16883] osm-w1125961723: Seaview Loop
[12229/16883] osm-w1130745167: Choppee Road
[12230/16883] osm-w1133031309: North Jones Road
[12231/16883] osm-w1133354951: Highway 14 North
[12232/16883] osm-w1158782715: Asheton Way
[12233/16883] osm-w1160805005: Olive Street
[12234/16883] osm-w1160807638: Society Street
[12235/16883] osm-w1169512975: I'on Avenue
[12236/16883] osm-w1172655102: Mitchell Street
[12237/16883] osm-w1173742618: Holiday West
[12238/16883] osm-w1177180228: Starfish Drive
[12239/16883] osm-w1180571940: Bayview Farms Boulevard
[12240/16883] osm-w1180572335: Sea Aire Drive
[12241/16883] osm-w1180789468: Dogwood Street
[12242/16883] osm-w1180905916: Dataw Club Road
[12243/16883] osm-w1180906067: Callawassie Club Drive
[12244/16883] osm-w1206689888: Marina Parkway
[12245/16883] osm-w1207033495: Leeward Passage
[12246/16883] osm-w1213101324: Pelham Falls Drive
[12247/16883] osm-w1216906412: Coleman Circle
[12248/16883] osm-w1218268629: Briarwood Drive
[12249/16883] osm-w1226570465: North Country Club Road
[12250/16883] osm-w1226570472: Club Circle
[12251/16883] osm-w1228661618: Firestone Road
[12252/16883] osm-w1230681766: Coligny, Hilton Head Island, Beaufort County, South Carolina
[12253/16883] osm-w1230747759: South Forest Beach Drive
[12254/16883] osm-w1230750139: William Hilton Parkway
[12255/16883] osm-w1240733355: Greenwave Boulevard
[12256/16883] osm-w1240763527: Colleton River Drive
[12257/16883] osm-w1240792507: Vistavia Road
[12258/16883] osm-w1258633062: Rudder Run
[12259/16883] osm-w1258745275: New Riverside Road
[12260/16883] osm-w1258807770: Evening Tide Way
[12261/16883] osm-w1262769929: Palms Way
[12262/16883] osm-w1263513168: Jenny Lind Street
[12263/16883] osm-w1264283470: Stadium Road
[12264/16883] osm-w1264367373: West Ashley Greenway
[12265/16883] osm-w1278724795: Deer Notch Road
[12266/16883] osm-w1278783397: Mount Pleasant, Charleston County, South Carolina, 29466, Un
[12267/16883] osm-w1278882355: Legend Club Drive
[12268/16883] osm-w1279113135: McLamb Avenue
[12269/16883] osm-w1279388153: New Perry Road
[12270/16883] osm-w1280748334: Woodland Garden Lane
[12271/16883] osm-w1281247997: Ocean Village Drive
[12272/16883] osm-w1284267388: Carolina Place
[12273/16883] osm-w1284289152: 7th Avenue South
[12274/16883] osm-w1284524378: Sapelo Island Lane
[12275/16883] osm-w1286414582: Five Forks Road
[12276/16883] osm-w1286957462: McMaster Drive
[12277/16883] osm-w1287195749: Kingsgate Court
[12278/16883] osm-w1288392396: Wacobee Drive
[12279/16883] osm-w1290801808: Hound Run, Berkeley County, South Carolina, 29445, United St
[12280/16883] osm-w1292263459: West Pine Street
[12281/16883] osm-w1293458901: Lofton Road
[12282/16883] osm-w1293470220: Park Street
[12283/16883] osm-w1294621615: South Highway 14
[12284/16883] osm-w1296452763: Access Road to Courts and Clubhouse
[12285/16883] osm-w1296454143: Meridian Road
[12286/16883] osm-w1300624718: Marion Street
[12287/16883] osm-w1304820478: Clubhouse Lane
[12288/16883] osm-w1305543944: Azalee Lane
[12289/16883] osm-w1306423653: Otranto Road
[12290/16883] osm-w1307131948: Palmetto Battery Way
[12291/16883] osm-w1313099238: Winding Way
[12292/16883] osm-w1313099332: Sleepy Hollow Drive
[12293/16883] osm-w1313099423: Sloan Road
[12294/16883] osm-w1314955105: Fording Island Road
[12295/16883] osm-w1318959965: South Irby Street
[12296/16883] osm-w1320363035: Hilton Head Island, Beaufort County, South Carolina, 29926, 
[12297/16883] osm-w1321855349: Wodall Way
[12298/16883] osm-w1322334944: Carla Street
[12299/16883] osm-w1322702578: Cypress Pointe
[12300/16883] osm-w1322985162: Cardinal Circle
[12301/16883] osm-w1323662876: Pinopolis Road
[12302/16883] osm-w1325626473: Coosaw Point Boulevard
[12303/16883] osm-w1325630052: Munn Road East
[12304/16883] osm-w1329467731: Rifle Range Road
[12305/16883] osm-w1329467764: Pine Island View
[12306/16883] osm-w1329467991: Clearview Drive
[12307/16883] osm-w1334515519: Fire Tower Road
[12308/16883] osm-w1334515542: Rochester Highway
[12309/16883] osm-w1334515783: Heritage Riverwood Drive
[12310/16883] osm-w1334517478: East Orr Street
[12311/16883] osm-w1334986586: Darling Road
[12312/16883] osm-w1334987435: Ashleigh Road
[12313/16883] osm-w1334987455: State Road S-14-568
[12314/16883] osm-w1334987497: James Loop Road
[12315/16883] osm-w1334987709: North Jackson Street
[12316/16883] osm-w1334987858: North Matthews Road
[12317/16883] osm-w1334987943: South Pamplico Highway
[12318/16883] osm-w1334988021: South Pamplico Highway
[12319/16883] osm-w1334988115: East Ashby Road
[12320/16883] osm-w1334988172: South 2nd Street
[12321/16883] osm-w1334992160: Flyway Drive
[12322/16883] osm-w1334992385: Crosscreek Drive
[12323/16883] osm-w1334992594: Camden Circle
[12324/16883] osm-w1334992764: Vanderbilt Boulevard
[12325/16883] osm-w1334992835: Lake Circle
[12326/16883] osm-w1334995199: York County, South Carolina, 29730, United States
[12327/16883] osm-w1339382350: Bailey Road
[12328/16883] osm-w1339396560: Municipal Drive
[12329/16883] osm-w1339497618: State Road S-34-306
[12330/16883] osm-w1343925925: Jedburg Road
[12331/16883] osm-w1350748790: Wando Reach Court
[12332/16883] osm-w1356275320: Margaritaville Ave North
[12333/16883] osm-w1356851459: Ocean Creek Drive
[12334/16883] osm-w1356852891: Cherry Grove Beach, North Myrtle Beach, Horry County, South 
[12335/16883] osm-w1356858937: Orange Street
[12336/16883] osm-w1356859006: North Beltline Drive
[12337/16883] osm-w1356859183: I 95
[12338/16883] osm-w1356860014: Youngs Park Drive
[12339/16883] osm-w1376524898: North Ocean Boulevard
[12340/16883] osm-w1377830243: Dipper
[12341/16883] osm-w1378650888: Little River Drive
[12342/16883] osm-w1383338751: Byrd Road
[12343/16883] osm-w1386677635: Pecan Drive
[12344/16883] osm-w1388864732: Club Terrace Drive
[12345/16883] osm-w1390609991: Starboard Tack
[12346/16883] osm-w1392834831: Hillside Drive North
[12347/16883] osm-w1412346445: Teague Road
[12348/16883] osm-w1415391132: Song Sparrow Way
[12349/16883] osm-w1415687070: Pearl Tabby Drive
[12350/16883] osm-w1416527019: Savannah Highway
[12351/16883] osm-w1416527228: Glendale Drive
[12352/16883] osm-w1429892360: East Buena Vista Avenue
[12353/16883] osm-w1430734566: Harlin Street
[12354/16883] osm-w1432480093: Holland Road
[12355/16883] osm-w1434178160: SC 9
[12356/16883] osm-w1436180290: Major Drive
[12357/16883] osm-w1436358624: Arbor Drive
[12358/16883] osm-w1445918974: Drayton Quarter Drive
[12359/16883] osm-w1447496461: West Ashley Greenway
[12360/16883] osm-w1447820795: Keys Lane
[12361/16883] osm-w1456046531: Marshall Boulevard
[12362/16883] osm-w1456175910: Beacon Knoll Lane
[12363/16883] osm-w1457038119: Atlantic Avenue
[12364/16883] osm-w1463026726: River Bluff Drive
[12365/16883] osm-w1466863629: Hunters Run Road
[12366/16883] osm-w1466865104: South Sumter Avenue
[12367/16883] osm-w1466866137: College Road
[12368/16883] osm-w1466866466: Lexington Avenue
[12369/16883] osm-w1466866796: Club Road
[12370/16883] osm-w1471471933: Berea Drive
[12371/16883] osm-w1479952903: Silver Spring Lane
[12372/16883] osm-w1479954254: Auburn Lane
[12373/16883] osm-w1484115858: Northview Street
[12374/16883] osm-w1484132896: Gull Point Road
[12375/16883] osm-w1484213278: Detour Road
[12376/16883] osm-w1484978057: Wilson Boulevard
[12377/16883] osm-w1484982330: Alderston Way
[12378/16883] osm-w1484982681: Rainsborough, Richland County, South Carolina, 29229, United
[12379/16883] osm-w1484983186: Bridgecreek Drive
[12380/16883] osm-w1484986308: Crestmont Road
[12381/16883] osm-w1485873453: Shore Drive
[12382/16883] osm-w1486116192: Tennis Club Way
[12383/16883] osm-w1486116394: Darrell Creek Trail
[12384/16883] osm-w1486117600: Sherman Drive
[12385/16883] osm-w1486119120: Rosemont Drive
[12386/16883] osm-w1486119206: Bridgehampton Club Drive
[12387/16883] osm-w1487169632: Harbor Drive
[12388/16883] osm-w1487170072: Stony Island Drive
[12389/16883] osm-w1487170916: Marshland Road
[12390/16883] osm-w1487252703: Paxville Highway
[12391/16883] osm-w1487252866: S-14-612
[12392/16883] osm-w1487253913: US 301
[12393/16883] osm-w1487350175: Old State Road
[12394/16883] osm-w1487350653: Providence Circle
[12395/16883] osm-w1487350891: Charleston Highway
[12396/16883] osm-w1487352025: Charleston Highway
[12397/16883] osm-w1487352653: Trotter Road
[12398/16883] osm-w1487353669: Inchon Road
[12399/16883] osm-w1487725560: South Basilica Avenue
[12400/16883] osm-w1487727060: North Woodmere Drive
[12401/16883] osm-w1487727993: North Woodmere Drive
[12402/16883] osm-w1487727995: North Woodmere Drive
[12403/16883] osm-w1487728221: Montclair Street
[12404/16883] osm-w1487728610: West Ashley Greenway
[12405/16883] osm-w1487728758: Bear Avenue
[12406/16883] osm-w1487730692: Great Oak Drive
[12407/16883] osm-w1487832509: Atkinson Street
[12408/16883] osm-w1490427756: Catawba Trail
[12409/16883] osm-w1491071989: Tanner Road
[12410/16883] osm-w1491362580: Baltic Circle
[12411/16883] osm-w1492344024: Rockbridge Road
[12412/16883] osm-w1492725100: West Railroad Avenue
[12413/16883] osm-w1492725376: Cypress Point Drive
[12414/16883] osm-w1492734288: Mitchell Lane
[12415/16883] osm-w1492736447: Turbeville, Clarendon County, South Carolina, 29162, United 
[12416/16883] osm-w1494098647: Horse Pasture Road
[12417/16883] osm-w1494121213: Sassafras Boulevard
[12418/16883] osm-w1494127888: Grand Harbor Boulevard
[12419/16883] osm-w1494474220: Jack Ray Drive
[12420/16883] osm-w1494474303: North Lake Drive
[12421/16883] osm-w1494474779: West H Smith Court
[12422/16883] osm-w1494474828: Avalon Drive
[12423/16883] osm-w1494475320: South Main Street
[12424/16883] osm-w1494639199: Airline Drive
[12425/16883] osm-w1494641129: West DeKalb Street
[12426/16883] osm-w1494641964: Main Street
[12427/16883] osm-w1494850733: Worthing Place
[12428/16883] osm-w1495231713: Harbor Heights Drive
[12429/16883] osm-w1495232974: Blackhawk Trail
[12430/16883] osm-w1495233103: Sightler Drive
[12431/16883] osm-w1495278257: Rock Hill, York County, South Carolina, 29731, United States
[12432/16883] osm-w1495307482: Coveview Court
[12433/16883] osm-w1495308079: Keowee Key Access B
[12434/16883] osm-w1495706665: Hart Street
[12435/16883] osm-w1495745018: York County, South Carolina, 29710, United States
[12436/16883] osm-w1495745022: York County, South Carolina, 29710, United States
[12437/16883] osm-w1512783013: Renowned Boulevard
[12438/16883] osm-w1512783465: Shadowbrook, Rock Hill, York County, South Carolina, 29733, 
[12439/16883] osm-w1517855239: Fleming Road
[12440/16883] osm-w1517855398: Quail Lane
[12441/16883] osm-w1526475936: Mathis Ferry Road
[12442/16883] osm-w1526852505: Mayflower Trail
[12443/16883] osm-w1526852552: Three Dog Road
[12444/16883] osm-w1531125253: Auberon Parkway
[12445/16883] osm-w1533991993: Firethorne Street
[12446/16883] osm-w137327931: 5th Street
[12447/16883] osm-w232138013: Washington Street
[12448/16883] osm-w240768294: Aberdeen Recreation Trail
[12449/16883] osm-w252394344: East Walnut Street
[12450/16883] osm-w264407539: Hisega Drive
[12451/16883] osm-w279261420: 6th Street
[12452/16883] osm-w292263059: Cliff Street
[12453/16883] osm-w304934497: West Empire Place
[12454/16883] osm-w305788817: Northeast 9th Street
[12455/16883] osm-w314072194: Mulberry Street
[12456/16883] osm-w314524970: West 20th Avenue
[12457/16883] osm-w403771467: West 55th Street
[12458/16883] osm-w403929037: West Valhalla Boulevard
[12459/16883] osm-w415157429: Madill Street
[12460/16883] osm-w427914210: North 3rd Street
[12461/16883] osm-w428675964: West 9th Avenue
[12462/16883] osm-w433184780: South Edinburg Place
[12463/16883] osm-w444208913: Westover
[12464/16883] osm-w564740904: Northwest 1st Street
[12465/16883] osm-w595919187: 9th Street;280th Street
[12466/16883] osm-w649735011: 6th Street East
[12467/16883] osm-w749157025: Candlewood Place
[12468/16883] osm-w758802069: West Old Yankton Road
[12469/16883] osm-w758931445: South Glenview Place
[12470/16883] osm-w864224714: 3rd Street
[12471/16883] osm-w883139690: East Denver Street
[12472/16883] osm-w1084388152: West King Avenue
[12473/16883] osm-w1084401011: East Dogwood Avenue
[12474/16883] osm-w1124294743: Park Drive
[12475/16883] osm-w1221599070: North 5th Avenue
[12476/16883] osm-w1223119511: Spirit Lane
[12477/16883] osm-w1231615299: North Lone Tree Street
[12478/16883] osm-w1263570873: Main Avenue
[12479/16883] osm-w1270397087: Gregory, Gregory County, South Dakota, 57533, United States
[12480/16883] osm-w1295739522: Saint Patrick Connector
[12481/16883] osm-w1301132003: Busted Five Lane
[12482/16883] osm-w1350759860: North Garfield Avenue
[12483/16883] osm-w1350765944: West Valhalla Boulevard
[12484/16883] osm-w1356680454: Park Drive
[12485/16883] osm-w1358694275: South Broadway Street
[12486/16883] osm-w1419229399: 347th Avenue
[12487/16883] osm-w1426462817: Elm Avenue
[12488/16883] osm-w1462277421: North Park Street
[12489/16883] osm-w1468900353: Jackson Avenue
[12490/16883] osm-w1468900522: West 3rd Street
[12491/16883] osm-w1468940952: East 10th Avenue
[12492/16883] osm-w1468953767: East Fairway Drive
[12493/16883] osm-w1483674342: E Avenue
[12494/16883] osm-w1486735206: 5th Avenue West
[12495/16883] osm-w1492398331: 4th Street East
[12496/16883] osm-w1497540871: Vermillion Street
[12497/16883] osm-w1497549743: Beresford, Prairie Township, Union County, South Dakota, 570
[12498/16883] osm-r18608266: US Highway 85
[12499/16883] osm-w1426304905: McVay Road
[12500/16883] osm-w53624853: Donelson Avenue
[12501/16883] osm-w78509155: North Chattanooga, Chattanooga, Hamilton County, East Tennes
[12502/16883] osm-w81177315: Gallery Lane
[12503/16883] osm-w107321610: Ty Hi Drive
[12504/16883] osm-w107322621: Middle Valley Road
[12505/16883] osm-w107322861: Ty Hi Drive
[12506/16883] osm-w119935641: Oakhurst, East Ridge, Hamilton County, East Tennessee, Tenne
[12507/16883] osm-w120063935: Heritage Landing Drive
[12508/16883] osm-w120066174: Rymer Road Northwest
[12509/16883] osm-w120308987: Swann Road
[12510/16883] osm-w121502976: Sherwood Avenue
[12511/16883] osm-w121777218: Rivervista Drive
[12512/16883] osm-w130554200: Old Britain Circle
[12513/16883] osm-w131411996: Signal Point Road
[12514/16883] osm-w170212751: Lightspring Lane
[12515/16883] osm-w175807316: Beaver Ridge Road
[12516/16883] osm-w178356928: Spring Valley Lane
[12517/16883] osm-w178641242: Mountain Creek Road
[12518/16883] osm-w184235679: Trails Circle
[12519/16883] osm-w185687621: Nashville, Davidson County, Middle Tennessee, Tennessee, 372
[12520/16883] osm-w186234589: Varnavas Drive
[12521/16883] osm-w192995636: Donaldson Park Road
[12522/16883] osm-w193676253: Highway 60
[12523/16883] osm-w209374194: South Crescent Club Drive
[12524/16883] osm-w216615665: Hixson Pike
[12525/16883] osm-w232451028: Glenwood Circle
[12526/16883] osm-w258859863: Grove Court Road
[12527/16883] osm-w261854921: Ansley Lane
[12528/16883] osm-w274469780: Copley Avenue
[12529/16883] osm-w279195423: Overall Street
[12530/16883] osm-w281817789: State Park Road
[12531/16883] osm-w321156612: Day Lily Trail
[12532/16883] osm-w323875296: Northern Hills Road
[12533/16883] osm-w341948504: Newbern, Dyer County, West Tennessee, Tennessee, 38059, Unit
[12534/16883] osm-w349280135: Snow Hill Road
[12535/16883] osm-w349280139: Island Manor Drive
[12536/16883] osm-w366206545: John R Rice Boulevard
[12537/16883] osm-w370270419: Rogers Road
[12538/16883] osm-w373419634: Folts Drive
[12539/16883] osm-w375523296: Pine Hill, Chattanooga, Hamilton County, East Tennessee, Ten
[12540/16883] osm-w389657989: Arsenal Drive
[12541/16883] osm-w399676694: Ramblewood Circle Northwest
[12542/16883] osm-w412457548: Turnberry Circle
[12543/16883] osm-w429246825: Hendersonville, Sumner County, Middle Tennessee, Tennessee, 
[12544/16883] osm-w436073426: North Reed Hooker Road
[12545/16883] osm-w441490852: Harpeth River Drive
[12546/16883] osm-w457077135: Park Worley Street
[12547/16883] osm-w464743268: Hiwassee Drive
[12548/16883] osm-w469645302: Play Drive
[12549/16883] osm-w475318449: Lebanon Pike
[12550/16883] osm-w478487367: South Front Street
[12551/16883] osm-w479392452: Glen Oak Boulevard
[12552/16883] osm-w488133945: Lyerly Street
[12553/16883] osm-w490763681: Storybook Greenway
[12554/16883] osm-w492436714: Lake Meadows Drive
[12555/16883] osm-w495970453: Card-Monroe Corp., Hixson, Chattanooga, Hamilton County, Eas
[12556/16883] osm-w497547485: Legion Street
[12557/16883] osm-w497887944: Borden Street
[12558/16883] osm-w498592399: Cedar Lane
[12559/16883] osm-w498973188: Shields Lane
[12560/16883] osm-w517721199: Park Road
[12561/16883] osm-w520420255: Carlen Drive
[12562/16883] osm-w535306513: US 70
[12563/16883] osm-w543180213: River Road
[12564/16883] osm-w544268950: Chickering Lane
[12565/16883] osm-w544867226: Gillespie Drive
[12566/16883] osm-w544867227: Cool Springs
[12567/16883] osm-w545138592: Bear Creek Road
[12568/16883] osm-w555283928: Club Ridge Circle
[12569/16883] osm-w556056945: Suffolk Street
[12570/16883] osm-w556622984: Ravens Nest Drive
[12571/16883] osm-w556622995: Hickory Farms Drive
[12572/16883] osm-w557072686: Oregon Drive
[12573/16883] osm-w558055686: Sweethome Road
[12574/16883] osm-w559284361: Ross Road
[12575/16883] osm-w560601328: South Landing Way
[12576/16883] osm-w560927578: Fescue Lane
[12577/16883] osm-w560927582: Village Grove Drive
[12578/16883] osm-w561658607: Kirby Trees Drive
[12579/16883] osm-w561708386: Whispering Lane East
[12580/16883] osm-w561728382: Duke Ellington Avenue
[12581/16883] osm-w561868274: Moriah Trail
[12582/16883] osm-w562103175: Arbor Lake Place
[12583/16883] osm-w562110824: Pecan Lake Drive
[12584/16883] osm-w562110827: Pecan Lake Drive
[12585/16883] osm-w562610594: Hickory Meadow Lane
[12586/16883] osm-w569479768: Cotton Drive
[12587/16883] osm-w572390400: Bobo Lane
[12588/16883] osm-w572495514: Winchester Road
[12589/16883] osm-w575679192: Golden Eagle Drive
[12590/16883] osm-w575921804: Upperman Lane
[12591/16883] osm-w576051415: Heather Row
[12592/16883] osm-w581648123: Katherine Lane
[12593/16883] osm-w594770165: Gloria Road
[12594/16883] osm-w608810835: Scenic Highway
[12595/16883] osm-w630386465: Gentlemens Ridge
[12596/16883] osm-w633166870: Twinkletown Road
[12597/16883] osm-w639793619: Lowbranch Drive
[12598/16883] osm-w642070382: 4th Avenue North
[12599/16883] osm-w648524549: Rowen Oak Road
[12600/16883] osm-w651819175: Old Creek Road
[12601/16883] osm-w653466241: Beach Road
[12602/16883] osm-w657053660: Shuler Drive
[12603/16883] osm-w658322703: Rhine Lane
[12604/16883] osm-w658592578: Cypress Lake Drive
[12605/16883] osm-w661211746: Old Hawthorne Lane
[12606/16883] osm-w664550973: Massey Road
[12607/16883] osm-w665169226: Apache Trail
[12608/16883] osm-w665316341: Bonerwood Drive
[12609/16883] osm-w666783538: Walnut Hall Court
[12610/16883] osm-w666810510: White Station, Memphis, Shelby County, West Tennessee, Tenne
[12611/16883] osm-w667352860: Memphis, Shelby County, West Tennessee, Tennessee, 38119, Un
[12612/16883] osm-w670162416: Hunters Ridge, Williamson County, Middle Tennessee, Tennesse
[12613/16883] osm-w671292101: Aaron Drive
[12614/16883] osm-w676061558: Brookfield, Memphis, Shelby County, West Tennessee, Tennesse
[12615/16883] osm-w676387922: Lexington Club Court
[12616/16883] osm-w676390716: Baronne Way
[12617/16883] osm-w677337174: Thompson's Station Greenway
[12618/16883] osm-w683463868: Stonehaven Drive
[12619/16883] osm-w683465206: Wilder Drive
[12620/16883] osm-w684238889: County Hospital Road
[12621/16883] osm-w684835357: Dee Road
[12622/16883] osm-w684837315: Haverhill Road
[12623/16883] osm-w687212637: Beckett Street
[12624/16883] osm-w688221554: South Perkins Road
[12625/16883] osm-w693953036: Shepherd Avenue
[12626/16883] osm-w708951335: East Amanda Circle
[12627/16883] osm-w711035304: Kyle Lane Northwest
[12628/16883] osm-w723912613: Sylvan Drive
[12629/16883] osm-w739451630: Walnut Hill Road
[12630/16883] osm-w741256342: Hotel Avenue
[12631/16883] osm-w742645769: Pin Oak Lodge Road
[12632/16883] osm-w752904131: Glenstone Circle
[12633/16883] osm-w757649116: Weaver Drive
[12634/16883] osm-w757984634: South Cabana Circle
[12635/16883] osm-w758530269: Tanglewood Court
[12636/16883] osm-w759715239: Valley Brook Road
[12637/16883] osm-w759746695: Valley Brook Road
[12638/16883] osm-w759746696: Valley Brook Road
[12639/16883] osm-w759746697: Woodmont Boulevard
[12640/16883] osm-w759750641: Nashville, Davidson County, Middle Tennessee, Tennessee, Uni
[12641/16883] osm-w761599305: Kings Lane
[12642/16883] osm-w761869100: Utopia Drive
[12643/16883] osm-w770243094: Ashington Lane
[12644/16883] osm-w770591522: Dominican Drive
[12645/16883] osm-w772277848: Amberwood Circle
[12646/16883] osm-w772380097: Walnut Hills, Nashville, Davidson County, Middle Tennessee, 
[12647/16883] osm-w775548157: Sonya Drive
[12648/16883] osm-w776328011: Belle Valley Drive
[12649/16883] osm-w784516028: Collierville, Shelby County, West Tennessee, Tennessee, 3801
[12650/16883] osm-w785905703: Bray Station Road
[12651/16883] osm-w789142389: Nashville, Davidson County, Middle Tennessee, Tennessee, 372
[12652/16883] osm-w802992816: Houston Levee Road
[12653/16883] osm-w812921460: South Taylor Street
[12654/16883] osm-w813099366: Poplar Avenue
[12655/16883] osm-w818910306: Baptist World Center Drive
[12656/16883] osm-w819255109: Silvercreek Drive South
[12657/16883] osm-w819804507: Fox Hill Circle South
[12658/16883] osm-w819804516: Inglewood Cove
[12659/16883] osm-w819927446: Quail Path Street
[12660/16883] osm-w822474331: Hollow Creek Road
[12661/16883] osm-w822474339: Hollow Creek Road
[12662/16883] osm-w822484042: Hollow Creek Road
[12663/16883] osm-w825718997: Carnton Drive
[12664/16883] osm-w827802886: Ward Circle
[12665/16883] osm-w828521322: North 10th Street
[12666/16883] osm-w833358831: Compass Way
[12667/16883] osm-w834596668: Grove Forest Cove
[12668/16883] osm-w835787851: Scarlet Road
[12669/16883] osm-w836096124: Scarlet Road
[12670/16883] osm-w846424844: Rothchild Road
[12671/16883] osm-w846424848: Germantown, Shelby County, West Tennessee, Tennessee, 38138,
[12672/16883] osm-w848964624: Safe Harbor Lane
[12673/16883] osm-w856191433: Robertson Street
[12674/16883] osm-w856290673: Patriot Avenue
[12675/16883] osm-w856290712: Austin Peay Memorial Highway
[12676/16883] osm-w858379013: Bluegrass Road
[12677/16883] osm-w862862313: Mountain Creek Apartments, Glendale, Red Bank, Chattanooga, 
[12678/16883] osm-w865351907: Cook Road
[12679/16883] osm-w868939739: Harding Place
[12680/16883] osm-w873110039: St Johns Drive
[12681/16883] osm-w877362190: Westridge Trail
[12682/16883] osm-w906656117: Weber Road
[12683/16883] osm-w908967458: Hollybrook Lane South
[12684/16883] osm-w911332877: Pointe Barton Drive
[12685/16883] osm-w911332887: Holt Road
[12686/16883] osm-w914862483: Dogwood Road
[12687/16883] osm-w915308542: Chaney Road
[12688/16883] osm-w916189159: Zurich Drive
[12689/16883] osm-w919693500: Paschal Estates, Murfreesboro, Rutherford County, Middle Ten
[12690/16883] osm-w921155897: Corsica Drive
[12691/16883] osm-w921333607: Maryland Way
[12692/16883] osm-w921404703: Fort Sanders West Boulevard
[12693/16883] osm-w923626483: Macon Road
[12694/16883] osm-w934469138: Woodcrest Hills, Hamblen County, East Tennessee, Tennessee, 
[12695/16883] osm-w934951849: Unbridle Way
[12696/16883] osm-w938689426: Dexter Lake Drive
[12697/16883] osm-w938732900: Club Center Cove
[12698/16883] osm-w940554215: Cordova, Memphis, Shelby County, West Tennessee, Tennessee, 
[12699/16883] osm-w956325786: Carver Avenue
[12700/16883] osm-w958437365: White Oak Resort Way
[12701/16883] osm-w965959784: Big Ridge Park Road
[12702/16883] osm-w972039047: Williamson County, Middle Tennessee, Tennessee, United State
[12703/16883] osm-w972039057: Williamson County, Middle Tennessee, Tennessee, United State
[12704/16883] osm-w972879252: River Shores, Murfreesboro, Rutherford County, Middle Tennes
[12705/16883] osm-w999307837: Bear Creek Road
[12706/16883] osm-w1004836932: Casey Lane
[12707/16883] osm-w1034378637: Bartlett Boulevard
[12708/16883] osm-w1037279740: Baird Lane
[12709/16883] osm-w1037446407: Jackson Cave Trail
[12710/16883] osm-w1050910353: Stewarts Ferry Parkway
[12711/16883] osm-w1052496683: White Oak Road
[12712/16883] osm-w1053791153: Allison Drive
[12713/16883] osm-w1054025448: Mosley Drive
[12714/16883] osm-w1054070906: Meadow Lake Road
[12715/16883] osm-w1059043592: Autumn Glade Lane
[12716/16883] osm-w1063419848: County Road 576
[12717/16883] osm-w1063421523: McMinn County, East Tennessee, Tennessee, 37303, United Stat
[12718/16883] osm-w1063775351: David Crockett State Park
[12719/16883] osm-w1067748920: Mooresville Highway
[12720/16883] osm-w1070834341: Island Bluff Drive
[12721/16883] osm-w1070834345: Island Place East
[12722/16883] osm-w1071377348: Forest Creek Lane
[12723/16883] osm-w1072748896: Hazelwood Street
[12724/16883] osm-w1074666912: East Main Street
[12725/16883] osm-w1075424764: Glynn Downing Drive
[12726/16883] osm-w1075523066: Noelton Avenue
[12727/16883] osm-w1077130742: 3rd Avenue
[12728/16883] osm-w1081544899: Hickory Creek Road
[12729/16883] osm-w1081561793: Denton Lane
[12730/16883] osm-w1089918450: Nashville, Davidson County, Middle Tennessee, Tennessee, 370
[12731/16883] osm-w1091712948: Navy Road
[12732/16883] osm-w1092957699: Murfreesboro Pike
[12733/16883] osm-w1095371641: Dover Glen Drive
[12734/16883] osm-w1098580548: Farmingdale Road
[12735/16883] osm-w1104203411: Bill Jones Road
[12736/16883] osm-w1106402226: Gallina Circle
[12737/16883] osm-w1108850972: Hemlock Street
[12738/16883] osm-w1116394759: Bell Mill Road
[12739/16883] osm-w1131976846: Sire Avenue
[12740/16883] osm-w1135926656: Murfreesboro, Rutherford County, Middle Tennessee, Tennessee
[12741/16883] osm-w1135989605: Middleton Lane
[12742/16883] osm-w1136012921: Indian Park Drive
[12743/16883] osm-w1136012926: River Shores, Murfreesboro, Rutherford County, Middle Tennes
[12744/16883] osm-w1136046297: Breckenridge Drive
[12745/16883] osm-w1136166697: Regency Park Drive
[12746/16883] osm-w1151211493: Roan Road
[12747/16883] osm-w1151384575: Hamilton Island Road
[12748/16883] osm-w1151384576: Harrison Bay Road
[12749/16883] osm-w1155111510: Marina Lane
[12750/16883] osm-w1157822499: Cumberland Place
[12751/16883] osm-w1182372646: TN 196
[12752/16883] osm-w1190385305: Bartlett, Shelby County, West Tennessee, Tennessee, 38135, U
[12753/16883] osm-w1191874473: Lake Harbor Court
[12754/16883] osm-w1210515226: Davidson Drive
[12755/16883] osm-w1217783438: Buckingham Boulevard
[12756/16883] osm-w1217785643: Baxter Lane
[12757/16883] osm-w1221580780: Parkstown Church Road
[12758/16883] osm-w1226575333: Forrest Park, Coffee County, Middle Tennessee, Tennessee, 37
[12759/16883] osm-w1227680541: Frank Road
[12760/16883] osm-w1228088267: Riverwood Drive
[12761/16883] osm-w1232699228: South Hawthorne Street
[12762/16883] osm-w1232809938: Franklin Limestone Road
[12763/16883] osm-w1237623391: South Gateway Avenue
[12764/16883] osm-w1240710440: Gallatin, Sumner County, Middle Tennessee, Tennessee, 37066,
[12765/16883] osm-w1240732125: North Sable Road
[12766/16883] osm-w1240732808: Congress Parkway Northwest
[12767/16883] osm-w1240765728: Kerr Road
[12768/16883] osm-w1241965860: Beverle Rivera Drive
[12769/16883] osm-w1242241507: North Walter Leathers Drive
[12770/16883] osm-w1242570995: Briarwood Boulevard
[12771/16883] osm-w1253362442: Standing Stone Park Highway
[12772/16883] osm-w1253739748: Pritchett Drive
[12773/16883] osm-w1253785294: Green Meadows Road
[12774/16883] osm-w1253786710: Collierville, Shelby County, West Tennessee, Tennessee, 3813
[12775/16883] osm-w1254159798: Country Club Lane
[12776/16883] osm-w1255708126: Shelby County, West Tennessee, Tennessee, 38125, United Stat
[12777/16883] osm-w1258343282: Mooreland Lane
[12778/16883] osm-w1263944371: General George Patton Road
[12779/16883] osm-w1271281937: Granbury Street
[12780/16883] osm-w1277599285: Duck Island Loop
[12781/16883] osm-w1279516596: Donohue Drive
[12782/16883] osm-w1287034552: Golf Club Drive
[12783/16883] osm-w1293469736: Mount View Road
[12784/16883] osm-w1293471659: Bosley Lane
[12785/16883] osm-w1303378089: Woodland Drive
[12786/16883] osm-w1313100119: Riverbend Road
[12787/16883] osm-w1313100200: Stanley Boulevard
[12788/16883] osm-w1313596931: Macon Road
[12789/16883] osm-w1313596969: Elmington Drive
[12790/16883] osm-w1313597020: Justana Drive
[12791/16883] osm-w1313597023: Hickory Glen Drive
[12792/16883] osm-w1313597114: City Park Road
[12793/16883] osm-w1314583994: Channel View Lane
[12794/16883] osm-w1315928573: Oak Hill, Davidson County, Middle Tennessee, Tennessee, 3722
[12795/16883] osm-w1315928575: Curtiswood Lane South
[12796/16883] osm-w1316063223: Grove Street
[12797/16883] osm-w1324156805: Dogwood Acres Drive
[12798/16883] osm-w1324509199: Pulley Street
[12799/16883] osm-w1329665575: Bank Street
[12800/16883] osm-w1334982719: Mansion Circle
[12801/16883] osm-w1334982746: Redding Road
[12802/16883] osm-w1334983024: Harrison, Hamilton County, East Tennessee, Tennessee, 37416,
[12803/16883] osm-w1334983350: SR 28
[12804/16883] osm-w1334983366: Viola Road
[12805/16883] osm-w1334983504: King Street
[12806/16883] osm-w1334983756: River Chase Drive
[12807/16883] osm-w1334983836: Stonehedge Drive
[12808/16883] osm-w1334983943: I 24
[12809/16883] osm-w1334984061: Club Drive
[12810/16883] osm-w1334995370: Hitching Post Road
[12811/16883] osm-w1334995596: Warner Drive Northwest
[12812/16883] osm-w1334995623: Willow Creek Boulevard
[12813/16883] osm-w1339396998: Forrest Avenue
[12814/16883] osm-w1339397495: Wiseman Park Road
[12815/16883] osm-w1339744525: Deering Drive
[12816/16883] osm-w1339744545: Spring Meadows Lane
[12817/16883] osm-w1340156955: Loyston Point Road
[12818/16883] osm-w1340685215: Tennessee Avenue
[12819/16883] osm-w1341646477: Redbird Avenue
[12820/16883] osm-w1343573194: Gilreath Place
[12821/16883] osm-w1350312502: Westavia Drive Northwest
[12822/16883] osm-w1353987501: Ted Moore Road
[12823/16883] osm-w1354058357: Club House Drive
[12824/16883] osm-w1355426194: Coldstream Road
[12825/16883] osm-w1355426353: McMinnville Highway
[12826/16883] osm-r18631295: Canada Road
[12827/16883] osm-w1355508371: Tennis Court Drive
[12828/16883] osm-w1355509034: Jackson Country Club Drive
[12829/16883] osm-w1356245626: Gordonsville Highway
[12830/16883] osm-w1356355988: Tracy Road
[12831/16883] osm-w1356355993: South Patrick Road
[12832/16883] osm-w1356356062: Chadwick Farms Lane
[12833/16883] osm-w1356672026: Armory Avenue
[12834/16883] osm-w1356680718: Ridgemont Road
[12835/16883] osm-w1356680741: East 10th Avenue
[12836/16883] osm-w1362299890: Belmont West, Cedar Bluff, Knox County, East Tennessee, Tenn
[12837/16883] osm-w1369749357: Montgomery County, Middle Tennessee, Tennessee, United State
[12838/16883] osm-w1374919553: Rosewood Court
[12839/16883] osm-w1376775537: Lakeview Court
[12840/16883] osm-w1377795828: Angotti Road
[12841/16883] osm-w1377795954: Harwood Street
[12842/16883] osm-w1392695023: Colonial Shores Drive
[12843/16883] osm-w1393939514: Hickory Valley, Chattanooga, Hamilton County, East Tennessee
[12844/16883] osm-w1408148106: Widgeon Pt
[12845/16883] osm-w1412126703: Tulane Road
[12846/16883] osm-w1412404244: Melrose Street
[12847/16883] osm-w1413175612: Topside Road
[12848/16883] osm-w1413619672: Buckthorn Drive
[12849/16883] osm-w1416738868: Edgefield, Bristol, Sullivan County, East Tennessee, Tenness
[12850/16883] osm-w1416739000: US 11W
[12851/16883] osm-w1419294047: Sliders Knob Avenue
[12852/16883] osm-w1419581210: Ashburton Drive
[12853/16883] osm-w1425576096: Trojan Boulevard
[12854/16883] osm-w1426076304: Westmere Drive
[12855/16883] osm-w1426379918: Oak Street
[12856/16883] osm-w1426380127: Chulahoma Road
[12857/16883] osm-w1426380480: Billy Byrant Road
[12858/16883] osm-w1426380493: Jamerson Farm Cove
[12859/16883] osm-w1426380900: Curtman Creek Cove
[12860/16883] osm-w1426380933: Red Barn Drive
[12861/16883] osm-w1426381201: Overview Ridge
[12862/16883] osm-w1426381436: Holmes Road
[12863/16883] osm-w1426381582: Cheyenne Boulevard
[12864/16883] osm-w1426381629: Hermitage, Nashville, Davidson County, Middle Tennessee, Ten
[12865/16883] osm-w1426381659: Nashville, Davidson County, Middle Tennessee, Tennessee, 370
[12866/16883] osm-w1426382059: Langford Pass
[12867/16883] osm-w1426382702: Mundy Memorial Drive
[12868/16883] osm-w1426383172: Skyline Drive
[12869/16883] osm-w1426383370: Clinton Street
[12870/16883] osm-w1426383487: Radcliffe Avenue
[12871/16883] osm-w1426383728: Linville Street
[12872/16883] osm-w1426383730: Longview Lane
[12873/16883] osm-w1426383932: Lamont Street
[12874/16883] osm-w1429891950: Goodbar Avenue
[12875/16883] osm-w1434659019: Decatur, Meigs County, East Tennessee, Tennessee, 37322, Uni
[12876/16883] osm-w1442198479: US 45
[12877/16883] osm-w1442200302: Fairways Drive
[12878/16883] osm-w1442296185: Cook's Court
[12879/16883] osm-w1442296187: Brentwood Pointe
[12880/16883] osm-w1442425488: General George Patton Drive
[12881/16883] osm-w1442429527: North Main Street
[12882/16883] osm-w1442429528: Camden Road
[12883/16883] osm-w1442429529: Joy Lane
[12884/16883] osm-w1442429530: Youth Camp Road
[12885/16883] osm-w1442429531: Forest Downs Drive
[12886/16883] osm-w1442429537: Wyndhurst Drive
[12887/16883] osm-w1442429546: Lakehaven Drive
[12888/16883] osm-w1442429547: Heatherwood Drive
[12889/16883] osm-w1442429548: Bascom Road
[12890/16883] osm-w1442429555: Williamsburg Lane
[12891/16883] osm-w1442429559: Clifft Street
[12892/16883] osm-w1442743333: Regency Park Drive
[12893/16883] osm-w1442973966: Johnstone Court
[12894/16883] osm-w1442973974: Esteswood Drive
[12895/16883] osm-w1442973978: Westview Avenue
[12896/16883] osm-w1443470946: Corporate Avenue East
[12897/16883] osm-w1443470948: Mojave Place
[12898/16883] osm-w1443470951: Tall Timber Drive
[12899/16883] osm-w1443470957: Spring Street
[12900/16883] osm-w1443470961: Weakley Creek Road
[12901/16883] osm-w1443470967: Lomax Crossroads, Hohenwald, Lewis County, Middle Tennessee,
[12902/16883] osm-w1443470979: Spencer Creek Road
[12903/16883] osm-w1443470980: Gray Fox Lane
[12904/16883] osm-w1443470982: Deerfield Court East
[12905/16883] osm-w1443470983: Timbercrest Court
[12906/16883] osm-w1443470984: Evansdale Drive
[12907/16883] osm-w1443470989: Summit Ridge Drive
[12908/16883] osm-w1443470990: Valley Forge
[12909/16883] osm-w1443470995: Lilywood Road
[12910/16883] osm-w1443470997: West Hillwood Drive
[12911/16883] osm-w1444271272: Burklin Street
[12912/16883] osm-w1444271722: Gallatin, Sumner County, Middle Tennessee, Tennessee, 37066,
[12913/16883] osm-w1444272802: Saint Thomas Way
[12914/16883] osm-w1448291349: Walnut Street
[12915/16883] osm-w1448291792: River Oaks Cove
[12916/16883] osm-w1448291986: Shute Circle
[12917/16883] osm-w1452628808: Gwynne Road
[12918/16883] osm-w1454045209: Paint Rock Road
[12919/16883] osm-w1454854373: Eagle Pointe Drive
[12920/16883] osm-w1462246880: Raleigh-Lagrange Road
[12921/16883] osm-w1462247041: West River Trace Drive
[12922/16883] osm-w1462247137: Mossbrook Lane
[12923/16883] osm-w1462247237: Randolph Place
[12924/16883] osm-w1462247326: Dogwood Road
[12925/16883] osm-w1462247543: Maple Grove Drive
[12926/16883] osm-w1462247906: Windy City Road
[12927/16883] osm-w1462247981: Stadium Drive
[12928/16883] osm-w1462248030: Pinhook Drive
[12929/16883] osm-w1464918073: Broadway Street
[12930/16883] osm-w1466393290: Winewood Cove
[12931/16883] osm-w1466393301: Barfield Road
[12932/16883] osm-w1468035050: Rector Lane
[12933/16883] osm-w1472876304: Franklin County, Middle Tennessee, Tennessee, 37330, United 
[12934/16883] osm-w1474895059: Kingsbridge
[12935/16883] osm-w1476328145: Fortner Road
[12936/16883] osm-w1476967608: Picnic Road
[12937/16883] osm-w1476967821: Willshire Heights Drive
[12938/16883] osm-w1477835646: Richesin Road
[12939/16883] osm-w1480955501: Brooklawn Drive
[12940/16883] osm-w1480955839: Indian Lake Road
[12941/16883] osm-w1484110867: Old Towne Drive
[12942/16883] osm-w1484191001: Percy Warner Boulevard
[12943/16883] osm-w1484191085: Hillmeade Court
[12944/16883] osm-w1484191108: Brookmont Terrace
[12945/16883] osm-w1484191136: Walnut Hills, Nashville, Davidson County, Middle Tennessee, 
[12946/16883] osm-w1484205386: Bentley Parc
[12947/16883] osm-w1484705521: Mayfield Drive
[12948/16883] osm-w1484706020: Foxland Hall Park Entrance
[12949/16883] osm-w1484708367: Tennessee National Guard Parkway
[12950/16883] osm-w1485170340: Caney Creek Road
[12951/16883] osm-w1485443066: Seminary Avenue
[12952/16883] osm-w1486700814: Hershel Dick Drive
[12953/16883] osm-w1487798088: Como Street
[12954/16883] osm-w1491014405: Camp Nakanawa Road
[12955/16883] osm-w1491494909: Jones Road
[12956/16883] osm-w1492742447: Margaret Close
[12957/16883] osm-w1492744489: Bratton Drive
[12958/16883] osm-w1492900841: Gentle Mist Circle
[12959/16883] osm-w1492940327: East Brainerd Road
[12960/16883] osm-w1492941889: Cowart Street
[12961/16883] osm-w1492942112: Scenic Highway
[12962/16883] osm-w1492942117: West Brow Oval
[12963/16883] osm-w1492942118: Fleetwood Drive
[12964/16883] osm-w1492942679: South Quail Lane
[12965/16883] osm-w1492945072: Junior Camp Lane
[12966/16883] osm-w1492945425: Generations Drive
[12967/16883] osm-w1492946316: Play Drive
[12968/16883] osm-w1492946544: Park Street
[12969/16883] osm-w1493130325: Lakeshore Lane
[12970/16883] osm-w1493130656: Staff Circle
[12971/16883] osm-w1493132821: Sand Dunes Drive
[12972/16883] osm-w1493287075: South 5th Street
[12973/16883] osm-w1493304053: Shadow Parkway
[12974/16883] osm-w1493304355: Mill Race Drive
[12975/16883] osm-w1493511478: Brunner Road
[12976/16883] osm-w1493655756: Tennis Court Trail
[12977/16883] osm-w1493803432: Lone Tree Trail
[12978/16883] osm-w1493803468: Royal Oak Drive
[12979/16883] osm-w1493803500: Career Lane
[12980/16883] osm-w1494092643: Mountain View Road
[12981/16883] osm-w1494095315: Scenic Drive
[12982/16883] osm-w1494977574: South Berlinwood Cove
[12983/16883] osm-w1510506899: Shockey Way
[12984/16883] osm-w1510506916: 3rd Street
[12985/16883] osm-w1511182671: Misty Hill Drive
[12986/16883] osm-w1512524116: Chuckey Doak Access
[12987/16883] osm-w1512526695: Chuckey Doak Road
[12988/16883] osm-w1512526714: Southwood Drive
[12989/16883] osm-w1512527304: Pactolas Road
[12990/16883] osm-w1512527990: Henry Harr Road
[12991/16883] osm-w1512528106: Hideaway Hill Road
[12992/16883] osm-w1512528172: East Mountainview Road
[12993/16883] osm-w1512528381: Pine Ridge Road
[12994/16883] osm-w1512528442: Plainview Drive
[12995/16883] osm-w1512528707: Shelby Street
[12996/16883] osm-w1512529779: Eastport, Cocke County, East Tennessee, Tennessee, 37821, Un
[12997/16883] osm-w1512532072: Tate Trotter Road
[12998/16883] osm-w1512630976: South Main Street
[12999/16883] osm-w1513514283: Jackson Street
[13000/16883] osm-w1513514618: Thornton Road
[13001/16883] osm-w1513515665: Woodlawn Park Road
[13002/16883] osm-w1513529415: Glenrock Drive
[13003/16883] osm-w1513530060: Cedarbrook, Hendersonville, Sumner County, Middle Tennessee,
[13004/16883] osm-w1517627980: Hamilton, Williamson County, Middle Tennessee, Tennessee, 36
[13005/16883] osm-w1517653623: Watt Cemetery Road
[13006/16883] osm-w1520154138: Teasel Drive
[13007/16883] osm-w1524816595: Cordova, Shelby County, West Tennessee, Tennessee, 38139, Un
[13008/16883] osm-w1524986049: Isle Bay Drive
[13009/16883] osm-w1525458473: Pisgah Road South
[13010/16883] osm-w1527571026: Lookout High Street
[13011/16883] osm-w1527571920: Shawhan Road
[13012/16883] osm-w1527573887: Lockwood Heights, Red Bank, Chattanooga, Hamilton County, Ea
[13013/16883] osm-w1527576592: Wisteria Drive
[13014/16883] osm-w1527576889: Bay Pointe Drive
[13015/16883] osm-w1528344901: Scenic Drive
[13016/16883] osm-w1534736542: Memphis Avenue
[13017/16883] osm-w1541099775: West Big Bell Loop
[13018/16883] osm-w1551595408: Gaston Avenue
[13019/16883] osm-w1553152663: Griffie Lane
[13020/16883] osm-w1553152710: Grassland Estates, Williamson County, Middle Tennessee, Tenn
[13021/16883] osm-w1553154606: Cunningham Street
[13022/16883] osm-r13814887: Robertsville, Oak Ridge, Anderson County, East Tennessee, Te
[13023/16883] osm-w31062094: Austin, Travis County, Texas, 78731, United States
[13024/16883] osm-w39604229: Veterans Memorial Parkway
[13025/16883] osm-w49499325: Ella Lee Lane
[13026/16883] osm-w84595038: Victory Lane
[13027/16883] osm-w93627756: Sealy, Austin County, Texas, 77474, United States
[13028/16883] osm-w99729752: Blinn Boulevard
[13029/16883] osm-w105607628: US 90
[13030/16883] osm-w115652157: Coral Chase Court
[13031/16883] osm-w134655156: Avenue H
[13032/16883] osm-w134915665: Derby Drive
[13033/16883] osm-w139743178: Lunar Landing
[13034/16883] osm-w140353166: Padre Boulevard
[13035/16883] osm-w148399111: San Angelo, Tom Green County, Texas, 76908, United States
[13036/16883] osm-w169364654: Edwin Lewis Drive
[13037/16883] osm-w175541583: West Crawford Street
[13038/16883] osm-w183938024: Portwest Drive
[13039/16883] osm-w191265971: Cantana Court
[13040/16883] osm-w192346058: Gattis School Road
[13041/16883] osm-w192346731: Elm Street
[13042/16883] osm-w192469860: East Evans Road
[13043/16883] osm-w192676002: West College Avenue
[13044/16883] osm-w195810721: Knight's Way
[13045/16883] osm-w197232475: Bay Oaks Boulevard
[13046/16883] osm-w209720761: Spring Court
[13047/16883] osm-w210477649: Vinewood Lane
[13048/16883] osm-w216514150: Larkwood Lane
[13049/16883] osm-w216567918: North Kensington Drive
[13050/16883] osm-w217703483: Micheline Circle
[13051/16883] osm-w221298678: Drive K
[13052/16883] osm-w221516857: Lee Street
[13053/16883] osm-w222241003: Turtle Creek Boulevard
[13054/16883] osm-w222939451: Miramar Avenue
[13055/16883] osm-w223455561: Saint Paul Drive
[13056/16883] osm-w223912707: Dallas North Tollway
[13057/16883] osm-w227580309: Douglas Avenue
[13058/16883] osm-w227580310: Jourdan Way
[13059/16883] osm-w227580347: Deloache Avenue
[13060/16883] osm-w227580364: Woodland Drive
[13061/16883] osm-w227580368: Douglas Avenue
[13062/16883] osm-w227580370: Dallas North Tollway
[13063/16883] osm-w227580372: Dallas North Tollway
[13064/16883] osm-w228438207: Lakehurst Avenue
[13065/16883] osm-w237758426: Rodeo Drive
[13066/16883] osm-w250577656: Mustang Drive
[13067/16883] osm-w260329375: Linden Drive
[13068/16883] osm-w260801785: Kings Court
[13069/16883] osm-w262283389: Adrian Barnes Drive
[13070/16883] osm-w262407035: End O Trail
[13071/16883] osm-w262570039: Stadium Road
[13072/16883] osm-w262616341: Morgan's Point Boulevard
[13073/16883] osm-w265890151: Trail Hollow Drive
[13074/16883] osm-w278986312: Kingsland Boulevard
[13075/16883] osm-w288671088: Northaven Trail
[13076/16883] osm-w290285289: Martin Luther King Drive
[13077/16883] osm-w299258367: Sterlingame Drive
[13078/16883] osm-w302481223: Smith Road
[13079/16883] osm-w305033209: Chipman Glen Drive
[13080/16883] osm-w305331313: Lakehill Court
[13081/16883] osm-w305502459: War Memorial Drive
[13082/16883] osm-w318423884: Brenda Drive
[13083/16883] osm-w320182271: La Cantera Terrace
[13084/16883] osm-w320475980: Mars Drive
[13085/16883] osm-w335887753: Whisper Wind Drive
[13086/16883] osm-w338156675: Canonade Drive
[13087/16883] osm-w338999854: Parkway Lakes Lane
[13088/16883] osm-w348438151: River Road
[13089/16883] osm-w350953295: Inwood Road
[13090/16883] osm-w350966502: Meaders Lane
[13091/16883] osm-w350966514: Waller Drive
[13092/16883] osm-w359449552: 1873 South
[13093/16883] osm-w362275118: Barnard Avenue
[13094/16883] osm-w364281558: Brays Bayou Greenway
[13095/16883] osm-w366575069: West Thorn Street
[13096/16883] osm-w374812555: Willow Heights Court
[13097/16883] osm-w376393760: Telge Road
[13098/16883] osm-w376921708: General Bond Court
[13099/16883] osm-w383844890: East 5th Avenue
[13100/16883] osm-w387024910: Plum Valley Drive
[13101/16883] osm-w390457133: Bratten Lane
[13102/16883] osm-w390815636: Park Road
[13103/16883] osm-w391805825: West 5th Street
[13104/16883] osm-w392705905: East Beach Drive
[13105/16883] osm-w395345316: West Millican Street
[13106/16883] osm-w403516010: Landing Lane
[13107/16883] osm-w410824611: Dowlen Road
[13108/16883] osm-w419256565: Amaranth Drive
[13109/16883] osm-w420334412: Chatham Avenue
[13110/16883] osm-w426664985: Central City Boulevard
[13111/16883] osm-w427116098: South Briar Knoll Drive
[13112/16883] osm-w430482064: Potter County, Texas, 79111, United States
[13113/16883] osm-w430482070: Potter County, Texas, 79111, United States
[13114/16883] osm-w430925967: Harry Street
[13115/16883] osm-w437519488: West Sam Houston Parkway South
[13116/16883] osm-w444361236: Beamer Road
[13117/16883] osm-w449016964: Valencia Drive
[13118/16883] osm-w449016966: Rainier Road
[13119/16883] osm-w450064896: Farm-to-Market Road 50
[13120/16883] osm-w451362266: South Wimbledon Drive
[13121/16883] osm-w451390713: East 16th Street
[13122/16883] osm-w451470067: East 16th Street
[13123/16883] osm-w451804269: Plano, Collin County, Texas, 79093, United States
[13124/16883] osm-w454362153: Crusader Way
[13125/16883] osm-w458919197: Gillespie County, Texas, United States
[13126/16883] osm-w461502988: Brentwood Drive
[13127/16883] osm-w464248537: Jogging Trail
[13128/16883] osm-w464928258: Brays Bayou Greenway
[13129/16883] osm-w473436794: Freestone County
[13130/16883] osm-w474477067: Harrison County, Texas, 75661, United States
[13131/16883] osm-w479537525: Dawn Spring Drive
[13132/16883] osm-w479752244: Lobo Lane
[13133/16883] osm-w479790267: San Miguel Drive
[13134/16883] osm-w479791038: San Joaquin Parkway
[13135/16883] osm-w480459562: San Miguel Drive
[13136/16883] osm-w483460954: Berkshire Manor Lane
[13137/16883] osm-w487071745: Old Marlin Road
[13138/16883] osm-w488674929: North High Street
[13139/16883] osm-w490815400: Holly Trail East
[13140/16883] osm-w492082445: Oak Creek Drive
[13141/16883] osm-w498171415: Brays Bayou Greenway
[13142/16883] osm-w501729914: Doris Miller Circle
[13143/16883] osm-w503245690: Miller Road
[13144/16883] osm-w515539111: Stewart Road
[13145/16883] osm-w520267866: Pearland Parkway
[13146/16883] osm-w520613394: Green Trail Drive
[13147/16883] osm-w520636844: Tropicana Drive
[13148/16883] osm-w520790974: Country Club Drive
[13149/16883] osm-w521781372: North Bear Creek Drive
[13150/16883] osm-w521842737: Lee Road
[13151/16883] osm-w521924616: Airstream Drive
[13152/16883] osm-w522422060: Snowgoose Road
[13153/16883] osm-w522422085: Fox Trot Drive
[13154/16883] osm-w522422277: Gulfspray Avenue
[13155/16883] osm-w522802343: Mazur Drive
[13156/16883] osm-w522802435: Nottingham Lane
[13157/16883] osm-w524201404: Taft, San Patricio County, Texas, 78390, United States
[13158/16883] osm-w525504885: Ross Street
[13159/16883] osm-w526340745: Alisa Lane
[13160/16883] osm-w527682702: Kinwest Parkway
[13161/16883] osm-w531593394: Hodge Street
[13162/16883] osm-w533932292: Avenue E North
[13163/16883] osm-w537218250: Watters Branch Creek Trail
[13164/16883] osm-w537479324: Cottonwood Creek North Trail
[13165/16883] osm-w544246406: Ashdown Place
[13166/16883] osm-w544695687: Caldera Boulevard
[13167/16883] osm-w548185553: Bishops Castle Drive
[13168/16883] osm-w548199463: Devonshire Court
[13169/16883] osm-w548201467: Hialeah Drive
[13170/16883] osm-w548201470: Polo Club Road
[13171/16883] osm-w549010722: Barker Cypress Road
[13172/16883] osm-w549192667: Trinity Drive
[13173/16883] osm-w549675199: Godfrey Street
[13174/16883] osm-w553446015: State Highway 163
[13175/16883] osm-w554951853: University Oaks Boulevard
[13176/16883] osm-w556197900: Avenue U
[13177/16883] osm-w558665552: Bates Street
[13178/16883] osm-w562544864: Danley Avenue
[13179/16883] osm-w563628244: East Avenue
[13180/16883] osm-w568335746: Cali Drive
[13181/16883] osm-w569483570: Chatham Green Lane
[13182/16883] osm-w570814159: East Avenue N
[13183/16883] osm-w571470940: Monterrey Drive
[13184/16883] osm-w572220742: Cardinal Lane
[13185/16883] osm-w572502581: Saddle Club Drive
[13186/16883] osm-w572735508: Saddle Club Drive
[13187/16883] osm-w572742673: Santa Anita Lane
[13188/16883] osm-w572948403: Saddle Club, Midland, Midland County, Texas, 79705, United S
[13189/16883] osm-w573787580: Hummingbird Court
[13190/16883] osm-w574090909: Richmond Avenue
[13191/16883] osm-w574220103: Park Hills Drive
[13192/16883] osm-w578689654: Baybrook Court
[13193/16883] osm-w579802239: Kilgore, Rusk County, Texas, 75662, United States
[13194/16883] osm-w583596157: Tiger Drive
[13195/16883] osm-w584471778: Pratt Street
[13196/16883] osm-w585802124: West Buckingham Road
[13197/16883] osm-w589819274: Montgomery County, Texas, 77365, United States
[13198/16883] osm-w590303772: Cypress West Boulevard
[13199/16883] osm-w591677614: Ash Drive
[13200/16883] osm-w592528771: Tiger Lane
[13201/16883] osm-w594520354: US 84
[13202/16883] osm-w600021793: Hornet Way
[13203/16883] osm-w601841279: Hidden Harbor Street
[13204/16883] osm-w602262579: Memorial Thicket, Energy Corridor, Houston, Harris County, T
[13205/16883] osm-w602755135: Memorial Mews Street
[13206/16883] osm-w603524121: Energy Corridor, Houston, Harris County, Texas, 77079, Unite
[13207/16883] osm-w603872790: Georgi Lane
[13208/16883] osm-w606485370: Municipal Drive
[13209/16883] osm-w609035082: Magnolia Trail
[13210/16883] osm-w610231968: Robyne Drive
[13211/16883] osm-w611231335: Dove Place
[13212/16883] osm-w613179877: Six Pines Drive
[13213/16883] osm-w614269087: Rockhill Parkway
[13214/16883] osm-w617929091: FM 1777
[13215/16883] osm-w619933228: Park View Court
[13216/16883] osm-w623970523: Paddock Bend Drive
[13217/16883] osm-w625623341: Emmett Drive
[13218/16883] osm-w626686422: Wullschleger Lane
[13219/16883] osm-w628177111: Avenue E
[13220/16883] osm-w628268113: Mistflower Lane
[13221/16883] osm-w628373211: Redwater Boulevard East
[13222/16883] osm-w628647657: FM 1458
[13223/16883] osm-w633248580: North 6th Street
[13224/16883] osm-w638313799: West Park Avenue
[13225/16883] osm-w638625119: Rockstone Street
[13226/16883] osm-w641125091: West 8th Street
[13227/16883] osm-w642745038: Lockheed Martin Drive
[13228/16883] osm-w643036759: Camp La Junta Way South
[13229/16883] osm-w643671394: 2276 West
[13230/16883] osm-w647201177: Officers Loop East
[13231/16883] osm-w655774975: Miramesa Drive
[13232/16883] osm-w659967395: Hamptonshire Lane
[13233/16883] osm-w660038730: Cinco Trace Drive
[13234/16883] osm-w660881738: County Road 244
[13235/16883] osm-w669606209: West Marcy Drive
[13236/16883] osm-w670514491: Airline Road
[13237/16883] osm-w671906353: North Smith Avenue
[13238/16883] osm-w675660680: Park Lane
[13239/16883] osm-w678280059: White Oak Bayou Hike & Bike Trail
[13240/16883] osm-w686968200: Tiger Drive
[13241/16883] osm-w688979011: Avenue U
[13242/16883] osm-w689688655: West Main Street
[13243/16883] osm-w689814798: West Main Street
[13244/16883] osm-w691285003: North 19th Street
[13245/16883] osm-w694376207: South Lake Shore Drive
[13246/16883] osm-w694434395: Hamilton Circle
[13247/16883] osm-w704387794: Ohio Drive
[13248/16883] osm-w704582946: Finley Road
[13249/16883] osm-w705238500: Rustown Drive
[13250/16883] osm-w707030840: Dilbeck Lane
[13251/16883] osm-w707484086: Idalou Road
[13252/16883] osm-w709001539: Tejas Avenue
[13253/16883] osm-w709813999: Avenue I
[13254/16883] osm-w722731154: Houston Street
[13255/16883] osm-w723247760: Chelsea Harbour
[13256/16883] osm-w727642870: Terra Alta Drive
[13257/16883] osm-w730232932: Hollow Way Road
[13258/16883] osm-w730232933: West Northwest Highway
[13259/16883] osm-w730232934: Dallas North Tollway
[13260/16883] osm-w730232944: Dallas North Tollway
[13261/16883] osm-w730232961: Falls Road
[13262/16883] osm-w730241240: Roxbury Lane
[13263/16883] osm-w730241246: Lennox Lane
[13264/16883] osm-w733757724: North Badger Drive
[13265/16883] osm-w737698394: Carriage House Circle
[13266/16883] osm-w737703386: Harwell Drive
[13267/16883] osm-w742359736: Belmont Drive
[13268/16883] osm-w742359790: Southlake, Tarrant County, Texas, 76092, United States
[13269/16883] osm-w744500325: East Cheyenne Avenue
[13270/16883] osm-w748621606: Sandy Runn
[13271/16883] osm-w755302976: Rose Grove Court
[13272/16883] osm-w758629849: Northcastle
[13273/16883] osm-w759795752: Briaridge Drive
[13274/16883] osm-w760255394: East Main Street
[13275/16883] osm-w762142171: Lindberg Avenue
[13276/16883] osm-w763061736: Farm-to-Market Road 1272
[13277/16883] osm-w763286487: Russ Street
[13278/16883] osm-w764387958: Timber Ridge Drive
[13279/16883] osm-w764390942: Oak Mountain Trail
[13280/16883] osm-w765357914: Desert Sands
[13281/16883] osm-w766571243: Avenue M ½
[13282/16883] osm-w767344359: Trophy Club Drive
[13283/16883] osm-w769805628: Lakeside Lane
[13284/16883] osm-w784116741: Burgoyne Road
[13285/16883] osm-w787780911: Webb
[13286/16883] osm-w789237655: East Park West Drive
[13287/16883] osm-w790880375: County Road 211
[13288/16883] osm-w800771156: Quail Trail
[13289/16883] osm-w800772143: Carriage Hill Drive
[13290/16883] osm-w808823937: East 8th Street
[13291/16883] osm-w815741749: Vanderventer Avenue
[13292/16883] osm-w815760366: Milburn Way
[13293/16883] osm-w815760382: University Avenue
[13294/16883] osm-w817396852: FM 1464
[13295/16883] osm-w818008205: Hickory Valley Lane
[13296/16883] osm-w818159179: West Warhorse Drive
[13297/16883] osm-w821442284: Library Loop Trail
[13298/16883] osm-w823263261: West Greenbriar Lane
[13299/16883] osm-w825616477: Spring Lake Drive
[13300/16883] osm-w832946394: USCG
[13301/16883] osm-w834614623: Elwood Enge Drive
[13302/16883] osm-w839979785: West Road
[13303/16883] osm-w842017351: Par Drive
[13304/16883] osm-w845159990: Millrun Drive
[13305/16883] osm-w845160332: Mason Road
[13306/16883] osm-w845556445: Summit Ridge Drive
[13307/16883] osm-w845608976: Parkhill Forest Drive
[13308/16883] osm-w845857260: Braemore Place
[13309/16883] osm-w845857261: Archdale Drive
[13310/16883] osm-w845857267: Talmadge Lane
[13311/16883] osm-w845857287: Northaven Road
[13312/16883] osm-w845876439: Greenway Park Drive
[13313/16883] osm-w845877446: West Melody Drive
[13314/16883] osm-w846515320: Squireswood Drive
[13315/16883] osm-w848669828: State Highway 26
[13316/16883] osm-w849012599: Webster Terrace
[13317/16883] osm-w849911226: Westwick Road
[13318/16883] osm-w849911243: Lovers Lane
[13319/16883] osm-w849965799: Saint Laurent Place
[13320/16883] osm-w849965800: Cornerstone Parkway
[13321/16883] osm-w851308421: Farmers Branch Lane
[13322/16883] osm-w852201156: D L Vest
[13323/16883] osm-w852546830: Boca Raton Drive
[13324/16883] osm-w852546837: Strait Lane
[13325/16883] osm-w852546844: Royal Lane
[13326/16883] osm-w852546851: Russwood Circle
[13327/16883] osm-w852546884: Hillcrest Road
[13328/16883] osm-w852546903: Highmont Street
[13329/16883] osm-w853033061: Ravine Drive
[13330/16883] osm-w853038783: Chippenham Drive
[13331/16883] osm-w853058369: Jackson Road
[13332/16883] osm-w853058370: Meandering Way
[13333/16883] osm-w855646373: Airpark Lane
[13334/16883] osm-w856158884: Havencreek Court
[13335/16883] osm-w857019969: FM 344
[13336/16883] osm-w860840521: CR 36160
[13337/16883] osm-w872059070: Crystal Creek Drive
[13338/16883] osm-w874558178: Birdsall Street
[13339/16883] osm-w874829016: Sun City Boulevard
[13340/16883] osm-w877614378: Teasley Lane
[13341/16883] osm-w879411689: Shadow Creek Apartment
[13342/16883] osm-w880253235: Wakkana Street
[13343/16883] osm-w881804012: Vosler Loop
[13344/16883] osm-w882620969: Country Club Drive
[13345/16883] osm-w883870355: William Hardee Road
[13346/16883] osm-w884550221: Thomas Broughton Court
[13347/16883] osm-w886324960: Jasper County, Texas, 75931, United States
[13348/16883] osm-w887352350: Sims Bayou Greenway
[13349/16883] osm-w889998370: West Center Street
[13350/16883] osm-w894670197: Bianco Terrace
[13351/16883] osm-w895306186: Cottageview Lane
[13352/16883] osm-w897359318: Glen Springs Trail
[13353/16883] osm-w897522923: Arcadia Court
[13354/16883] osm-w898361880: Mosaico Lane
[13355/16883] osm-w900849809: 17th Street
[13356/16883] osm-w900974676: Cabrera Drive
[13357/16883] osm-w903299979: North 3rd Street
[13358/16883] osm-w903593427: Boulder Lane
[13359/16883] osm-w903755058: Cherokee Run
[13360/16883] osm-w903889526: Whitethorn Court
[13361/16883] osm-w903889529: Fossil Rim Road
[13362/16883] osm-w904150959: Kerr County, Texas, United States
[13363/16883] osm-w904228037: Big View Drive
[13364/16883] osm-w904228038: Lauranne Lane
[13365/16883] osm-w904739896: Guadalupe Street
[13366/16883] osm-w907138254: Sidney Baker Street
[13367/16883] osm-w910638859: Threadneedle Street
[13368/16883] osm-w912161856: River Hills Road
[13369/16883] osm-w912193027: Morgan Hill Trail
[13370/16883] osm-w912209880: Avenue E
[13371/16883] osm-w915624070: Settlers Park, First Colony, Sugar Land, Fort Bend County, T
[13372/16883] osm-w918488599: Camino de la Tierra
[13373/16883] osm-w918488600: Sol Road
[13374/16883] osm-w918488606: Doctor Hugh Emerson Boulevard
[13375/16883] osm-w922924261: Wallisville-Turtle Bayou Road
[13376/16883] osm-w923227217: Bobcat Trail
[13377/16883] osm-w925167130: Commonwealth Boulevard
[13378/16883] osm-w925898361: Breckenridge Street
[13379/16883] osm-w925898362: Fisher Street
[13380/16883] osm-w926019767: Peques Street
[13381/16883] osm-w926426091: Hot Shot Lane
[13382/16883] osm-w926426093: Comal County, Texas, 78132, United States
[13383/16883] osm-w926426101: Rivertree Drive
[13384/16883] osm-w926426515: Farm-to-Market Road 725
[13385/16883] osm-w926426998: 4th Street East
[13386/16883] osm-w926427294: H Street West
[13387/16883] osm-w929085302: Padre Boulevard
[13388/16883] osm-w934241907: Elkins Road
[13389/16883] osm-w937054771: South Laguna Circle
[13390/16883] osm-w955063522: FM 2209
[13391/16883] osm-w956862718: Indian Trail West
[13392/16883] osm-w957708677: Winchester Country Tennis Courts
[13393/16883] osm-w959787434: Wind Springs
[13394/16883] osm-w964809450: Fuqua Street
[13395/16883] osm-w966574907: Lloyd Circle
[13396/16883] osm-w970248101: Highway 283
[13397/16883] osm-w970433897: Royal Way
[13398/16883] osm-w973327227: East Hickory Hill Road
[13399/16883] osm-w975126090: Rochelle Road
[13400/16883] osm-w976525497: FM 1172
[13401/16883] osm-w976817798: Park Drive
[13402/16883] osm-w977409722: FM 145
[13403/16883] osm-w977412076: West 3rd Street
[13404/16883] osm-w983076703: Femoyer Street
[13405/16883] osm-w984696441: Meadow Woods Drive
[13406/16883] osm-w984987244: South Sunset Avenue
[13407/16883] osm-w985404503: Independence Parkway
[13408/16883] osm-w988048002: Hayes Road
[13409/16883] osm-w991743902: Indian Tree Trail
[13410/16883] osm-w997248750: Glasscock Avenue
[13411/16883] osm-w1008173896: South Ammerman Avenue
[13412/16883] osm-w1009712716: North Thorntree Drive
[13413/16883] osm-w1010078269: East 7th Street
[13414/16883] osm-w1015025576: 2nd Street
[13415/16883] osm-w1017300516: Duvall Street
[13416/16883] osm-w1019403232: Royal Road
[13417/16883] osm-w1019542040: East Maple Circle
[13418/16883] osm-w1020188225: East Mead Street
[13419/16883] osm-w1025996481: Rattler Drive
[13420/16883] osm-w1026902877: Dixie Drive
[13421/16883] osm-w1029371493: Cypress Street
[13422/16883] osm-w1030227790: Harper Road
[13423/16883] osm-w1038329223: West Mitchell Road
[13424/16883] osm-w1051559098: Chaney Lane
[13425/16883] osm-w1051758677: Jefferson Street
[13426/16883] osm-w1052773791: Fawn Drive
[13427/16883] osm-w1053822716: Road 1006
[13428/16883] osm-w1055377612: Throckmorton County, Texas, 76483, United States
[13429/16883] osm-w1055377974: North Pettit Street ; Petit Avenue
[13430/16883] osm-w1056769628: Deer Trail Lane
[13431/16883] osm-w1057816489: Nottingham Street
[13432/16883] osm-w1058319920: Garrett Avenue
[13433/16883] osm-w1059979019: Viridian Park Lane
[13434/16883] osm-w1060240480: Alperton Drive
[13435/16883] osm-w1060710888: H E B River Road
[13436/16883] osm-w1060907548: West Goddard Street
[13437/16883] osm-w1062190342: Verano Parkway
[13438/16883] osm-w1062192524: Barker Road
[13439/16883] osm-w1063814700: Gaunt Drive
[13440/16883] osm-w1064119560: Medina County
[13441/16883] osm-w1065100299: Truman Street
[13442/16883] osm-w1070069618: East State Highway 114
[13443/16883] osm-w1070108921: Avenue A
[13444/16883] osm-w1070866823: Houston, Harris County, Texas, 77089, United States
[13445/16883] osm-w1072745723: Robinsons Ferry Road
[13446/16883] osm-w1074116034: Uptown Park Boulevard
[13447/16883] osm-w1076066688: Forest Glen Drive
[13448/16883] osm-w1076275869: El Paseo Street
[13449/16883] osm-w1076691089: Tournament Trail
[13450/16883] osm-w1080489710: Mulberry Lane
[13451/16883] osm-w1080940162: Greenwood Drive
[13452/16883] osm-w1080940165: Prescott Street
[13453/16883] osm-w1092713922: Tiki Drive
[13454/16883] osm-w1094552573: Seneca Drive
[13455/16883] osm-w1098188714: Nueces Court
[13456/16883] osm-w1098474635: San Felipe Street
[13457/16883] osm-w1099440001: Canal Circle Drive
[13458/16883] osm-w1099440004: Real County, Texas, United States
[13459/16883] osm-w1101966442: Hero Trail
[13460/16883] osm-w1103896056: Uvalde County, Texas, 78838, United States
[13461/16883] osm-w1104555883: Wild Basin Road
[13462/16883] osm-w1104555887: Circle Ridge Drive
[13463/16883] osm-w1106451714: Brook Hollow Drive
[13464/16883] osm-w1106495448: Lee Circle
[13465/16883] osm-w1111634097: General Worth Drive
[13466/16883] osm-w1112547023: Riverway Lane
[13467/16883] osm-w1116102520: Parker Road
[13468/16883] osm-w1116158491: Chester Street
[13469/16883] osm-w1116159708: Elizabeth Road
[13470/16883] osm-w1116159714: Azalea Street
[13471/16883] osm-w1116304323: Castlebridge
[13472/16883] osm-w1116320553: Scottys Lake Lane
[13473/16883] osm-w1117066596: South Allen Street
[13474/16883] osm-w1118772185: Stonecreek Village Drive
[13475/16883] osm-w1119060565: Old Blue Lane
[13476/16883] osm-w1119546488: Cypress Plaza Parkway
[13477/16883] osm-w1119566456: Atascocita Shores Drive
[13478/16883] osm-w1119981667: County Road 752
[13479/16883] osm-w1119981989: P R 8755
[13480/16883] osm-w1120229355: Country Club Road
[13481/16883] osm-w1123662736: South Mill Street
[13482/16883] osm-w1132061765: West Bearkat Drive
[13483/16883] osm-w1133758041: Hazel Avenue
[13484/16883] osm-w1135309580: Wyldwood Road
[13485/16883] osm-w1144083886: Allison Lane
[13486/16883] osm-w1146088552: Farm to Market Road 2090
[13487/16883] osm-w1147908822: East School Road
[13488/16883] osm-w1149786887: Crown Ranch Boulevard
[13489/16883] osm-w1152838379: Bandera Drive
[13490/16883] osm-w1156144455: Preston Road
[13491/16883] osm-w1158267723: Southwest Avenue B
[13492/16883] osm-w1159214269: Garden Street
[13493/16883] osm-w1159278546: North Little School Road
[13494/16883] osm-w1163773408: Maple Street
[13495/16883] osm-w1164067180: Eagle Drive
[13496/16883] osm-w1167132789: Potato Smith Road
[13497/16883] osm-w1167357280: Wilhite Drive
[13498/16883] osm-w1173107315: Riverview Drive
[13499/16883] osm-w1173107329: Olympia Drive
[13500/16883] osm-w1174093163: Huebner Road
[13501/16883] osm-w1175790850: United States Highway 77
[13502/16883] osm-w1177733438: Sailmaster Street
[13503/16883] osm-w1181389593: Spanish Oaks Club Boulevard
[13504/16883] osm-w1181524136: Westover Court
[13505/16883] osm-w1182757241: Colony Hill Road
[13506/16883] osm-w1183468475: College Avenue
[13507/16883] osm-w1183513585: North Pecos Street
[13508/16883] osm-w1184110340: Dawn Lane
[13509/16883] osm-w1188274091: Enchanted Drive
[13510/16883] osm-w1188990829: College Street
[13511/16883] osm-w1190079255: Rose Lane
[13512/16883] osm-w1197563859: Twin Ridge Parkway
[13513/16883] osm-w1198435439: Prestonridge Road
[13514/16883] osm-w1198435468: Vendome Place
[13515/16883] osm-w1200943642: Fawn Drive
[13516/16883] osm-w1200943676: Callahan
[13517/16883] osm-w1201446143: Old Shepard Place
[13518/16883] osm-w1202311292: Seven Oaks Road
[13519/16883] osm-w1205077907: North Highway 175
[13520/16883] osm-w1212634774: Meridian Street
[13521/16883] osm-w1213071957: Meyer Road
[13522/16883] osm-w1213071960: Staff Post Road
[13523/16883] osm-w1215765259: Jefferson Drive
[13524/16883] osm-w1216312406: Colorado Bluff
[13525/16883] osm-w1216374622: Pearce Lane
[13526/16883] osm-w1218828923: Moonlight Trace
[13527/16883] osm-w1219369954: Travis County, Texas, 78669, United States
[13528/16883] osm-w1220619277: Del Webb Boulevard
[13529/16883] osm-w1222099667: Shapard Lane
[13530/16883] osm-w1222725300: 17th Street
[13531/16883] osm-w1225173217: Royal Burgess Drive
[13532/16883] osm-w1226575040: North Carroll Avenue
[13533/16883] osm-w1227872482: Parkland Cove
[13534/16883] osm-w1228189584: Medical Complex Drive
[13535/16883] osm-w1228271595: Behrens Parkway
[13536/16883] osm-w1228707677: Shadowbrook Circle
[13537/16883] osm-w1228915407: Turkey Hollow
[13538/16883] osm-w1239420416: Walnut Street
[13539/16883] osm-w1239422185: Pine Court
[13540/16883] osm-w1239422203: Overlook Drive
[13541/16883] osm-w1241867376: Jefferson Avenue
[13542/16883] osm-w1241867757: West 8th Street
[13543/16883] osm-w1241867873: South 1st Street
[13544/16883] osm-w1242204608: Farm to Market Road 944
[13545/16883] osm-w1242206203: Crest View
[13546/16883] osm-w1243757989: Southern Oaks Court
[13547/16883] osm-w1245958218: Jaguar Drive
[13548/16883] osm-w1247422450: Woodleigh Drive
[13549/16883] osm-w1249556879: Bridgefarmer Boulevard
[13550/16883] osm-w1253418877: 1288 East
[13551/16883] osm-w1253419213: Mill Dam Road
[13552/16883] osm-w1253426240: High Lonesome
[13553/16883] osm-w1257175916: Crystal Creek Drive
[13554/16883] osm-w1257178169: Travis County, Texas, 78733, United States
[13555/16883] osm-w1263648540: West 10th Street
[13556/16883] osm-w1264079832: Avenue B
[13557/16883] osm-w1264292573: North 10th Avenue
[13558/16883] osm-w1264368298: Bear Tracks Street
[13559/16883] osm-w1264525924: Far View Cove
[13560/16883] osm-w1264525933: Manana Street
[13561/16883] osm-w1265819966: Rue de St Germaine
[13562/16883] osm-w1265919751: Toro Canyon Road
[13563/16883] osm-w1266092757: Westlake Drive
[13564/16883] osm-w1266200167: Surrey Hill Drive
[13565/16883] osm-w1266200189: Stoneridge Terrace
[13566/16883] osm-w1266200190: Easy Street
[13567/16883] osm-w1266206326: Sundown Parkway
[13568/16883] osm-w1266260713: Brandon Way
[13569/16883] osm-w1266266489: Saint Stephen's School Road
[13570/16883] osm-w1266543729: Barton Point Drive
[13571/16883] osm-w1266769499: Travis County, Texas, 78733, United States
[13572/16883] osm-w1267744349: McKinney Avenue
[13573/16883] osm-w1267903802: Aria Drive
[13574/16883] osm-w1267917732: Forest Way
[13575/16883] osm-w1267917737: Trail of the Woods
[13576/16883] osm-w1267917756: Pool Canyon Cove
[13577/16883] osm-w1267917760: Rocky Ridge Road
[13578/16883] osm-w1267917761: Eck Lane
[13579/16883] osm-w1267917778: Ranch Road 620 North
[13580/16883] osm-w1268715766: 15th Street
[13581/16883] osm-w1269043230: Tealwood
[13582/16883] osm-w1270932607: Avenue G
[13583/16883] osm-w1270939523: South Hickory Street
[13584/16883] osm-w1271848631: D Street
[13585/16883] osm-w1272737378: North Avenue E
[13586/16883] osm-w1272737806: FM 608
[13587/16883] osm-w1272738062: Apache Drive
[13588/16883] osm-w1272738119: Boulder Drive
[13589/16883] osm-w1273111725: Short Avenue
[13590/16883] osm-w1274170988: Mount Bonnell Road
[13591/16883] osm-w1274261252: North 2nd Street
[13592/16883] osm-w1274930339: Turner Lane
[13593/16883] osm-w1277940529: Newton Street
[13594/16883] osm-w1278438450: Cottonwood Road
[13595/16883] osm-w1279247903: Old Highway 20
[13596/16883] osm-w1279777220: Challenger Road
[13597/16883] osm-w1279911016: Blackjack Drivers Lane
[13598/16883] osm-w1280862119: Powder Horn Road
[13599/16883] osm-w1281863161: Courtyard Drive
[13600/16883] osm-w1282011044: Jester Boulevard
[13601/16883] osm-w1282183977: Bulldog Avenue
[13602/16883] osm-w1283627321: Lone Man Overlook
[13603/16883] osm-w1286281685: Cardinal Drive
[13604/16883] osm-w1286611287: South Main Street
[13605/16883] osm-w1286881638: Maxwell Way
[13606/16883] osm-w1287316224: Oak Falls Drive
[13607/16883] osm-w1288119173: Palomino Ridge
[13608/16883] osm-w1288915116: Trail Ridge Drive
[13609/16883] osm-w1289423159: Rabbit Run Circle
[13610/16883] osm-w1289720399: Inverness Drive
[13611/16883] osm-w1289720402: Highlands Boulevard
[13612/16883] osm-w1290051188: Fulshear Bend Drive
[13613/16883] osm-w1290078783: General Williamson Drive
[13614/16883] osm-w1290078787: Windy Harbor Drive
[13615/16883] osm-w1290486536: Caleta Drive
[13616/16883] osm-w1291894366: North Houston Street
[13617/16883] osm-w1292083275: American Drive
[13618/16883] osm-w1292547868: Crest Lake Court
[13619/16883] osm-w1293446613: West Lane
[13620/16883] osm-w1293461459: Maple Street
[13621/16883] osm-w1293465838: US 69;US 287
[13622/16883] osm-w1294872756: West Jackson Street
[13623/16883] osm-w1295077570: Cameron County
[13624/16883] osm-w1297700722: Forest Hills Drive
[13625/16883] osm-w1297742093: Woodcutters Way
[13626/16883] osm-w1297742095: Woodcutters Way
[13627/16883] osm-w1297742104: Mount Bonnell Road
[13628/16883] osm-w1298165654: West Cimarron Hills Trail
[13629/16883] osm-w1298200522: Escala Drive
[13630/16883] osm-w1298226847: Katsura Lane
[13631/16883] osm-w1298795124: Stoneridge Terrace
[13632/16883] osm-w1299333408: North Mustang Street
[13633/16883] osm-w1299531571: RM 1431
[13634/16883] osm-w1299789419: Smokefeather Lane
[13635/16883] osm-w1299795455: East Brand Road
[13636/16883] osm-w1300279637: Kirby Lane
[13637/16883] osm-w1300954936: Stoneleigh Drive
[13638/16883] osm-w1301124342: Shearwater Lane
[13639/16883] osm-w1301350904: Town Court
[13640/16883] osm-w1302059748: South 9th Street
[13641/16883] osm-w1302878293: Saint Lawrence Court
[13642/16883] osm-w1302984184: Eighth Street
[13643/16883] osm-w1303706501: Brookhollow Plaza Drive
[13644/16883] osm-w1304502499: Pleasant Park Passage
[13645/16883] osm-w1304763903: Clubhouse Drive
[13646/16883] osm-w1305755575: North Rogers Street
[13647/16883] osm-w1305990167: Savannah Drive
[13648/16883] osm-w1306249298: Colonial Drive
[13649/16883] osm-w1308297310: Marine Creek Parkway
[13650/16883] osm-w1309501111: Bowie Avenue
[13651/16883] osm-w1309937068: Tarlton Lane
[13652/16883] osm-w1309958748: Wilkes Circle
[13653/16883] osm-w1310493402: Live Oak Circle
[13654/16883] osm-w1310584164: Shore Vista Drive
[13655/16883] osm-w1310637292: Camelback Drive
[13656/16883] osm-w1311120260: Greenshores Drive
[13657/16883] osm-w1311120273: Pearce Road
[13658/16883] osm-w1311388076: Bridge Hill Cove
[13659/16883] osm-w1311388077: Charles Avenue
[13660/16883] osm-w1311764852: Wilson Parke Avenue
[13661/16883] osm-w1312259996: Merrywing Circle
[13662/16883] osm-w1312279045: Ranch Creek Drive
[13663/16883] osm-w1312341343: Prato Place
[13664/16883] osm-w1312449380: Prairie Dog Trail
[13665/16883] osm-w1312619222: Geronimo Street
[13666/16883] osm-w1312619227: Lake Mountain Lane
[13667/16883] osm-w1312627669: Centennial Trail
[13668/16883] osm-w1312627674: Centennial Trail
[13669/16883] osm-w1312659118: Spicewood Springs Road
[13670/16883] osm-w1312662044: Spicewood Springs Road
[13671/16883] osm-w1313097529: Bennett Road
[13672/16883] osm-w1313098246: Glenwest Drive
[13673/16883] osm-w1313098313: El Dorado Boulevard
[13674/16883] osm-w1313098500: Seabrook, Harris County, Texas, 77586, United States
[13675/16883] osm-w1313098744: Norcross Lane
[13676/16883] osm-w1313099080: Lost Forest Drive
[13677/16883] osm-w1313141041: Tall Oaks Street
[13678/16883] osm-w1313141084: Court Drive
[13679/16883] osm-w1313141394: Winnie, Chambers County, Texas, 77661, United States
[13680/16883] osm-w1313141426: 6th Street
[13681/16883] osm-w1313141458: Ball Street - Avenue H
[13682/16883] osm-w1313624683: Covewood Circle
[13683/16883] osm-w1313624881: Branchcrest Circle
[13684/16883] osm-w1313817692: Penelope Circle
[13685/16883] osm-w1313879030: Rustic Rock Drive
[13686/16883] osm-w1314255234: Bilboa Drive
[13687/16883] osm-w1314940040: Tierra Drive
[13688/16883] osm-w1314955937: Hall
[13689/16883] osm-w1314956537: T Bar M Drive
[13690/16883] osm-w1315287207: West Rayford Road
[13691/16883] osm-w1315349216: North Rim Drive
[13692/16883] osm-w1315353456: Ledge Mountain Drive
[13693/16883] osm-w1316379927: Oak Hill Road
[13694/16883] osm-w1316938396: Hillside Avenue
[13695/16883] osm-w1317399218: A Lane
[13696/16883] osm-w1317575672: Saint Edward's Drive
[13697/16883] osm-w1317619656: West Lyndale
[13698/16883] osm-w1317639727: Wayside Drive
[13699/16883] osm-w1318153793: School Street
[13700/16883] osm-w1318153809: Funtier Lane
[13701/16883] osm-w1318988884: County Road 307
[13702/16883] osm-w1319312984: Oakland Hills Drive
[13703/16883] osm-w1319367711: Champions Drive
[13704/16883] osm-w1320131078: River Oaks Drive
[13705/16883] osm-w1320432768: Old Hewitt Road
[13706/16883] osm-w1321427804: Springwood Road
[13707/16883] osm-w1321434364: Bunker Ranch Boulevard
[13708/16883] osm-w1321480266: FM 1049
[13709/16883] osm-w1321582074: Peek Road
[13710/16883] osm-w1321586179: Stockdick School Road
[13711/16883] osm-w1321723237: Didgeridoo Trail
[13712/16883] osm-w1321723571: FM 306
[13713/16883] osm-w1321723837: Aquarena Springs Drive
[13714/16883] osm-w1321724993: Link Road
[13715/16883] osm-w1321725356: Park Heights Drive
[13716/16883] osm-w1321775704: Sand Pebble
[13717/16883] osm-w1321775842: Wurzbach Parkway
[13718/16883] osm-w1321824837: Brazoswood Drive
[13719/16883] osm-w1322368306: Bell Springs Road
[13720/16883] osm-w1322413178: Gilbreath Drive
[13721/16883] osm-w1323010677: Winters Mill Parkway
[13722/16883] osm-w1323195744: Rocky River Ranch Road
[13723/16883] osm-w1323238134: Boot Ranch Circle
[13724/16883] osm-w1323257039: Golf Course Road
[13725/16883] osm-w1323264945: Woodcreek Circle
[13726/16883] osm-w1323427577: Golds Road
[13727/16883] osm-w1323427579: Jacobs Well Ranch Road
[13728/16883] osm-w1323650382: Allegheny Court
[13729/16883] osm-w1323912605: Hays County, Texas, United States
[13730/16883] osm-w1324457638: Misty Glade
[13731/16883] osm-w1324858471: Jesse Guerrero
[13732/16883] osm-w1324864844: Post Oak Hill
[13733/16883] osm-w1326262889: Elizabeth Ann Court
[13734/16883] osm-w1326270103: State Highway 173 North
[13735/16883] osm-w1326669835: La Playa
[13736/16883] osm-w1326669842: North Station Street
[13737/16883] osm-w1327056842: Northern Street
[13738/16883] osm-w1328253056: Westplace Drive
[13739/16883] osm-w1328922791: Padre Boulevard
[13740/16883] osm-w1329069027: Juarez Street
[13741/16883] osm-w1329889332: Taylor County, Texas, 79530, United States
[13742/16883] osm-w1329889401: West US Highway 69
[13743/16883] osm-w1329889449: Sun Ridge Road
[13744/16883] osm-w1329889453: Pecan Street
[13745/16883] osm-w1330033507: Gladys Avenue
[13746/16883] osm-w1330033509: Harrison Avenue
[13747/16883] osm-w1330221420: Wildcat Drive
[13748/16883] osm-w1330306216: North Ben Wilson Street
[13749/16883] osm-w1330425062: Expressway 83
[13750/16883] osm-w1330516506: Broadway Street
[13751/16883] osm-w1330569496: Eagle Drive
[13752/16883] osm-w1331157273: Trails Of Katy Lane
[13753/16883] osm-w1331160096: Kingsland Boulevard
[13754/16883] osm-w1331846600: Teague, Freestone County, Texas, 75860, United States
[13755/16883] osm-w1332847014: West Juanita Avenue
[13756/16883] osm-w1332847022: West Fayette Avenue
[13757/16883] osm-w1332847456: Alamo Street
[13758/16883] osm-w1332848374: Blum Street
[13759/16883] osm-w1332850711: Río Road
[13760/16883] osm-w1332850752: Farm-to-Market Road 1665
[13761/16883] osm-w1332850948: County Road 6717
[13762/16883] osm-w1333150001: West Evans Street
[13763/16883] osm-w1333150070: West Division Street
[13764/16883] osm-w1333150164: Dodson Street
[13765/16883] osm-w1333150177: Fred Couples Drive
[13766/16883] osm-w1333150253: South Waco Street
[13767/16883] osm-w1333150367: Tiger Lane
[13768/16883] osm-w1333150596: South Katy Drive
[13769/16883] osm-w1333150671: 34th Street Northwest
[13770/16883] osm-w1333150844: Riveria Drive
[13771/16883] osm-w1333163444: North 10th Street
[13772/16883] osm-w1333164307: Chulan Pass Drive
[13773/16883] osm-w1333165023: Private Road
[13774/16883] osm-w1333165403: Henderson Pass
[13775/16883] osm-w1333165579: Pebble Height Street
[13776/16883] osm-w1333165731: Thousand Oaks Drive
[13777/16883] osm-w1333166904: Ramblewood Street
[13778/16883] osm-w1333167111: Old Boerne Road
[13779/16883] osm-w1333167461: Rolling Creek Road
[13780/16883] osm-w1333167764: Old Lockwood Road
[13781/16883] osm-w1333167927: Wheelock Street
[13782/16883] osm-w1333168507: West 24th Street
[13783/16883] osm-w1333171984: Pecan Reserve Lane
[13784/16883] osm-w1333172447: Coles Canyon
[13785/16883] osm-w1333172945: Ginter Lane
[13786/16883] osm-w1333173666: Raven View Drive
[13787/16883] osm-w1333174210: Eagle Drive
[13788/16883] osm-w1333174523: East Bernard Street
[13789/16883] osm-w1333175114: Hackberry Street
[13790/16883] osm-w1333176651: FM 350 South
[13791/16883] osm-w1333176935: West Live Oak
[13792/16883] osm-w1333185203: West Warner Avenue
[13793/16883] osm-w1333185914: North 2nd Street
[13794/16883] osm-w1333186210: Brown County, Texas, United States
[13795/16883] osm-w1333187723: West 11th Street
[13796/16883] osm-w1333188313: Simmons Avenue
[13797/16883] osm-w1333192476: Speegleville Road
[13798/16883] osm-w1333192506: Carriage House Lane
[13799/16883] osm-w1333192562: Woodfall Circle
[13800/16883] osm-w1333192764: Carolinda Drive
[13801/16883] osm-w1333192978: West Jefferson Street
[13802/16883] osm-w1333193833: Country Place Circle
[13803/16883] osm-w1333193897: Lakehill Lane
[13804/16883] osm-w1333421144: FM 1253
[13805/16883] osm-w1333422087: Childress Drive
[13806/16883] osm-w1333422219: Old Jacksonville Highway
[13807/16883] osm-w1333422296: West Grande Boulevard
[13808/16883] osm-w1333422424: Chimney Rock Drive
[13809/16883] osm-w1333422571: Timberwilde Drive
[13810/16883] osm-w1333422577: West Main Street
[13811/16883] osm-w1334284377: North Kenyon Road
[13812/16883] osm-w1334352484: Taurus Street
[13813/16883] osm-w1334517595: Green Valley Lane
[13814/16883] osm-w1335274153: US Highway 259
[13815/16883] osm-w1335583208: FM 2090
[13816/16883] osm-w1335808118: Main Street
[13817/16883] osm-w1336485499: Angelitas
[13818/16883] osm-w1336509805: Michigan Drive
[13819/16883] osm-w1336849342: South Shary Road
[13820/16883] osm-w1336858073: Garden Lane
[13821/16883] osm-w1337599884: West Northgate Lane
[13822/16883] osm-w1338137577: State Highway 118
[13823/16883] osm-w1338506686: Waterstone Drive
[13824/16883] osm-w1338974877: North Ossineke Drive
[13825/16883] osm-w1339126704: Good Water Trail Loop
[13826/16883] osm-w1339614780: West Spinner Road
[13827/16883] osm-w1339615308: Josey Lane
[13828/16883] osm-w1339615747: Yorkstown Drive
[13829/16883] osm-w1339616733: Henderson County, Texas, United States
[13830/16883] osm-w1339617132: South Bay Drive
[13831/16883] osm-w1339617627: Deerridge Road
[13832/16883] osm-w1339746494: Kipling Drive
[13833/16883] osm-w1339757947: Barker Cypress Road
[13834/16883] osm-w1340834845: Wolf Lane
[13835/16883] osm-w1340840679: Sunrise Road
[13836/16883] osm-w1341311466: North 5th Street
[13837/16883] osm-r21041999: Blackhawk
[13838/16883] osm-w1342202647: Tomahawk Trail
[13839/16883] osm-w1342202649: Tomahawk Trail
[13840/16883] osm-w1342202651: Mint Trail Drive
[13841/16883] osm-w1342202654: Mint Trail Drive
[13842/16883] osm-w1342202655: Tomahawk Trail
[13843/16883] osm-w1342202657: Limestone Creek
[13844/16883] osm-w1342202658: Treasure Trail Drive
[13845/16883] osm-w1342202665: Courtside Circle
[13846/16883] osm-w1342208281: Walker Ranch
[13847/16883] osm-r21042016: Private Road
[13848/16883] osm-w1342208292: Estate Lane
[13849/16883] osm-w1342208295: Tower Drive
[13850/16883] osm-w1342208296: Tower Drive
[13851/16883] osm-w1342208297: Cherokee Lane
[13852/16883] osm-w1342208298: Crest Trail
[13853/16883] osm-w1342208300: Cabin Path Street
[13854/16883] osm-w1342208302: Hill Country Lane
[13855/16883] osm-w1342208303: Ashin Way
[13856/16883] osm-w1342208304: Village Knoll
[13857/16883] osm-w1342208305: Village Circle
[13858/16883] osm-w1342208306: Village Circle
[13859/16883] osm-w1342208307: Mint Trail Drive
[13860/16883] osm-w1342208309: Axis Trail
[13861/16883] osm-w1342210300: Greenwood Oaks Drive
[13862/16883] osm-w1342210305: Mesa Verde Drive
[13863/16883] osm-w1342282691: Costa Mesa Circle
[13864/16883] osm-w1342480346: Gardner Road
[13865/16883] osm-w1342502496: 2228 West
[13866/16883] osm-w1344335663: North Rio Street
[13867/16883] osm-w1346662589: Clear Brook Cove
[13868/16883] osm-w1346908466: Austin Avenue
[13869/16883] osm-w1346916649: Falcon Drive
[13870/16883] osm-w1347066211: Main Street
[13871/16883] osm-w1347418913: Rose Road
[13872/16883] osm-w1347579261: South Tower Drive
[13873/16883] osm-w1347579263: South Tower Drive
[13874/16883] osm-w1347579269: Tomahawk Trail
[13875/16883] osm-w1347579270: Tower Drive
[13876/16883] osm-w1347579271: Limestone Creek
[13877/16883] osm-w1347580192: Trailway Park Street
[13878/16883] osm-w1347584547: Cross Canyon
[13879/16883] osm-w1347584566: Maltsberger Lane
[13880/16883] osm-w1348023446: Country Lane
[13881/16883] osm-w1348039398: Willow Oak
[13882/16883] osm-w1350007851: Curry Lane
[13883/16883] osm-w1350179049: Park Circle
[13884/16883] osm-w1350691768: Hackberry Road
[13885/16883] osm-w1353052765: 7th Street
[13886/16883] osm-w1353052767: Jess Pirtle Boulevard
[13887/16883] osm-w1353806186: Kings Grant Drive
[13888/16883] osm-w1353806188: Algerita Drive
[13889/16883] osm-w1353806190: Parman Place
[13890/16883] osm-w1353806201: Sinsonte Haven Street
[13891/16883] osm-w1353806202: Callaghan Road
[13892/16883] osm-w1353806204: Lazy Hollow Street
[13893/16883] osm-w1354339318: Rio Vista Road South
[13894/16883] osm-w1354604744: Urban Road
[13895/16883] osm-w1354731829: FM 3433
[13896/16883] osm-w1355431006: Sunshine Road
[13897/16883] osm-w1355449354: Jamestown Lane
[13898/16883] osm-w1355458775: Old Mill Road
[13899/16883] osm-w1355459119: Country Square Drive
[13900/16883] osm-w1355459313: High Point Drive
[13901/16883] osm-w1355459474: Meadow Drive
[13902/16883] osm-w1355500956: Harper Landing
[13903/16883] osm-w1355501090: Susan Circle
[13904/16883] osm-w1355501221: Whetstone Street
[13905/16883] osm-w1355502004: Wilpitz Road
[13906/16883] osm-w1355502605: Fondren Grove Drive
[13907/16883] osm-w1355503753: Cumberland Drive
[13908/16883] osm-w1355504523: Beech Street
[13909/16883] osm-w1355504777: Quail Shot Drive
[13910/16883] osm-w1355504834: Quail Glen Drive
[13911/16883] osm-w1355566199: Westwood East
[13912/16883] osm-w1356670389: Waldron Road
[13913/16883] osm-w1357571071: North 13th Street
[13914/16883] osm-w1357586894: Hidden Springs Circle
[13915/16883] osm-w1357623053: Quorum Drive
[13916/16883] osm-w1357866849: Russel Park Road
[13917/16883] osm-w1357886273: West Colorado Street
[13918/16883] osm-w1357886278: West Medina Street
[13919/16883] osm-w1359122430: Resort Parkway
[13920/16883] osm-w1359382633: Hilltop Lodge Drive
[13921/16883] osm-w1359453633: Grosbeak Drive
[13922/16883] osm-w1359638489: Del Monte Drive
[13923/16883] osm-w1359721185: Turtle Creek Drive
[13924/16883] osm-w1359968600: Preston Country Lane
[13925/16883] osm-w1360804970: Durham Loop
[13926/16883] osm-w1361862895: Laurel Trail
[13927/16883] osm-w1363445256: West Thompson Street
[13928/16883] osm-w1364568071: Island Park Drive
[13929/16883] osm-w1364857039: Lone Star Circle
[13930/16883] osm-w1364902283: Raintree Place
[13931/16883] osm-w1365676230: Creek Hollow Drive
[13932/16883] osm-w1365815563: Ashwood Lane
[13933/16883] osm-w1367335340: Whitehill Lane
[13934/16883] osm-w1367664090: Green Hill Drive
[13935/16883] osm-w1368137295: South Bryan Street
[13936/16883] osm-w1373213379: Redbird Lane
[13937/16883] osm-w1373213384: Countess Adria Street
[13938/16883] osm-w1373408650: Travis Street
[13939/16883] osm-w1374442895: Highway 360
[13940/16883] osm-w1375143235: Ranch Road 165
[13941/16883] osm-w1375143254: Loop 165
[13942/16883] osm-w1375181224: Walnut Street
[13943/16883] osm-w1375325625: Matzig Cove
[13944/16883] osm-w1375325634: Westview Trail
[13945/16883] osm-w1375325642: Young Lane
[13946/16883] osm-w1375325649: Overlook Pass
[13947/16883] osm-w1376319850: Sunset Trail
[13948/16883] osm-w1377690315: Stadium Street
[13949/16883] osm-w1379182024: Burlington Drive
[13950/16883] osm-w1379209271: Kenedy County, Texas, United States
[13951/16883] osm-w1380108538: Willacy County
[13952/16883] osm-w1380296863: East Crafton Street
[13953/16883] osm-w1383003844: Wilson County
[13954/16883] osm-w1383032099: La Mancha Drive
[13955/16883] osm-w1383216382: Liberty Drive
[13956/16883] osm-w1383288293: Whiteley Street
[13957/16883] osm-w1383584564: East Beach Drive
[13958/16883] osm-w1383601689: Skyline Boulevard
[13959/16883] osm-w1383620660: Sutton Place
[13960/16883] osm-w1384098843: Dreamwood Drive
[13961/16883] osm-w1384343783: Wild Basin Road
[13962/16883] osm-w1384658008: Canyon Ranch Trail
[13963/16883] osm-w1384922395: Edwards Street
[13964/16883] osm-w1385623149: Sunshine Strip
[13965/16883] osm-w1385623165: Hidden Valley Drive
[13966/16883] osm-w1387365817: Pescado Circle
[13967/16883] osm-w1387800397: Island Loop
[13968/16883] osm-w1387830190: Snailbrook
[13969/16883] osm-w1388058978: Habenicht Fischer Road
[13970/16883] osm-w1388085818: Las Flores Drive
[13971/16883] osm-w1388098882: East Debbie Lane
[13972/16883] osm-w1389343596: Moss Drive
[13973/16883] osm-w1389343599: Sunflower Lane
[13974/16883] osm-w1389343600: Grey Oak Drive
[13975/16883] osm-w1389412207: Single Peak
[13976/16883] osm-w1389553696: Timberline Drive
[13977/16883] osm-w1389589480: Mansion Court
[13978/16883] osm-w1389653626: Ranch Road 337
[13979/16883] osm-w1389921974: Lightstone Drive
[13980/16883] osm-w1390500361: Smithson Valley Road
[13981/16883] osm-w1391240786: Running Springs
[13982/16883] osm-w1391848622: Forest Waters Circle
[13983/16883] osm-w1391848633: Schoenthal Road
[13984/16883] osm-w1391856104: El Sendero Street
[13985/16883] osm-w1392745652: Bus Lane
[13986/16883] osm-w1393278059: Wurzbach Road
[13987/16883] osm-w1393682841: Juanita Street
[13988/16883] osm-w1394472813: Bungalow Avenue
[13989/16883] osm-w1408453494: Willow Run
[13990/16883] osm-w1409305486: Steeple Way Boulevard
[13991/16883] osm-w1410357064: PSJA Bears Trail
[13992/16883] osm-w1410434238: McAllen, Hidalgo County, Texas, 78503, United States
[13993/16883] osm-w1410474155: Wichita Avenue
[13994/16883] osm-w1412120785: Midway Drive
[13995/16883] osm-w1412214806: Encanto Street
[13996/16883] osm-w1412285408: Guadalupe Drive
[13997/16883] osm-w1412310351: Gallup Trail South
[13998/16883] osm-w1412415454: Acoma Trail
[13999/16883] osm-w1413449519: State Highway 39
[14000/16883] osm-w1413597391: FM 771
[14001/16883] osm-w1413797471: Diez Osos Trail Southwest
[14002/16883] osm-w1413976651: Paseo del Lago
[14003/16883] osm-w1414067457: Kerr County
[14004/16883] osm-w1414273153: State Highway 39
[14005/16883] osm-w1414273154: State Highway 39
[14006/16883] osm-w1414273155: State Highway 39
[14007/16883] osm-w1414279234: Guest Lodge Road
[14008/16883] osm-w1414279243: 2019 Southwest
[14009/16883] osm-w1414279246: 2025 Southwest
[14010/16883] osm-w1414279267: Sam Houston Drive South
[14011/16883] osm-w1414284821: Tegner Ranch Road
[14012/16883] osm-w1414284828: State Highway 39
[14013/16883] osm-w1414284830: State Highway 39
[14014/16883] osm-w1414284832: Delgatie
[14015/16883] osm-w1414284835: State Highway 39
[14016/16883] osm-w1414284839: Heart Lodge Path Southwest
[14017/16883] osm-w1414286840: Comanche Trace Drive
[14018/16883] osm-w1414298723: Camp La Junta Way South
[14019/16883] osm-w1414307069: Kerr County, Texas, United States
[14020/16883] osm-w1414332954: Bandera Highway
[14021/16883] osm-w1414332961: I 10
[14022/16883] osm-w1414332970: Nimitz Road
[14023/16883] osm-w1414445279: Honey Creek Road
[14024/16883] osm-w1414445283: Summer Dreams Road West
[14025/16883] osm-w1414463807: 2040 Southwest
[14026/16883] osm-w1414470008: Kerr County
[14027/16883] osm-w1414479005: Kickaboo Camp Road
[14028/16883] osm-w1414493082: 1973 South
[14029/16883] osm-w1414513052: Kerr County, Texas, 78029, United States
[14030/16883] osm-w1414513082: Saint Mark Path
[14031/16883] osm-w1414522728: Lehmann Drive
[14032/16883] osm-w1414683729: Pass Creek Road East
[14033/16883] osm-w1414758517: Echo Hill Road South
[14034/16883] osm-w1414934669: Hill Lane West
[14035/16883] osm-w1414971974: 2122 West
[14036/16883] osm-w1415595470: Hornet Drive
[14037/16883] osm-w1415962203: West Airfield Drive
[14038/16883] osm-w1416117632: Hideaway Circle West
[14039/16883] osm-w1416337263: 1st Street
[14040/16883] osm-w1416591804: Meacham Road
[14041/16883] osm-w1416593320: Senate Avenue
[14042/16883] osm-w1416593588: West Tidwell Road
[14043/16883] osm-w1416627450: Bluebonnet Drive
[14044/16883] osm-w1417035672: Cherry Lane
[14045/16883] osm-w1417414946: Dawning Court
[14046/16883] osm-w1417414947: Midwood Parkway
[14047/16883] osm-w1417414948: Streamside Drive
[14048/16883] osm-w1417414950: Kali Cove
[14049/16883] osm-w1417551265: Lone Mountain Pass
[14050/16883] osm-w1417564792: Canyon Ranch Trail
[14051/16883] osm-w1417564796: Travis County, Texas, United States
[14052/16883] osm-w1417600549: East 5th Street
[14053/16883] osm-w1417930233: Jack Scheffer Road
[14054/16883] osm-w1417940914: Jacket Drive
[14055/16883] osm-w1417942989: Wildcat Drive
[14056/16883] osm-w1418250964: Bayou Glen Road
[14057/16883] osm-w1418252652: Pinewood Circle
[14058/16883] osm-w1418252815: Weigelt Lane
[14059/16883] osm-w1419160460: Carrizo Hill, Dimmit County, Texas, 78834, United States
[14060/16883] osm-w1419656843: Fountain Way
[14061/16883] osm-w1419656846: White Sands Street
[14062/16883] osm-w1419729483: Gulf Boulevard Shared Path
[14063/16883] osm-w1419729484: Gulf Boulevard Shared Path
[14064/16883] osm-w1419729485: Gulf Boulevard Shared Path
[14065/16883] osm-w1419729486: Gulf Circle
[14066/16883] osm-w1419729487: Gulf Boulevard Shared Path
[14067/16883] osm-w1419729494: Padre Boulevard
[14068/16883] osm-w1419729496: Padre Boulevard
[14069/16883] osm-w1419729502: Padre Boulevard
[14070/16883] osm-w1419729507: Gulf Boulevard Shared Path
[14071/16883] osm-w1419729508: Neptune Circle
[14072/16883] osm-w1419743115: Marina Drive
[14073/16883] osm-w1420060622: Bluewater Circle
[14074/16883] osm-w1420231284: Laguna Boulevard
[14075/16883] osm-w1420237335: Laguna Boulevard
[14076/16883] osm-w1420993197: Sunny Circle
[14077/16883] osm-w1421138663: East Canton Road
[14078/16883] osm-w1421358414: Coronado Colonia, Mission, Hidalgo County, Texas, 78573, Uni
[14079/16883] osm-w1421358419: North Glasscock Road
[14080/16883] osm-w1421362549: North 36th Lane
[14081/16883] osm-w1421368211: La Homa Road
[14082/16883] osm-w1421448380: Inwood Drive
[14083/16883] osm-w1421576668: East Mile 2 Road
[14084/16883] osm-w1421617211: North Taylor Road
[14085/16883] osm-w1422123518: McAllen, Hidalgo County, Texas, 78504, United States
[14086/16883] osm-w1422390504: Bowman Avenue
[14087/16883] osm-w1422763505: Peakview Drive
[14088/16883] osm-w1422853291: Mountain Trail
[14089/16883] osm-w1423306289: South McColl Road
[14090/16883] osm-w1423365810: Santa Anna Drive
[14091/16883] osm-w1424248127: Winsong Drive
[14092/16883] osm-w1424264916: East Stillforest Street
[14093/16883] osm-w1424624854: South Tower Drive
[14094/16883] osm-w1424807581: Larga Vista Colonia, Laredo, Webb County, Texas, 78403, Unit
[14095/16883] osm-w1424807710: East Briar Hollow Lane
[14096/16883] osm-w1424807763: San Felipe Street
[14097/16883] osm-w1424807835: Claremont Lane
[14098/16883] osm-w1425065148: Purple Lane
[14099/16883] osm-w1425115610: FM 117
[14100/16883] osm-w1425252283: Eves Lane
[14101/16883] osm-w1425252338: Lechner Road
[14102/16883] osm-w1425252766: Dickson Road
[14103/16883] osm-w1425252852: Bay Court
[14104/16883] osm-w1425253084: Bay Court
[14105/16883] osm-w1425376173: Hatchet Pass Drive
[14106/16883] osm-w1426129807: Wacos Drive
[14107/16883] osm-w1426217949: Champion Way
[14108/16883] osm-w1426429138: Elizabeth Road
[14109/16883] osm-w1426429142: West Brandon
[14110/16883] osm-w1426448198: Driskill Drive
[14111/16883] osm-w1427126963: Tabernacle Road
[14112/16883] osm-w1427755591: Park Road 4 (lvl 2)
[14113/16883] osm-w1428321018: Burnet County, Texas, 76505, United States
[14114/16883] osm-w1430564019: Laughing Dog
[14115/16883] osm-w1430932128: Texas State Highway 100
[14116/16883] osm-w1431252570: County Road 745
[14117/16883] osm-w1431519882: Brady, McCulloch County, Texas, 76825, United States
[14118/16883] osm-w1432368507: County Road 258
[14119/16883] osm-w1432479868: South Lee Street
[14120/16883] osm-w1432485097: Chardonnay Drive
[14121/16883] osm-w1432587320: TX 110
[14122/16883] osm-w1432619602: Aurora Bend Drive
[14123/16883] osm-w1433567481: Rancho Viejo Drive
[14124/16883] osm-w1434139509: Airport Road
[14125/16883] osm-w1434154090: Barton Springs Street
[14126/16883] osm-w1434174992: Bulldog Boulevard
[14127/16883] osm-w1434422822: Von Scheele Drive
[14128/16883] osm-w1434933598: Lake Oak Drive
[14129/16883] osm-w1435124903: Rustlers Butte
[14130/16883] osm-w1435124904: Northwest Military Highway
[14131/16883] osm-w1435151606: Langford Lane
[14132/16883] osm-w1435985168: Adams Court
[14133/16883] osm-w1436255103: Luna Trail
[14134/16883] osm-w1436465122: FM 196
[14135/16883] osm-w1436709718: Summer Place Court
[14136/16883] osm-w1436709788: League City, Galveston County, Texas, 77573, United States
[14137/16883] osm-w1436768721: Santa Monica Street
[14138/16883] osm-w1436943228: Woden, Nacogdoches County, Texas, 75978, United States
[14139/16883] osm-w1441911382: County Road 3005
[14140/16883] osm-w1441928999: High School Drive
[14141/16883] osm-w1442200015: West Nottingham
[14142/16883] osm-w1442200017: Broadway
[14143/16883] osm-w1442340273: Palm Royale Boulevard
[14144/16883] osm-w1442625297: Bay Spring Drive
[14145/16883] osm-w1442714597: Westhaven Drive
[14146/16883] osm-w1442727588: Stribling Drive
[14147/16883] osm-w1442731417: West Airport Boulevard
[14148/16883] osm-w1442742890: Meadow Parkway
[14149/16883] osm-w1442900321: North 3rd Street
[14150/16883] osm-w1443035635: Brangus Road
[14151/16883] osm-w1443253337: Pojo Road
[14152/16883] osm-w1443254411: Grindstone Road
[14153/16883] osm-w1443256168: The Ranch on Possum Kingdom, Palo Pinto County, Texas, 79449
[14154/16883] osm-w1443262595: Edwards Road
[14155/16883] osm-w1443391069: Harbor Haven Street
[14156/16883] osm-w1443438661: East 3rd Street
[14157/16883] osm-w1443438664: Emu Lane
[14158/16883] osm-w1443471013: South Emily Drive
[14159/16883] osm-w1443471017: Seminary Road
[14160/16883] osm-w1443471019: Pearl
[14161/16883] osm-w1443471029: Hughes Ranch Road
[14162/16883] osm-w1443563515: Greenbriar Road
[14163/16883] osm-w1443941128: East Kings Highway
[14164/16883] osm-w1444098143: La Quinta Drive
[14165/16883] osm-w1444560813: North Patton Avenue
[14166/16883] osm-w1444737554: Meadowview Road
[14167/16883] osm-w1444764229: Saint Andrew's Drive
[14168/16883] osm-w1446169160: Sulphur Springs, Hopkins County, Texas, 75482, United States
[14169/16883] osm-w1446585581: Nogales Road
[14170/16883] osm-w1446604535: Milo Lane
[14171/16883] osm-w1446721009: Eisenhauer Road
[14172/16883] osm-w1447132945: Whippoorwill Drive
[14173/16883] osm-w1447224496: Small Hill Street
[14174/16883] osm-w1447224906: Clymer Street
[14175/16883] osm-w1447225867: Ridgecrest Road
[14176/16883] osm-w1447252998: Coronado Drive
[14177/16883] osm-w1447762704: Star Canyon Drive
[14178/16883] osm-w1448041696: East Beach Drive
[14179/16883] osm-w1448041991: Fort Point Road
[14180/16883] osm-w1448043353: Cliff Drive
[14181/16883] osm-w1448209782: Mittmann Circle
[14182/16883] osm-w1449431570: Laurens Place Road
[14183/16883] osm-w1449540677: Blue Diamond
[14184/16883] osm-w1450096198: Baldwin Street
[14185/16883] osm-w1450305026: Bretton Ridge
[14186/16883] osm-w1450305035: Barrington Street
[14187/16883] osm-w1450305047: Barrington Street
[14188/16883] osm-w1451680232: Blue Water Drive
[14189/16883] osm-w1452627841: Fairmont Parkway
[14190/16883] osm-w1452759852: Newcastle Drive
[14191/16883] osm-w1452764122: 15th Street
[14192/16883] osm-w1452795416: Valerie Street
[14193/16883] osm-w1452795433: Egypt Street
[14194/16883] osm-w1452795472: Oleander Street
[14195/16883] osm-w1453460049: Private Road 902
[14196/16883] osm-w1453950492: 5th Avenue North
[14197/16883] osm-w1454028915: West Main Street
[14198/16883] osm-w1454320144: Olympus Boulevard
[14199/16883] osm-w1455611272: Rancho Del Cielo Loop
[14200/16883] osm-w1455778888: Jess Drive
[14201/16883] osm-w1456494440: Jim Bowie Drive
[14202/16883] osm-w1456613499: River Mountain Road
[14203/16883] osm-w1457363573: South Minden Street
[14204/16883] osm-w1457611607: North Sam Houston Parkway East
[14205/16883] osm-w1457611795: Fannett, Jefferson County, Texas, United States
[14206/16883] osm-w1457892741: Northeast 4th Street
[14207/16883] osm-w1457906156: Quarry Creek Road
[14208/16883] osm-w1458538007: FM 1457
[14209/16883] osm-w1458591693: Guettermann Ehler Road
[14210/16883] osm-w1458831530: Eckermann Road
[14211/16883] osm-w1459828747: Hancock Road
[14212/16883] osm-w1459828784: Triton Drive
[14213/16883] osm-w1459855429: Irene Drive
[14214/16883] osm-w1460271857: Ranch Road 473
[14215/16883] osm-w1460290166: Pollys Point
[14216/16883] osm-w1460377916: Signal Hill Road
[14217/16883] osm-w1460590086: Riverforest Drive
[14218/16883] osm-w1460645051: Hays County, Texas, 78619, United States
[14219/16883] osm-w1460850501: Ponderosa Drive
[14220/16883] osm-w1461296093: Appellation
[14221/16883] osm-w1461326839: Flightline Drive
[14222/16883] osm-w1461326851: Park Drive
[14223/16883] osm-w1462375255: Grove Lane
[14224/16883] osm-w1462580903: County Road 444
[14225/16883] osm-w1462882827: Magnolia Ranch Cove
[14226/16883] osm-w1463792084: Wilkins Drive
[14227/16883] osm-w1464198512: Friars Creek
[14228/16883] osm-w1466621787: Moonlight Drive
[14229/16883] osm-w1467152794: Río Grande Drive
[14230/16883] osm-w1467163342: Nebraska Street
[14231/16883] osm-w1467175083: School Road
[14232/16883] osm-w1467175217: 19th Street
[14233/16883] osm-w1467176144: Avenue E
[14234/16883] osm-w1467179592: Boys Ranch, Oldham County, Texas, United States
[14235/16883] osm-w1467180824: Grand Avenue
[14236/16883] osm-w1467182847: Emory Court
[14237/16883] osm-w1467185866: West North 4th Street
[14238/16883] osm-w1467186027: East 15th Street
[14239/16883] osm-w1467186098: Teachers Road
[14240/16883] osm-w1467186367: Klondike, Dawson County, Texas, United States
[14241/16883] osm-w1467189048: 4th Street
[14242/16883] osm-w1467473060: Chalford Drive
[14243/16883] osm-w1467896307: La Granada Drive
[14244/16883] osm-w1467927569: Clear Fork Drive
[14245/16883] osm-w1467928536: Pintail Drive
[14246/16883] osm-w1467930115: Clarion Drive
[14247/16883] osm-w1468524130: Newberg Road
[14248/16883] osm-w1469246789: Corpus Christi Beach Road
[14249/16883] osm-w1469306467: New Rincon Road
[14250/16883] osm-w1469329360: North Bank Street
[14251/16883] osm-w1469329898: Horton Lane
[14252/16883] osm-w1469329998: Perimeter Road
[14253/16883] osm-w1469330009: East Tips Street
[14254/16883] osm-w1469330247: West Saint Mary's Street
[14255/16883] osm-w1469330317: Kasten Avenue
[14256/16883] osm-w1469330497: Stadium Drive
[14257/16883] osm-w1469330632: Stadium Drive
[14258/16883] osm-w1469331150: East Airline Road
[14259/16883] osm-w1469358672: Lacewood Lane
[14260/16883] osm-w1470147084: North Avenue E
[14261/16883] osm-w1470147551: Miracle Drive
[14262/16883] osm-w1470147810: FM 616
[14263/16883] osm-w1470148649: Heights Loop
[14264/16883] osm-w1470148739: Woodcombe Drive
[14265/16883] osm-w1470158072: Bonham Street
[14266/16883] osm-w1470158240: Woodlawn Drive
[14267/16883] osm-w1470159049: Fort Griffin Avenue
[14268/16883] osm-w1470159169: Tennis Court
[14269/16883] osm-w1470159173: Cultus Street
[14270/16883] osm-w1470279777: Scanlin Road
[14271/16883] osm-w1470392558: Avenue C
[14272/16883] osm-w1470392861: Texas Drive
[14273/16883] osm-w1470393040: Delaware Road
[14274/16883] osm-w1470393245: South 3rd Street
[14275/16883] osm-w1470393360: North Mockingbird Lane
[14276/16883] osm-w1470394244: Vernon, Wilbarger County, Texas, 76384, United States
[14277/16883] osm-w1470395162: West College Street
[14278/16883] osm-w1470400890: Park Place
[14279/16883] osm-w1470403729: Martin Luther King Jr Boulevard
[14280/16883] osm-w1470404792: Cypress Bend Drive
[14281/16883] osm-w1470405101: US 69;US 287
[14282/16883] osm-w1470407064: French Road
[14283/16883] osm-w1470407697: Kansas Avenue South
[14284/16883] osm-w1470410834: Merriman Street
[14285/16883] osm-w1470411027: Avenue B
[14286/16883] osm-w1471080801: Larchmont Road
[14287/16883] osm-w1471080808: Del Monte Drive
[14288/16883] osm-w1471080820: Willowick Road
[14289/16883] osm-w1471080824: Knollwood Drive
[14290/16883] osm-w1471284090: Thousand Trails Loop
[14291/16883] osm-w1471460786: Creek Forest Lane
[14292/16883] osm-w1471469726: Poe Drive
[14293/16883] osm-w1471834389: Tulane Drive
[14294/16883] osm-w1471835795: Champions Drive
[14295/16883] osm-w1471836215: Champions Drive
[14296/16883] osm-w1472099426: McGrady Street
[14297/16883] osm-w1472133302: Shetland Drive
[14298/16883] osm-w1472133381: Wing Point Drive
[14299/16883] osm-w1472133565: Cotton Belt Trail
[14300/16883] osm-w1472424799: Throwbridge Lane
[14301/16883] osm-w1472428528: Carriage Trail
[14302/16883] osm-w1472429793: Cloudcroft Drive
[14303/16883] osm-w1472454643: Whispering Pines Drive
[14304/16883] osm-w1472757295: Grail Maiden Court
[14305/16883] osm-w1472925704: Emily Park Lane
[14306/16883] osm-w1472927273: Rainlily Drive
[14307/16883] osm-w1472928059: Cypress Cliff Drive
[14308/16883] osm-w1472928465: Barker Cypress Road
[14309/16883] osm-w1472929400: Copper Grove Boulevard
[14310/16883] osm-w1472929671: Addicks-Satsuma Road
[14311/16883] osm-w1472930312: North Highway 6
[14312/16883] osm-w1472930416: Sagecroft Drive
[14313/16883] osm-w1472969769: Nutty Brown Road
[14314/16883] osm-w1473212144: Parkside Drive
[14315/16883] osm-w1473216461: Paso Dobble Drive
[14316/16883] osm-w1473217167: Shadow Run Drive
[14317/16883] osm-w1473217617: Nova Drive
[14318/16883] osm-w1473220629: Briarhills Parkway
[14319/16883] osm-w1473247379: Red Fir Drive
[14320/16883] osm-w1473248541: Wood River Drive
[14321/16883] osm-w1473248983: Spring Trails Bend
[14322/16883] osm-w1473427997: Waterview Estates Trail
[14323/16883] osm-w1473445209: Raingold Drive
[14324/16883] osm-w1473446815: Holcome Road
[14325/16883] osm-w1473446886: Legends Ridge Drive
[14326/16883] osm-w1473447533: Bouldercrest Drive
[14327/16883] osm-w1473447837: Kings Park Lane
[14328/16883] osm-w1473447923: Lakeside Drive
[14329/16883] osm-w1473450084: Lake Olympia Parkway
[14330/16883] osm-w1473618558: Nickaburr Creek Drive
[14331/16883] osm-w1473729099: Senterra Lakes Boulevard
[14332/16883] osm-w1475042643: Olympia Drive
[14333/16883] osm-w1476699738: River Fern Drive
[14334/16883] osm-w1476899446: Tremont Brook Way
[14335/16883] osm-w1476977742: North Downing Street
[14336/16883] osm-w1477817048: Brazoria County, Texas, 77422, United States
[14337/16883] osm-w1478464164: Richwood, Brazoria County, Texas, 77531, United States
[14338/16883] osm-w1482228524: Chateaux Drive
[14339/16883] osm-w1483454928: Tram Road
[14340/16883] osm-w1483517436: North Capital of Texas Highway
[14341/16883] osm-w1483517437: Saint Stephen's School Road
[14342/16883] osm-w1483857157: Sherry Street
[14343/16883] osm-w1484217546: Gopher Boulevard
[14344/16883] osm-w1484412482: Live Oak Road
[14345/16883] osm-w1484696336: Westbranch Drive
[14346/16883] osm-w1485137457: Quail Place Drive
[14347/16883] osm-w1486185119: Liverpool Court
[14348/16883] osm-w1486185184: Teal Bend Court
[14349/16883] osm-w1486221596: Santa Chase Lane
[14350/16883] osm-w1486846510: West Hamilton Street
[14351/16883] osm-w1487361509: FM 92
[14352/16883] osm-w1487398150: Riverside Grove Drive
[14353/16883] osm-w1487413513: Clear Lake Shores, Galveston County, Texas, 77565, United St
[14354/16883] osm-w1487413522: Harbour Drive
[14355/16883] osm-w1487749786: San Jacinto County
[14356/16883] osm-w1487755938: Legend Lane
[14357/16883] osm-w1490704765: County Road 1737
[14358/16883] osm-w1490727903: Rolling Oaks Drive
[14359/16883] osm-w1492742465: Ranch to Market Road 2631
[14360/16883] osm-w1492742474: Real County, Texas, United States
[14361/16883] osm-w1493287213: Cherryshire Drive
[14362/16883] osm-w1493778726: Harpers Glen Lane
[14363/16883] osm-w1495134993: 1843 South
[14364/16883] osm-w1495362097: Fort Bend County, Texas, 77464, United States
[14365/16883] osm-w1495672781: Washington County, Texas, United States
[14366/16883] osm-w1496188260: Allen Street
[14367/16883] osm-w1496221293: 3rd Street
[14368/16883] osm-w1497859114: West Lake Highlands Drive
[14369/16883] osm-w1497877142: Cuttler Road
[14370/16883] osm-w1498888058: Shady Grove Road
[14371/16883] osm-w1499161302: Fairfield Brook Lane
[14372/16883] osm-w1499350150: Rolk Road
[14373/16883] osm-w1499969944: Parkwood Drive
[14374/16883] osm-w1499969946: Griggs Road
[14375/16883] osm-w1500255363: Uvalde County
[14376/16883] osm-w1501490542: Oak Alley
[14377/16883] osm-w1503382502: Longhorn Circle
[14378/16883] osm-w1503382516: Camp Longhorn Road
[14379/16883] osm-w1503468915: Rock Forrest
[14380/16883] osm-w1503612424: City Park
[14381/16883] osm-w1509539058: All Stars Avenue
[14382/16883] osm-w1510023785: Princeton, Collin County, Texas, 75407, United States
[14383/16883] osm-w1510430337: South Beckley Avenue
[14384/16883] osm-w1512438423: Garland, Dallas County, Texas, 75048, United States
[14385/16883] osm-w1512527314: Pine Trail
[14386/16883] osm-w1512527718: Cypress Street
[14387/16883] osm-w1512527741: Farm-to-Market Road 920
[14388/16883] osm-w1512528280: Twin Creeks Drive
[14389/16883] osm-w1512528444: West Walnut Hill Lane
[14390/16883] osm-w1512529147: Kaufman County, Texas, United States
[14391/16883] osm-w1512578550: Brittan Place
[14392/16883] osm-w1512580217: Pine Beetle Road
[14393/16883] osm-w1512894389: Celina, Collin County, Texas, 75009, United States
[14394/16883] osm-w1513115563: Caribbean Drive
[14395/16883] osm-w1513219919: Crest Pebble Drive
[14396/16883] osm-w1513243134: Bourget Drive
[14397/16883] osm-w1513652787: Snowgoose Road
[14398/16883] osm-w1513652791: Saratoga Boulevard
[14399/16883] osm-w1513663742: Capitan Drive
[14400/16883] osm-w1514014614: Edgewater Drive
[14401/16883] osm-w1515708863: La Rue Lane
[14402/16883] osm-w1515708867: Lorraine Drive
[14403/16883] osm-w1515708868: Purl Place
[14404/16883] osm-w1515708882: Hewit Drive
[14405/16883] osm-w1516457748: Ramfield Road
[14406/16883] osm-w1516457752: Roscher Road
[14407/16883] osm-w1516670133: Longenbaugh Road
[14408/16883] osm-w1516734051: West FM 407
[14409/16883] osm-w1516901974: North Loop 1604 East
[14410/16883] osm-w1517127124: Sterling Court
[14411/16883] osm-w1517170079: Alice, Jim Wells County, Texas, 78333, United States
[14412/16883] osm-w1517171612: South Reimer Avenue
[14413/16883] osm-w1517183065: Spring Creek Drive
[14414/16883] osm-w1517183367: Washington Avenue
[14415/16883] osm-w1517226563: Happiness Road North
[14416/16883] osm-w1517227178: Brushy Creek Drive
[14417/16883] osm-w1517229774: Willow Hills Way
[14418/16883] osm-w1518326864: Odem, San Patricio County, Texas, 78370, United States
[14419/16883] osm-w1518389026: Stonewall Boulevard
[14420/16883] osm-w1518720055: Olympic Drive
[14421/16883] osm-w1518766588: County Road 59
[14422/16883] osm-w1519568804: I-37 Frontage Road
[14423/16883] osm-w1519907516: Midlothian, Ellis County, Texas, United States
[14424/16883] osm-w1521619999: Woodwind Drive
[14425/16883] osm-w1524239068: Coppin Drive
[14426/16883] osm-w1524370885: Keithwood Circle West
[14427/16883] osm-w1524454679: White Oak Road
[14428/16883] osm-w1524463969: County Road 728
[14429/16883] osm-w1524885813: Birch Lane
[14430/16883] osm-w1524950785: Linkcrest Circle
[14431/16883] osm-w1524953152: Cashel Castle Drive
[14432/16883] osm-w1529449806: South Woodhull Avenue
[14433/16883] osm-w1529460927: Shelly Boulevard
[14434/16883] osm-w1529461326: Sea Shell Boulevard
[14435/16883] osm-w1529467479: Cinco Ranch Boulevard
[14436/16883] osm-w1529468136: Dovetail Meadow Lane
[14437/16883] osm-w1529519367: Circle Drive
[14438/16883] osm-w1529720669: Mill Pond Lane
[14439/16883] osm-w1529740608: Lambeth Drive
[14440/16883] osm-w1529742866: Sundown Drive
[14441/16883] osm-w1530118119: Beacon Hill Drive
[14442/16883] osm-w1530163694: Mariner Village Drive
[14443/16883] osm-w1530373709: Parkerson Road
[14444/16883] osm-w1530375612: County Road 415
[14445/16883] osm-w1530377422: West Harrison Street
[14446/16883] osm-w1530379339: Meadowgreen Drive
[14447/16883] osm-w1530944531: Austin Street
[14448/16883] osm-w1530944902: Antique Meadows Drive
[14449/16883] osm-w1530945832: South Country Club Drive
[14450/16883] osm-w1530945844: Pipers View Drive
[14451/16883] osm-w1530948650: Sunrise Lake Drive
[14452/16883] osm-w1530948829: Larkfield Drive
[14453/16883] osm-w1530949194: South R Street
[14454/16883] osm-w1534687329: Heritage Oaks Lane
[14455/16883] osm-w1534687332: Memorial Drive
[14456/16883] osm-w1539182543: Beechnut Street
[14457/16883] osm-w1543122607: Cocopa Cove
[14458/16883] osm-w1544625905: Lakemont Bend Lane
[14459/16883] osm-w1544687861: Preston Road
[14460/16883] osm-w1544687862: Ashbourne Drive
[14461/16883] osm-w1544687865: Preston Road
[14462/16883] osm-w1544687869: Koi Pond Court
[14463/16883] osm-w1544687885: Preston Road
[14464/16883] osm-w1547240068: Esplanade Drive
[14465/16883] osm-w1547337084: Incline Terrace
[14466/16883] osm-w1548011432: Black Bear Lane
[14467/16883] osm-w1548037645: Soccer Drive
[14468/16883] osm-w1548201610: Summit Cove
[14469/16883] osm-w1550048374: Keathley Street
[14470/16883] osm-w1550057260: Cross Creek West Boulevard
[14471/16883] osm-w1550058093: Railroad Avenue
[14472/16883] osm-w1552302233: Montgomery County, Texas, 77302, United States
[14473/16883] osm-w1552522891: Bluegrass Lane
[14474/16883] osm-w1552714041: Harris County, Texas, 20827, United States
[14475/16883] osm-w1553058946: Harris County, Texas, United States
[14476/16883] osm-w1553157454: Polo Lane
[14477/16883] osm-w1553170113: Westgrove Drive
[14478/16883] osm-w1553170844: Dallas, Collin County, Texas, 75252, United States
[14479/16883] osm-w1553170925: Bentwood Trail
[14480/16883] osm-w1553178071: Seville Court
[14481/16883] osm-w1553178372: 6th Street
[14482/16883] osm-w1553178418: Ridge Hollow Drive
[14483/16883] osm-w1553179265: Forest Point Drive
[14484/16883] osm-w1553294326: Pomona Creek
[14485/16883] osm-w1553307045: Frontier Parkway
[14486/16883] osm-w1553345292: Will Clayton Parkway
[14487/16883] osm-r21041994: Yosemite Drive
[14488/16883] osm-r21041995: Sunway Drive
[14489/16883] osm-r21041996: Crest Trail
[14490/16883] osm-r21041997: Tower Drive
[14491/16883] osm-r21042001: Tomahawk Trail
[14492/16883] osm-r21042003: Winding Way
[14493/16883] osm-r21042004: Tower Drive
[14494/16883] osm-r21042006: Morning Hill
[14495/16883] osm-r21042007: Hidden View
[14496/16883] osm-r21042008: Village Circle
[14497/16883] osm-r21042012: Village Circle
[14498/16883] osm-r21042014: Walnut Hill
[14499/16883] osm-w28119884: West 700 South
[14500/16883] osm-w29080551: West 975 North
[14501/16883] osm-w33803593: 6550 South
[14502/16883] osm-w36189472: Hathaway Drive
[14503/16883] osm-w36189500: 4800 South
[14504/16883] osm-w39662464: Partridge Way
[14505/16883] osm-w39783564: Canyon Cove Lane
[14506/16883] osm-w41697325: Veterans Memorial Highway
[14507/16883] osm-w42696995: Veterans Memorial Highway
[14508/16883] osm-w44810425: 2700 West
[14509/16883] osm-w49104836: North 200 East
[14510/16883] osm-w52013347: Liberty Street
[14511/16883] osm-w53720797: South 500 East
[14512/16883] osm-w55007478: West 3000 North
[14513/16883] osm-w55648229: Liberty Street
[14514/16883] osm-w85079031: Northridge Road
[14515/16883] osm-w89372476: Parkview Drive
[14516/16883] osm-w89792609: East 100 South
[14517/16883] osm-w92340177: 120 East Street
[14518/16883] osm-w99202609: 750 North
[14519/16883] osm-w100075613: North Temple Shadows Drive
[14520/16883] osm-w112725874: Lakeview Parkway
[14521/16883] osm-w148657580: Charleston Lane
[14522/16883] osm-w152251474: Snowbird Access 2 Road
[14523/16883] osm-w189233898: 21000 West
[14524/16883] osm-w208526651: 13065 South
[14525/16883] osm-w237879645: Millenium Trail
[14526/16883] osm-w242506768: Gallivan Loop
[14527/16883] osm-w245873605: East Dutch Hills Drive
[14528/16883] osm-w256077858: Silver King Drive
[14529/16883] osm-w256759001: Solamere Drive
[14530/16883] osm-w256870051: Lost Prospector
[14531/16883] osm-w256870052: Ridge Point Drive
[14532/16883] osm-w285597212: Western Drive
[14533/16883] osm-w285599488: Buffalo Ranch Trail
[14534/16883] osm-w307722834: Farm Road
[14535/16883] osm-w338568779: 4575 South
[14536/16883] osm-w342620192: Fort Canyon Road
[14537/16883] osm-w342620193: Fort Canyon Road
[14538/16883] osm-w342620195: Bristol Court
[14539/16883] osm-w342620196: Quail Hollow Drive
[14540/16883] osm-w342620197: Quail Ridge
[14541/16883] osm-w342620199: Sunburst Lane
[14542/16883] osm-w342620202: Bald Mountain Drive
[14543/16883] osm-w342620203: Redford Run Trail
[14544/16883] osm-w342620204: 300 North
[14545/16883] osm-w342620205: 300 North
[14546/16883] osm-w342620206: Meadowbrook Drive
[14547/16883] osm-w342620212: Elk Ridge Lane
[14548/16883] osm-w342620213: Grove Circle
[14549/16883] osm-w342620238: Carlisle Avenue
[14550/16883] osm-w342620239: High Ridge Drive
[14551/16883] osm-w342620257: Ridge Lane
[14552/16883] osm-w344164033: Moyle Drive
[14553/16883] osm-w344164034: Orchard Lane
[14554/16883] osm-w344164035: Alpine Boulevard
[14555/16883] osm-w344164036: Willow Springs Circle
[14556/16883] osm-w344343801: Twin River Loop
[14557/16883] osm-w345064826: North 500 East
[14558/16883] osm-w361744207: Cobblestone Lane
[14559/16883] osm-w370545226: Draper Canal Trail
[14560/16883] osm-w370545243: Red Tree Court
[14561/16883] osm-w370819559: East 3350 North
[14562/16883] osm-w390159592: 300 East
[14563/16883] osm-w403955993: Holder Knoll Drive
[14564/16883] osm-w407273625: 200 South
[14565/16883] osm-w412453619: Sherm Circle
[14566/16883] osm-w448675121: 9000 South
[14567/16883] osm-w453817091: Smith Lane
[14568/16883] osm-w454932738: 400 East
[14569/16883] osm-w465804732: Loafer Canyon Road
[14570/16883] osm-w467851919: Sandstone Circle
[14571/16883] osm-w468795675: Center Street
[14572/16883] osm-w473667339: Fernwood Drive
[14573/16883] osm-w491161448: Bonneville Shoreline Trail
[14574/16883] osm-w491164746: North 800 East
[14575/16883] osm-w498642962: North 400 East
[14576/16883] osm-w504817433: 150 West
[14577/16883] osm-w510198375: Left Fork Hobble Creek Canyon Road
[14578/16883] osm-w510198385: Left Fork Hobble Creek Canyon Road
[14579/16883] osm-w510651064: Longview Drive
[14580/16883] osm-w510660157: Raleigh Court
[14581/16883] osm-w519433454: Fairfield Road
[14582/16883] osm-w519436769: Oak Hills Drive
[14583/16883] osm-w519444658: Gentile Street
[14584/16883] osm-w519827310: 3380 South
[14585/16883] osm-w537188153: 3rd Avenue
[14586/16883] osm-w547497491: Alpine Avenue
[14587/16883] osm-w547827133: 13220 South
[14588/16883] osm-w548235157: Lake View Lane
[14589/16883] osm-w551553686: North Main Street
[14590/16883] osm-w559619471: Ridge View Drive
[14591/16883] osm-w567866396: Ridge Meadow Lane
[14592/16883] osm-w573625482: Olympus Park Drive
[14593/16883] osm-w597115278: 3100 South
[14594/16883] osm-w597142929: Grand County, Utah, 84532, United States
[14595/16883] osm-w608669228: Linda Marie Lane
[14596/16883] osm-w676145400: 210 East
[14597/16883] osm-w677564197: Country Manor Lane
[14598/16883] osm-w677564198: Fox Meadow
[14599/16883] osm-w677663588: Apple Creek Circle
[14600/16883] osm-w677767793: Meadowbrook Drive
[14601/16883] osm-w683035853: Box Elder County, Utah, United States
[14602/16883] osm-w729194590: 200 South
[14603/16883] osm-w733392829: East 1100 South
[14604/16883] osm-w801778740: Boulder Springs Villas
[14605/16883] osm-w807277282: Bonneville Shoreline Trail
[14606/16883] osm-w844148054: Ranch Road
[14607/16883] osm-w887618447: Morning Star Way
[14608/16883] osm-w888775411: South Hillside Drive
[14609/16883] osm-w907942958: East 100 South
[14610/16883] osm-w946457128: 3660 West
[14611/16883] osm-w951541870: Pickelville, Garden City, Rich County, Utah, 84028, United S
[14612/16883] osm-w951570424: Village Lane
[14613/16883] osm-w953528166: Country Club Way
[14614/16883] osm-w954765650: Deerwood Lane
[14615/16883] osm-w954765652: Creekcrossing Lane
[14616/16883] osm-w954765653: Shady Brook Lane
[14617/16883] osm-w954765654: Haven Lane
[14618/16883] osm-w954765655: Haven Lane
[14619/16883] osm-w954765656: Haven Lane
[14620/16883] osm-w954765657: Cottonwood Lane
[14621/16883] osm-w954765658: Cottonwood Lane
[14622/16883] osm-w954765660: Walker Lane
[14623/16883] osm-w954765661: Wooded Cove
[14624/16883] osm-w961107746: Viscounti Drive
[14625/16883] osm-w967124168: Silver Lake Summer Resort, Brighton, Salt Lake County, Utah,
[14626/16883] osm-w971813184: Dinosaur Diamond Prehistoric Highway
[14627/16883] osm-w975804860: Lower Redford Lane
[14628/16883] osm-w985288107: Zion Drive
[14629/16883] osm-w1013865302: 500 West
[14630/16883] osm-w1016586832: West 300 South
[14631/16883] osm-w1017929695: Kensington Place
[14632/16883] osm-w1026851062: South 700 East Street
[14633/16883] osm-w1040608858: Polo Club Court
[14634/16883] osm-w1043471460: 1700 East
[14635/16883] osm-w1070048093: Main Street
[14636/16883] osm-w1071307161: Redford Run Trail
[14637/16883] osm-w1071307177: Redford Run Trail
[14638/16883] osm-w1078840387: 300 East
[14639/16883] osm-w1090567933: Jordan River Parkway
[14640/16883] osm-w1097353535: 800 West
[14641/16883] osm-w1117009610: Van Winkle Expressway
[14642/16883] osm-w1119456083: West 900 North
[14643/16883] osm-w1120988237: 1300 East
[14644/16883] osm-w1122026057: Cobblestone Drive
[14645/16883] osm-w1123159888: Ksel Drive
[14646/16883] osm-w1125081564: West 200 South
[14647/16883] osm-w1126402133: Oakley, Summit County, Utah, United States
[14648/16883] osm-w1127536159: Oak Forest Road
[14649/16883] osm-w1128107649: West 1700 South
[14650/16883] osm-w1133755298: Woodlake Drive
[14651/16883] osm-w1133884602: Boabab Drive
[14652/16883] osm-w1133900184: 5960 South
[14653/16883] osm-w1134386647: Maison Drive
[14654/16883] osm-w1166187277: Blackners Bend
[14655/16883] osm-w1200949215: Neola, Duchesne County, Utah, 84053, United States
[14656/16883] osm-w1212253054: Hurricane, Washington County, Utah, 84737, United States
[14657/16883] osm-w1230742758: 675 South
[14658/16883] osm-w1243281968: Hidden Creek Court
[14659/16883] osm-w1255281381: South Grace Way
[14660/16883] osm-w1263884054: McKinley Access Trail
[14661/16883] osm-w1263886854: Kings Peak Drive
[14662/16883] osm-w1264296755: North 760 East
[14663/16883] osm-w1264630208: East 590 South
[14664/16883] osm-w1264630210: South 900 East
[14665/16883] osm-w1267832012: Brush Wellman Road
[14666/16883] osm-w1267950651: Skyline Drive
[14667/16883] osm-w1279707535: Wildwood, Utah County, Utah, United States
[14668/16883] osm-w1281859572: Chateau Parc Cove
[14669/16883] osm-w1282063642: Palisades Drive
[14670/16883] osm-w1282719893: Georgia Street
[14671/16883] osm-w1288158286: Little Cottonwood Lane
[14672/16883] osm-w1288158294: Granite Knob Lane
[14673/16883] osm-w1302058938: Quicksilver Drive
[14674/16883] osm-w1302058944: Brighton Point Drive
[14675/16883] osm-w1305630618: North 1250 East
[14676/16883] osm-w1312932600: 1600 North
[14677/16883] osm-w1316047162: Historic Orchard Pathway
[14678/16883] osm-w1322382035: Haun Avenue
[14679/16883] osm-w1326654272: Summit County, Utah, United States
[14680/16883] osm-w1335290994: East Peachtree Lane
[14681/16883] osm-w1337004508: Mapleton Lateral Canal Trail
[14682/16883] osm-w1337004511: Magnolia Lane
[14683/16883] osm-w1337004512: Magnolia Lane
[14684/16883] osm-w1337004515: Monta Vista Drive
[14685/16883] osm-w1337004518: Monta Vista Drive
[14686/16883] osm-w1351701270: Jonathon Drive
[14687/16883] osm-w1359944802: 600 North
[14688/16883] osm-w1360035855: 1400 North
[14689/16883] osm-w1372587775: East 290 North
[14690/16883] osm-w1372601816: East 750 South Street
[14691/16883] osm-w1372608136: South 1880 East Street
[14692/16883] osm-w1381525901: Bugle Drive
[14693/16883] osm-w1387762257: Deer Creek Way
[14694/16883] osm-w1387762665: Cove Drive
[14695/16883] osm-w1391092293: 400 South
[14696/16883] osm-w1393347112: Walker Drive
[14697/16883] osm-w1394845261: Zion Drive
[14698/16883] osm-w1395337519: Dell Haven Lane
[14699/16883] osm-w1411995185: 7500 South
[14700/16883] osm-w1412121784: West 240 South
[14701/16883] osm-w1413181707: 200 North
[14702/16883] osm-w1420239115: Moon Lane
[14703/16883] osm-w1422783246: South 1700 West
[14704/16883] osm-w1422873902: 200 South
[14705/16883] osm-w1425248984: Jordan River Parkway Trail
[14706/16883] osm-w1425250150: Pebblewood Circle
[14707/16883] osm-w1425250756: Montane Drive
[14708/16883] osm-w1425250973: Bear Hills Drive
[14709/16883] osm-w1425257481: Stonebrook Circle
[14710/16883] osm-w1425277698: Cove Point Drive
[14711/16883] osm-w1425278372: Big Cottonwood Road
[14712/16883] osm-w1425278754: Oles Lane
[14713/16883] osm-w1425279810: Stone Mesa Court
[14714/16883] osm-w1426116292: Pheasant Way
[14715/16883] osm-w1428329313: Hickory Knolls Court
[14716/16883] osm-w1430755940: Juniper Springs Lane
[14717/16883] osm-w1432071942: Dinosaur Diamond Prehistoric Highway
[14718/16883] osm-w1436606501: Heritage Ranch Drive
[14719/16883] osm-w1443262607: 8th Street
[14720/16883] osm-w1446799368: Canyon Estate Drive
[14721/16883] osm-w1447550256: Park Bluff Way
[14722/16883] osm-w1447553782: 2490 North
[14723/16883] osm-w1451395810: 405 North
[14724/16883] osm-w1451734283: North 2450 East
[14725/16883] osm-w1460655772: Carter Lane
[14726/16883] osm-w1462741763: West Oak Lane
[14727/16883] osm-w1463231686: Edgemont, Provo, Utah County, Utah, 84602, United States
[14728/16883] osm-w1463235784: South Cottonwood Lane
[14729/16883] osm-w1464116612: South 500 East
[14730/16883] osm-w1466926618: 625 East
[14731/16883] osm-w1468874921: Bear Lake Legacy Pathway
[14732/16883] osm-w1468995195: West 150 South
[14733/16883] osm-w1468995562: Manzanita Avenue
[14734/16883] osm-w1468996342: 600 South
[14735/16883] osm-w1468996608: Reservation Road
[14736/16883] osm-w1468996784: Pinecreek Drive
[14737/16883] osm-w1469004689: Tall Oak Lane
[14738/16883] osm-w1469005474: 1540 East
[14739/16883] osm-w1469006354: Revere Drive
[14740/16883] osm-w1469006483: Center Street
[14741/16883] osm-w1469006674: 100 South
[14742/16883] osm-w1469012420: Peak View Lane
[14743/16883] osm-w1469213052: U Street
[14744/16883] osm-w1469213396: Markea Avenue
[14745/16883] osm-w1469222140: 100 West
[14746/16883] osm-w1469223738: Meadow Loop Road
[14747/16883] osm-w1469224971: Alpine Scenic Highway
[14748/16883] osm-w1469226572: East Center Street
[14749/16883] osm-w1473754629: Cannes Way
[14750/16883] osm-w1474600808: Sunset Canyon Ranch Road
[14751/16883] osm-w1475998408: North 350 East
[14752/16883] osm-w1475998415: River Ridge Lane
[14753/16883] osm-w1475998425: Country River
[14754/16883] osm-w1475998433: Mohican Way
[14755/16883] osm-w1475998441: Foothill Drive
[14756/16883] osm-w1475998443: Rolling Knolls Drive
[14757/16883] osm-w1493274457: Panorama Way
[14758/16883] osm-w1493279541: 3950 South
[14759/16883] osm-w1498055196: Foothill Drive
[14760/16883] osm-w1498055197: 27th Street
[14761/16883] osm-w1507973696: Dutch Canyon Road
[14762/16883] osm-w1510272603: 300 North
[14763/16883] osm-w1513728207: East 1200 South
[14764/16883] osm-w1517121523: Beldon Place
[14765/16883] osm-w1524040932: West 3390 South
[14766/16883] osm-w1541063079: Bonneville Shoreline Trail
[14767/16883] osm-w1541314935: 1200 North
[14768/16883] osm-w1542864359: Summit County, Utah, 84061, United States
[14769/16883] osm-w1543033262: 300 West
[14770/16883] osm-w1543318585: West Aspen Court
[14771/16883] osm-w1544682415: SR 32
[14772/16883] osm-w1547063036: South 2275 East
[14773/16883] osm-w1548926719: Creek Hollow Cove
[14774/16883] osm-w1548926721: Creek Road
[14775/16883] osm-w1548928046: Robidoux Road
[14776/16883] osm-w1550113526: Quail Park Drive
[14777/16883] osm-w1550226651: Devonshire Drive
[14778/16883] osm-w1550718546: 300 North
[14779/16883] osm-w1550834325: 200 North
[14780/16883] osm-w1552720306: West 10500 North
[14781/16883] osm-w1552730122: West 10150 North
[14782/16883] osm-w1552992293: Rich County, Utah, United States
[14783/16883] osm-w1553343881: North Canterbury Park Circle
[14784/16883] osm-w1553343882: North Ashby Lane
[14785/16883] osm-n10009929634: Haley Scott Drive
[14786/16883] osm-w496550322: Rexford Drive
[14787/16883] osm-n12292239648: Brookhill Hiking Trail
[14788/16883] osm-n14068530316: Henderson Road
[14789/16883] osm-w44546547: Earhart Place
[14790/16883] osm-w44861289: Quarterpath Trace Circle
[14791/16883] osm-w44861299: Quarterpath Trace Circle
[14792/16883] osm-w45509338: Victory Lakes Loop
[14793/16883] osm-w46107638: Colony Park Drive
[14794/16883] osm-w49062229: Thomas Bishop Lane
[14795/16883] osm-w50981526: Thunder Chase Drive
[14796/16883] osm-w51055803: Hanrahan Court Southeast
[14797/16883] osm-w51056083: Springwater Court
[14798/16883] osm-w51710947: Fairfield House Drive
[14799/16883] osm-w66967378: Springtide Place
[14800/16883] osm-w78500077: Ring Road
[14801/16883] osm-w78982557: Washington Plaza West
[14802/16883] osm-w79258439: Burke Centre Parkway
[14803/16883] osm-w79430140: North Village Road
[14804/16883] osm-w79672190: Laurel Way
[14805/16883] osm-w79854451: W&OD Trail Access
[14806/16883] osm-w80019483: Burke Pond Lane
[14807/16883] osm-w80192746: Shire Court
[14808/16883] osm-w80278337: Brown Fox Way
[14809/16883] osm-w80345467: Cutwater Court
[14810/16883] osm-w95048226: Delaney Road
[14811/16883] osm-w95186306: Four Seasons, Cherry Hill, Prince William County, Virginia, 
[14812/16883] osm-w95241093: Fincastle Drive
[14813/16883] osm-w95241098: Dumfries Road
[14814/16883] osm-w95241115: Higgins Drive
[14815/16883] osm-w95241245: Southlake Boulevard
[14816/16883] osm-w99290793: Powell Creek Court
[14817/16883] osm-w102234715: Mantle Road
[14818/16883] osm-w109090085: Wills Road
[14819/16883] osm-w111644824: Riggs Road
[14820/16883] osm-w111696837: Hayfield Road
[14821/16883] osm-w111705625: Farmcrest Court
[14822/16883] osm-w113600879: Bunker Woods Lane
[14823/16883] osm-w116900881: Park Road
[14824/16883] osm-w117112341: Crossroads Drive
[14825/16883] osm-w117315375: Charnita Court
[14826/16883] osm-w117315768: Dulles Toll Road
[14827/16883] osm-w120896682: Mason Bluff Drive
[14828/16883] osm-w120905660: Blincoe Court
[14829/16883] osm-w122068741: Galesbury Lane
[14830/16883] osm-w125569973: Split Oak Lane
[14831/16883] osm-w130539595: Wallingford Drive
[14832/16883] osm-w136291523: Federalist Way
[14833/16883] osm-w140479296: Innisvale Drive
[14834/16883] osm-w140479297: Sandy Manor Drive
[14835/16883] osm-w140788145: Wesley Tyler Road
[14836/16883] osm-w141964717: Robert Carter Road
[14837/16883] osm-w142028906: Woodlawn Green Circle
[14838/16883] osm-w142028909: Old Colony Way
[14839/16883] osm-w142783545: Hayfield, Fairfax County, Virginia, 22315, United States
[14840/16883] osm-w143245796: Belvoir Woods Parkway
[14841/16883] osm-w144017780: Ridgeview Retreat Road
[14842/16883] osm-w144017784: Braywood Drive
[14843/16883] osm-w144126507: Ashland Woods Lane
[14844/16883] osm-w144126509: Gunston Hill Lane
[14845/16883] osm-w144659621: Grass Track
[14846/16883] osm-w145116953: Rinard Drive
[14847/16883] osm-w145116967: Capstone Circle
[14848/16883] osm-w145116971: Seasons Drive
[14849/16883] osm-w145418283: Zion Drive
[14850/16883] osm-w145418298: Bridgewood Drive
[14851/16883] osm-w146253670: Dunaway Court
[14852/16883] osm-w147167137: Fenestra Court
[14853/16883] osm-w148092634: I 66
[14854/16883] osm-w149178931: Silverbrook Road
[14855/16883] osm-w149178933: Ox Road Sidepath
[14856/16883] osm-w154079427: Stringfellow Road
[14857/16883] osm-w156984185: Fount Beattie Court
[14858/16883] osm-w157033001: Lambs Lane
[14859/16883] osm-w157033004: Lambs Lane
[14860/16883] osm-w157034177: Forest Lakes Bike Path
[14861/16883] osm-w160410699: Oak Brook Lane
[14862/16883] osm-w162803837: Turner Street
[14863/16883] osm-w164255058: Abington Park Drive
[14864/16883] osm-w167633429: Colonial Avenue
[14865/16883] osm-w167633432: Cave Spring, Roanoke County, Virginia, 24018, United States
[14866/16883] osm-w168226810: West Lynchburg Salem Turnpike
[14867/16883] osm-w169192114: Ogden Road
[14868/16883] osm-w169192191: Sunridge Lane
[14869/16883] osm-w169192249: Shorthorn Drive Southwest
[14870/16883] osm-w169192306: Sussex Court
[14871/16883] osm-w169192310: Grandin Road
[14872/16883] osm-w169192614: Keagy Road
[14873/16883] osm-w171721956: Truro Trail
[14874/16883] osm-w172232837: Dunsinane Court
[14875/16883] osm-w173523889: Scientific Way
[14876/16883] osm-w173734722: Dulles Toll Road
[14877/16883] osm-w173870341: Sunrise Valley Drive
[14878/16883] osm-w173871931: Tumbling Brook Lane
[14879/16883] osm-w174006833: Starboard Drive
[14880/16883] osm-w177587323: Walton Creek Drive
[14881/16883] osm-w182747601: Chesdale Court
[14882/16883] osm-w191618373: Canal Trace
[14883/16883] osm-w192497874: Stony Hill Lane
[14884/16883] osm-w192560224: Godwin Drive
[14885/16883] osm-w196014382: North Harrison Street
[14886/16883] osm-w196346181: Mount Vernon Landing
[14887/16883] osm-w206680742: Rammacher Drive
[14888/16883] osm-w207760185: Army Navy Drive
[14889/16883] osm-w208488801: Mount Eagle Drive
[14890/16883] osm-w209877624: North Uhle Street
[14891/16883] osm-w210137815: Oldtown Road
[14892/16883] osm-w210188834: Roseberry Farm Drive
[14893/16883] osm-w210190309: Herndon Mills Circle
[14894/16883] osm-w210990276: 33rd Street North
[14895/16883] osm-w211381156: Meadow Branch Avenue
[14896/16883] osm-w211857825: Pemberton Drive
[14897/16883] osm-w214035266: Stratford Drive
[14898/16883] osm-w216699939: Mount Vernon Trail
[14899/16883] osm-w217484596: Roberts Lane
[14900/16883] osm-w217710835: Countryside Boulevard
[14901/16883] osm-w217710838: Sutherlin Place
[14902/16883] osm-w218547053: Waynewood Boulevard
[14903/16883] osm-w219480148: Valley Drive
[14904/16883] osm-w221686343: Gambril Drive
[14905/16883] osm-w221815260: Hollis Drive
[14906/16883] osm-w221841518: Weatherbury Place
[14907/16883] osm-w221923868: Williamson Boulevard
[14908/16883] osm-w222885515: Emerald Drive
[14909/16883] osm-w223084328: Wellington Road
[14910/16883] osm-w223229440: Holmes Run Parkway
[14911/16883] osm-w223322539: Oak Hill Drive
[14912/16883] osm-w224880479: Anderson Highway
[14913/16883] osm-w225076672: Villages of Piedmont, Prince William County, Virginia, 20168
[14914/16883] osm-w227233369: Lariat Lane
[14915/16883] osm-w227606628: Glade Drive
[14916/16883] osm-w227944226: Meadow Grove Court
[14917/16883] osm-w227949045: Launch Circle
[14918/16883] osm-w228464355: West Ox Road
[14919/16883] osm-w228470259: The Back Nine
[14920/16883] osm-w228894427: Upper Mill Loop
[14921/16883] osm-w231158626: Compton Village Drive
[14922/16883] osm-w233968041: Atwater Drive
[14923/16883] osm-w234059351: Centerwood Drive
[14924/16883] osm-w234059559: Centerwood Drive
[14925/16883] osm-w234169885: Wimbley Lane
[14926/16883] osm-w234365536: Summer Pond Drive
[14927/16883] osm-w234369335: Federation Drive
[14928/16883] osm-w234369762: Compton Village Drive
[14929/16883] osm-w235064180: McLaws Circle
[14930/16883] osm-w235612434: Braddock Springs Road
[14931/16883] osm-w236113214: Oakcliff Drive
[14932/16883] osm-w236804020: 6th Road South
[14933/16883] osm-w236804935: Olin Drive
[14934/16883] osm-w237318083: Annandale Road
[14935/16883] osm-w237518793: Ashgarten Drive
[14936/16883] osm-w237957140: Deermeadow Place Southwest
[14937/16883] osm-w238237500: Drum Point Drive
[14938/16883] osm-w238272295: Woodburn Village Drive
[14939/16883] osm-w239015840: New Providence Drive
[14940/16883] osm-w239142235: Pimmit Drive
[14941/16883] osm-w240058254: Herndon Parkway
[14942/16883] osm-w240092660: Dulles Town Boulevard
[14943/16883] osm-w242170910: Cedar Forest Drive
[14944/16883] osm-w242854266: Fontana Court
[14945/16883] osm-w246643214: Virginia Avenue
[14946/16883] osm-w247328575: Crown Royal Drive
[14947/16883] osm-w247661394: North Stevenson Square
[14948/16883] osm-w247742959: Achievement Drive
[14949/16883] osm-w252808287: Bedrock Road
[14950/16883] osm-w258422088: Penn Forest Boulevard
[14951/16883] osm-w258499008: Titan Trail
[14952/16883] osm-w263909072: Sunrise Valley Drive
[14953/16883] osm-w263909983: Jefferson Park Drive
[14954/16883] osm-w264085238: Pear Street
[14955/16883] osm-w264369227: Traveler Road
[14956/16883] osm-w264441196: Frost Place
[14957/16883] osm-w264460363: John Rucker Drive
[14958/16883] osm-w264795716: Hickory Hill Lane
[14959/16883] osm-w264795717: Ashleigh Drive
[14960/16883] osm-w275813277: Oakgrove Road
[14961/16883] osm-w291379167: Riverview Farm Road
[14962/16883] osm-w296478706: Landmark School Road
[14963/16883] osm-w296901883: Industrial Park Drive
[14964/16883] osm-w301869097: Jacksons Ford Road
[14965/16883] osm-w302349455: Lakeview Drive
[14966/16883] osm-w303981101: Westerly Lane
[14967/16883] osm-w304443864: Columbia Pike
[14968/16883] osm-w305502332: Winged Elm Circle
[14969/16883] osm-w305705140: Quiet Woods Lane
[14970/16883] osm-w305711442: Polo Drive
[14971/16883] osm-w305715905: Bluff Ridge Lane
[14972/16883] osm-w306063295: Winston Road
[14973/16883] osm-w306064285: Sea Pines Road
[14974/16883] osm-w315356066: Helga Place
[14975/16883] osm-w315422016: Zerkel Street
[14976/16883] osm-w315510253: Cloisters Drive
[14977/16883] osm-w315649519: Spencer Road
[14978/16883] osm-w318760199: Ballantrae Lane
[14979/16883] osm-w319053375: Old Oyster Point Road
[14980/16883] osm-w319503395: Langley Place
[14981/16883] osm-w321827969: Charter Crossing
[14982/16883] osm-w324368702: Misty Creek Lane
[14983/16883] osm-w327348794: Sully Park Drive
[14984/16883] osm-w328832425: Westown Way
[14985/16883] osm-w329601392: Regimental Court
[14986/16883] osm-w329603004: McAlester Way
[14987/16883] osm-w332766440: November Hill Farm
[14988/16883] osm-w335684650: Coppermine Road
[14989/16883] osm-w335686462: James Maury Drive
[14990/16883] osm-w340306550: South Conrad Avenue
[14991/16883] osm-w341363125: West Edgemont Drive
[14992/16883] osm-w341513512: West Indian Valley Road
[14993/16883] osm-w344390438: Summertree Road
[14994/16883] osm-w346998443: Old Blue Ridge Turnpike
[14995/16883] osm-w352037524: Resort Drive
[14996/16883] osm-w352822995: North Rodgers Road
[14997/16883] osm-w353172924: Dulles Toll Road
[14998/16883] osm-w353929264: Woods Walk Court
[14999/16883] osm-w357001255: Rapid Run Court
[15000/16883] osm-w363495135: Ashland, Hanover County, Virginia, 23005, United States
[15001/16883] osm-w366974097: Prescott Drive
[15002/16883] osm-w367746555: South Crestwood Avenue
[15003/16883] osm-w367910001: Perimeter Road
[15004/16883] osm-w368851738: Cameron Circle
[15005/16883] osm-w369078480: North George Mason Drive
[15006/16883] osm-w375082735: Holcomb Road
[15007/16883] osm-w377780363: Titans Way
[15008/16883] osm-w383942762: River Pines
[15009/16883] osm-w396016479: Oatlands Plantation Lane
[15010/16883] osm-w396016487: Little Oatlands Lane
[15011/16883] osm-w396822652: Old Farm Road
[15012/16883] osm-w397525669: Diamondback Road
[15013/16883] osm-w398754933: Garden Square
[15014/16883] osm-w402234797: Oak Valley Drive
[15015/16883] osm-w407840909: Chapel Street
[15016/16883] osm-w409633546: Honeysuckle Lane
[15017/16883] osm-w410144004: Blevins Way
[15018/16883] osm-w410709803: Hampton Roads Beltway
[15019/16883] osm-w410978925: New Guinea Road
[15020/16883] osm-w412585031: Berkley Avenue
[15021/16883] osm-w413411829: Olmstead Lane
[15022/16883] osm-w414052398: Norfolk, Virginia, 23505, United States
[15023/16883] osm-w414534220: South Veaux Loop
[15024/16883] osm-w414563799: Woodfern Place
[15025/16883] osm-w416305988: Mirror Lake Drive
[15026/16883] osm-w419921556: Poplar Lane
[15027/16883] osm-w422957993: Hog Island Road
[15028/16883] osm-w425768254: River Road
[15029/16883] osm-w431242351: Anchorstone Drive
[15030/16883] osm-w433567258: Pine Street
[15031/16883] osm-w443098328: Dolley Madison Boulevard
[15032/16883] osm-w443276094: Ranleigh Road
[15033/16883] osm-w452554766: Tazewell, Tazewell County, Virginia, 24630, United States
[15034/16883] osm-w454760921: Langley Hill Drive
[15035/16883] osm-w465015406: Great Heron Circle
[15036/16883] osm-w465021322: Englishwood Lane
[15037/16883] osm-w465028888: Federal Systems Park Drive
[15038/16883] osm-w465251927: Fairfax County Parkway Trail
[15039/16883] osm-w465254897: Erica Hill Lane
[15040/16883] osm-w468166040: Sandpiper Road
[15041/16883] osm-w468166049: Sandpiper Road
[15042/16883] osm-w469146553: Rosebay Court
[15043/16883] osm-w476392980: Gaelic Lane
[15044/16883] osm-w480030177: Oakton Glen Drive
[15045/16883] osm-w480110185: Donal Lane
[15046/16883] osm-w481891030: Hanworth Street
[15047/16883] osm-w482238949: Carnegie Place
[15048/16883] osm-w485419350: Brixton Lane
[15049/16883] osm-w492853282: Crystalford Court
[15050/16883] osm-w493764828: Belmont Circle
[15051/16883] osm-w507938016: Superior Court
[15052/16883] osm-w508306727: Lake Ridge Place
[15053/16883] osm-w517040279: Lingstorm Lane
[15054/16883] osm-w517046771: Sesame Street
[15055/16883] osm-w518479044: Clubhouse Drive
[15056/16883] osm-w521967882: Bellwood Terrace, Bellwood, Chesterfield County, Virginia, 2
[15057/16883] osm-w525190612: Nichols Road
[15058/16883] osm-w525200632: Wildwood Road
[15059/16883] osm-w530337108: Harpers Hill Way
[15060/16883] osm-w531585337: Stuart Mill Road
[15061/16883] osm-w531591716: Clovermeadow Drive
[15062/16883] osm-w537287599: Whitacre Road
[15063/16883] osm-w541402335: Fauquier County, Virginia, 20188, United States
[15064/16883] osm-w542420289: Coast Guard Access
[15065/16883] osm-w544576719: Legato, Fair Oaks, Fairfax County, Virginia, 22035, United S
[15066/16883] osm-w547763164: Rural Hill Lane
[15067/16883] osm-w549994692: 33rd Road North
[15068/16883] osm-w550153736: Osprey Ridge Road
[15069/16883] osm-w553685849: Edenberry Court
[15070/16883] osm-w557476922: Pohick Road
[15071/16883] osm-w558340353: Virginia Capital Trail
[15072/16883] osm-w559328071: I 66
[15073/16883] osm-w560879596: Brookhollow Court
[15074/16883] osm-w566210220: Russell Branch Parkway
[15075/16883] osm-w570566535: Sunset Maple Drive
[15076/16883] osm-w575385213: Haislip Lane
[15077/16883] osm-w577861391: Golden Garden Circle
[15078/16883] osm-w577885672: Tennessee Drive Northeast
[15079/16883] osm-w582049452: Lee Park, Sandston, Henrico County, Virginia, 23250, United 
[15080/16883] osm-w600286993: Springs Road
[15081/16883] osm-w610985618: Mornington Cresent Terrace
[15082/16883] osm-w612358533: Rock Lake Loop
[15083/16883] osm-w633335149: Newbern Loop
[15084/16883] osm-w641033082: Cool Spring Road
[15085/16883] osm-w649631568: Macalister Drive Southeast
[15086/16883] osm-w651825414: Southall Court
[15087/16883] osm-w651831095: Cascades Parkway
[15088/16883] osm-w651831099: Wallingford Square
[15089/16883] osm-w651838039: Cecil Terrace
[15090/16883] osm-w652912518: Camdenhurst Drive
[15091/16883] osm-w654809313: Scattersville Gap Terrace
[15092/16883] osm-w661517804: Ashburn Village Boulevard
[15093/16883] osm-w664869231: Wise Mountain Road Northwest
[15094/16883] osm-w673211468: Pantops Mountain Road
[15095/16883] osm-w675326473: Hampton Forest Drive
[15096/16883] osm-w681239738: Ost Way
[15097/16883] osm-w683421327: Oakland Terrace
[15098/16883] osm-w684251269: London Downs Circle
[15099/16883] osm-w688683284: Henrico County
[15100/16883] osm-w688699867: Seminary Road
[15101/16883] osm-w689621608: Orkney Springs Road
[15102/16883] osm-w697981585: Mine Road
[15103/16883] osm-w700218993: 14th Street
[15104/16883] osm-w702490025: Pink Azalea Terrace Southeast
[15105/16883] osm-w707012554: Clouds Mill Drive
[15106/16883] osm-w707835907: Tall Oaks Square
[15107/16883] osm-w717174184: Capital Beltway
[15108/16883] osm-w720933756: Willow Ridge Way
[15109/16883] osm-w722342565: Powell School Road
[15110/16883] osm-w722611805: Wilkinson Drive Northeast
[15111/16883] osm-w722613285: Woodberry Lane
[15112/16883] osm-w723865773: Mark Center Drive
[15113/16883] osm-w729199474: Patrick County
[15114/16883] osm-w734159927: Wendellshire Way
[15115/16883] osm-w736534585: Old Germantown Road
[15116/16883] osm-w738567009: Locklies Creek Road
[15117/16883] osm-w739694549: Bowlers Road
[15118/16883] osm-w740097275: Beaver Pond Road
[15119/16883] osm-w745392851: Lake Drive
[15120/16883] osm-w746429940: Richmond, Virginia, 23230, United States
[15121/16883] osm-w746445807: Ampthill Road
[15122/16883] osm-w746642292: Goochland County
[15123/16883] osm-w747480498: Wallace Drive Southeast
[15124/16883] osm-w750316902: Campground Lane
[15125/16883] osm-w754377609: Pineview Square
[15126/16883] osm-w755574203: Dove Street
[15127/16883] osm-w755698254: Sycamore Hill Drive Northeast
[15128/16883] osm-w755836964: Southside, Richmond, Virginia, 23249, United States
[15129/16883] osm-w756058758: Sugarland Road
[15130/16883] osm-w756463703: Chellowe Road
[15131/16883] osm-w762179748: West Carnation Street
[15132/16883] osm-w762930463: Sterdley Falls Terrace
[15133/16883] osm-w764624982: Spring House Road
[15134/16883] osm-w767987109: Patriots Colony Drive
[15135/16883] osm-w769725654: Browns Chapel Road
[15136/16883] osm-w772351889: Crimson Crossing Way
[15137/16883] osm-w779217504: Carriage Hill Lane
[15138/16883] osm-w779660392: 16th Road North
[15139/16883] osm-w779989556: Manning Square
[15140/16883] osm-w779989559: Victoria Station Drive
[15141/16883] osm-w783766417: Rolling Road
[15142/16883] osm-w792967186: Gosnell Road
[15143/16883] osm-w799356988: Dogtown Road
[15144/16883] osm-w812660380: Gum Spring Road
[15145/16883] osm-w815127828: Lakeside Drive
[15146/16883] osm-w817959958: Ashridge Lane
[15147/16883] osm-w822416488: Groundhog Hills Road
[15148/16883] osm-w828243091: Locust Shade Drive
[15149/16883] osm-w829618760: Green Court
[15150/16883] osm-w831722945: Pamela Drive
[15151/16883] osm-w838157350: Glen Laurel Way
[15152/16883] osm-w840718851: White Oakwood Drive
[15153/16883] osm-w841741380: Anson Court
[15154/16883] osm-w845850835: Chafee Circle
[15155/16883] osm-w846230223: Jackson Arch Drive
[15156/16883] osm-w850313884: Rowan Court
[15157/16883] osm-w852189457: Castlebridge Road
[15158/16883] osm-w853021433: Alum Ridge Road Northwest
[15159/16883] osm-w855191741: Juniper Glen Drive
[15160/16883] osm-w857393262: Chanceford Drive
[15161/16883] osm-w865104773: Summer Duck Lane
[15162/16883] osm-w865948126: Turner Drive
[15163/16883] osm-w871535811: Stonedale Lane
[15164/16883] osm-w872755687: Success Drive
[15165/16883] osm-w872773717: Woodlawn, Fairfax County, Virginia, 22309, United States
[15166/16883] osm-w876615897: Madrillon Road
[15167/16883] osm-w876627184: Sherbrooke Circle
[15168/16883] osm-w884335405: North Quarter
[15169/16883] osm-w884335408: James City County, Virginia, 23187, United States
[15170/16883] osm-w885975661: Grove Court
[15171/16883] osm-w886058241: Bussel Point Road
[15172/16883] osm-w886058991: Ingram Bay Drive
[15173/16883] osm-w887918851: Two Rivers Road
[15174/16883] osm-w887990050: Pasbehegh Drive
[15175/16883] osm-w888790782: Oak Creek Court
[15176/16883] osm-w891938444: South Patrick Street
[15177/16883] osm-w892872311: Overland Drive
[15178/16883] osm-w892872316: Oak Court
[15179/16883] osm-w893202447: Hunting Hills Drive
[15180/16883] osm-w894441968: Whipplewood Court
[15181/16883] osm-w899855122: Charmed Way
[15182/16883] osm-w900773408: Sandy Lane
[15183/16883] osm-w901445322: Berryland Drive
[15184/16883] osm-w901958784: Woodberry Farm Road
[15185/16883] osm-w902710312: Old Millstone Drive
[15186/16883] osm-w905187425: Sunset Ridge Road
[15187/16883] osm-w905253411: Crystal Lake Drive
[15188/16883] osm-w907540073: State Street
[15189/16883] osm-w907932033: Tebbs Farm Way
[15190/16883] osm-w913821191: Hinton Court
[15191/16883] osm-w913821197: Breezewood Arch
[15192/16883] osm-w917484846: Geddy Terrace
[15193/16883] osm-w917486288: Brickert Place
[15194/16883] osm-w917487960: Henderson Court
[15195/16883] osm-w917489880: Beaver Creek Road
[15196/16883] osm-w918849293: Halifax County, Virginia, 24534, United States
[15197/16883] osm-w929851116: City Center Boulevard
[15198/16883] osm-w933043514: Fountain Circle
[15199/16883] osm-w938372013: Hazelwood Drive
[15200/16883] osm-w938526890: Gemstone Place
[15201/16883] osm-w938526913: Old Cavalry Drive
[15202/16883] osm-w938558350: Pickwick Road
[15203/16883] osm-w942751441: Pouncey Tract Road
[15204/16883] osm-w944016212: Cubitt Creek Road
[15205/16883] osm-w945911090: Airmont Road
[15206/16883] osm-w947076772: Tivoli Circle
[15207/16883] osm-w953973045: Links Pond Circle
[15208/16883] osm-w959007636: Robinwood Lane
[15209/16883] osm-w963334445: Oak Lane
[15210/16883] osm-w964071653: Fessenden Terrace
[15211/16883] osm-w964397191: Brightwalton Road
[15212/16883] osm-w966230393: Roland Smith Drive
[15213/16883] osm-w978273804: Stone Carver Road
[15214/16883] osm-w985562950: Four Mile Run Trail
[15215/16883] osm-w988655902: Scenic Lane
[15216/16883] osm-w1004397322: 2nd Street South
[15217/16883] osm-w1013877053: Milan Court
[15218/16883] osm-w1013877056: Effingham Court
[15219/16883] osm-w1021334078: Fairview Park Place
[15220/16883] osm-w1022360401: Thomas Jefferson Drive
[15221/16883] osm-w1028225676: Chartwell Drive
[15222/16883] osm-w1028445864: Neptune Road
[15223/16883] osm-w1030555029: Crystal Point Drive
[15224/16883] osm-w1039746807: New Town, James City County, Virginia, 23188, United States
[15225/16883] osm-w1040925040: Holmes Avenue
[15226/16883] osm-w1040925042: Holmes Avenue
[15227/16883] osm-w1055218926: Cool Brook Lane
[15228/16883] osm-w1057038353: Hilltop Road
[15229/16883] osm-w1057856576: Old Stone Fence Road
[15230/16883] osm-w1058133642: Whitetail Drive
[15231/16883] osm-w1060235901: Old Elys Ford Road
[15232/16883] osm-w1064395457: South Muhlenberg Street
[15233/16883] osm-w1064557649: Amberside
[15234/16883] osm-w1070053884: Andrews Lane
[15235/16883] osm-w1079488980: Tamworth Farm Lane
[15236/16883] osm-w1083070568: Woodcrest Drive
[15237/16883] osm-w1083278767: Tanager Place
[15238/16883] osm-w1083833175: Gleedsville Road
[15239/16883] osm-w1084396364: Windy Hill Road
[15240/16883] osm-w1084396367: Windy Hill Road
[15241/16883] osm-w1084449981: Chicacoan Lane
[15242/16883] osm-w1086099534: Sam Snead Highway
[15243/16883] osm-w1086301988: Jepco Lane
[15244/16883] osm-w1086549819: Forever Lane
[15245/16883] osm-w1086552967: Dockside Drive
[15246/16883] osm-w1087622685: Ditchley, Northumberland County, Virginia, 22482, United Sta
[15247/16883] osm-w1087622799: Hardings Wharf Drive
[15248/16883] osm-w1087623772: Spoonbill Lane
[15249/16883] osm-w1087624710: Heron Run
[15250/16883] osm-w1087624782: River Knoll Lane
[15251/16883] osm-w1087625054: Banks Circle
[15252/16883] osm-w1087625169: The Points Place
[15253/16883] osm-w1088187132: Bengü Gerek Avenue
[15254/16883] osm-w1092526630: Sawdust Road
[15255/16883] osm-w1092526631: Oakmont Court
[15256/16883] osm-w1092526632: Oakmont Court
[15257/16883] osm-w1092526637: Stuart Mill Road
[15258/16883] osm-w1092787303: Talley Court
[15259/16883] osm-w1092980912: Retreat Lane
[15260/16883] osm-w1094994492: Tack House Trail
[15261/16883] osm-w1103309120: Hampton Road
[15262/16883] osm-w1106209391: Homestead Drive
[15263/16883] osm-w1106737355: Georgetown Crescent
[15264/16883] osm-w1110792642: Windtree Court
[15265/16883] osm-w1112650807: Brushy Hill Lane
[15266/16883] osm-w1116271223: Air Park Boulevard
[15267/16883] osm-w1119993343: Lake Road
[15268/16883] osm-w1124296826: Blooming Road
[15269/16883] osm-w1128355923: Heather Lane
[15270/16883] osm-w1128357712: Bedford Park Road
[15271/16883] osm-w1129942684: River Landing Trail
[15272/16883] osm-w1132063975: Vantage Drive
[15273/16883] osm-w1133630231: Fox Light Parkway
[15274/16883] osm-w1135664496: Waters Avenue
[15275/16883] osm-w1148085723: Prospect Avenue
[15276/16883] osm-w1148348170: Mill Road
[15277/16883] osm-w1151492742: Prentis Street
[15278/16883] osm-w1152499159: Dulles Toll Road
[15279/16883] osm-w1152884574: Carnaby Drive
[15280/16883] osm-w1154829654: Meredith Drive
[15281/16883] osm-w1157360708: Lake Braddock Drive
[15282/16883] osm-w1158052480: West Great Neck Road
[15283/16883] osm-w1158242709: Allerton Court
[15284/16883] osm-w1158246269: River Ridge Boulevard
[15285/16883] osm-w1164990562: Mallard Drive
[15286/16883] osm-w1173124502: The Hill Road
[15287/16883] osm-w1173188830: Lake Tree Lane
[15288/16883] osm-w1173552829: Goochland County, Virginia, 23238, United States
[15289/16883] osm-w1174007122: Teagan Drive
[15290/16883] osm-w1174668663: Harborough Way
[15291/16883] osm-w1175879914: Old Plank Road
[15292/16883] osm-w1176003465: Powells Landing Circle
[15293/16883] osm-w1176992918: Mountain Valley Road
[15294/16883] osm-w1180125680: Red Hill Road
[15295/16883] osm-w1181516824: Country Place
[15296/16883] osm-w1184338676: Cold Spring Road
[15297/16883] osm-w1184472571: Terminal Boulevard
[15298/16883] osm-w1185407857: South Boston
[15299/16883] osm-w1192428079: Pickett Street
[15300/16883] osm-w1203333690: Cub Run Road
[15301/16883] osm-w1206698113: Monte Vista Road
[15302/16883] osm-w1207205483: Antrim, Pimmit Hills, Fairfax County, Virginia, 22043, Unite
[15303/16883] osm-w1208202614: Beaver Castle Road
[15304/16883] osm-w1208336421: Camp Virginia Drive
[15305/16883] osm-w1208336535: Jump View Lane
[15306/16883] osm-w1208511637: East Timber Ridge Road
[15307/16883] osm-w1212654915: Greenwood Lane
[15308/16883] osm-w1214451672: Old Buena Vista Road
[15309/16883] osm-w1215847324: West Wainwright Drive
[15310/16883] osm-w1219038925: Mays Quarter Road
[15311/16883] osm-w1222037567: Cool Spring Road
[15312/16883] osm-w1222049729: Millington Road
[15313/16883] osm-w1229215272: Reas Ford Road
[15314/16883] osm-w1229215824: Deer Run, Hollymead, Albemarle County, Virginia, 22936, Unit
[15315/16883] osm-w1230457417: Oak Terrace, Rio, Albemarle County, Virginia, 22906, United 
[15316/16883] osm-w1231240342: Westgate, Rio, Albemarle County, Virginia, 22906, United Sta
[15317/16883] osm-w1235227277: Ross Street
[15318/16883] osm-w1240704531: James Madison Highway
[15319/16883] osm-w1240734083: Summerwind Drive
[15320/16883] osm-w1241957785: Beach Access
[15321/16883] osm-w1250388081: Park Place Drive
[15322/16883] osm-w1264550036: Chesterfield Road
[15323/16883] osm-w1271182970: Savage Neck Road
[15324/16883] osm-w1278583383: Sweet Violet Lane
[15325/16883] osm-w1286555742: Manassas, Virginia, 22110, United States
[15326/16883] osm-w1293466225: Rec Park Road
[15327/16883] osm-w1296176184: Beverly Road
[15328/16883] osm-w1296649817: Willow Crest Court
[15329/16883] osm-w1299387845: Kingston Court
[15330/16883] osm-w1308604830: Ellerslie Road
[15331/16883] osm-w1311860731: Arcadian Drive
[15332/16883] osm-w1313136998: Lake Front Drive
[15333/16883] osm-w1322391776: Weston Lane
[15334/16883] osm-w1322391781: Old Culpeper Road
[15335/16883] osm-w1326292812: Mollies Creek Road
[15336/16883] osm-w1329889327: Eagles Road
[15337/16883] osm-w1330503485: Cedar Pond Drive
[15338/16883] osm-w1331113975: Boothe Street
[15339/16883] osm-w1331114004: 5th Street
[15340/16883] osm-w1331114013: Breezy Point Crescent
[15341/16883] osm-w1331114019: Eagle Way
[15342/16883] osm-w1332081098: Zulla Road
[15343/16883] osm-w1332081479: Airlie Road
[15344/16883] osm-w1333584519: White Hall Road
[15345/16883] osm-w1334160667: Meadowvista Lane
[15346/16883] osm-w1334160769: Rail Road Street
[15347/16883] osm-w1334160958: Wert Faulkner Highway
[15348/16883] osm-w1334161108: Island Pointe Lane
[15349/16883] osm-w1334161116: Electric Road
[15350/16883] osm-w1336355749: King Georges Grant
[15351/16883] osm-w1337295423: Pine Hill Road
[15352/16883] osm-w1338362600: Bridgewater Circle
[15353/16883] osm-w1339915229: Longstreet Drive
[15354/16883] osm-w1339916176: Fawn Lake Parkway
[15355/16883] osm-w1340190518: Warriner Road
[15356/16883] osm-w1340690496: River Road West
[15357/16883] osm-w1340695215: Ringview Drive
[15358/16883] osm-w1340698682: Mattaponi Avenue
[15359/16883] osm-w1340832554: North Wright Street
[15360/16883] osm-w1341386335: University Boulevard
[15361/16883] osm-w1341674209: Thorburn Farm Lane
[15362/16883] osm-w1345246952: Courthouse Road
[15363/16883] osm-w1346288724: Marlborough Point Road
[15364/16883] osm-w1346341110: Norfolk Street
[15365/16883] osm-w1346992187: Windsor Road
[15366/16883] osm-w1347448028: Yeocomico Lane
[15367/16883] osm-w1348128611: Quaker Lane
[15368/16883] osm-w1348128614: Rockaway Road
[15369/16883] osm-w1348411749: Juniper Street
[15370/16883] osm-w1352690205: Huttle Road
[15371/16883] osm-w1354477304: Coveway Lane
[15372/16883] osm-w1355428065: Walker Drive
[15373/16883] osm-w1356410413: Glenn Wood Drive
[15374/16883] osm-w1356411037: Parkwood Court
[15375/16883] osm-w1356411436: Mill Drive
[15376/16883] osm-w1379208030: Armendown Drive
[15377/16883] osm-w1384171994: Stepney Drive
[15378/16883] osm-w1390044774: Main Street
[15379/16883] osm-w1395623906: Fair Lakes Parkway
[15380/16883] osm-w1410434897: Walhala Drive
[15381/16883] osm-w1412346306: Colby Drive
[15382/16883] osm-w1412413249: Virginia Street
[15383/16883] osm-w1413175186: Airport Road
[15384/16883] osm-w1413347753: Great Falls Way
[15385/16883] osm-w1413351563: Walker Lake Drive
[15386/16883] osm-w1414090207: Colleen Drive
[15387/16883] osm-w1414186985: Lee-Grant Avenue
[15388/16883] osm-w1414377432: Blue Devil Drive
[15389/16883] osm-w1416737745: Town Hall Avenue
[15390/16883] osm-w1417529622: Saddle Ridge Road
[15391/16883] osm-w1417651765: Ammonett Drive
[15392/16883] osm-w1418069938: Cave Street
[15393/16883] osm-w1418950441: Seven Hollys Drive
[15394/16883] osm-w1419233079: Church Street
[15395/16883] osm-w1421622379: Wenonah Avenue
[15396/16883] osm-w1421834687: North Cherry Street
[15397/16883] osm-w1422491494: Quartermaster Road
[15398/16883] osm-w1424512192: Old Elk Mountain Road
[15399/16883] osm-w1424642915: Quarter Track
[15400/16883] osm-w1424843449: Kent Drive
[15401/16883] osm-w1425041982: Peuman Road
[15402/16883] osm-w1427165104: Level Way
[15403/16883] osm-w1427333144: Regents Parkway
[15404/16883] osm-w1428280654: Robious Road
[15405/16883] osm-w1430418810: Turtle Creek Drive
[15406/16883] osm-w1431219405: Marshall Arch Drive
[15407/16883] osm-w1431220744: Cardiff Court
[15408/16883] osm-w1432608940: Evergreen Avenue
[15409/16883] osm-w1432782629: Broach Drive
[15410/16883] osm-w1434156658: Hartwood Court
[15411/16883] osm-w1434396687: Devon Drive
[15412/16883] osm-w1434441176: Sports Medicine Drive
[15413/16883] osm-w1434454916: Royal Orchard Drive
[15414/16883] osm-w1435104869: Stokley Way
[15415/16883] osm-w1435104967: Towlston Road
[15416/16883] osm-w1435105168: Laurel Hill Road
[15417/16883] osm-w1435280958: Locust Grove Lane
[15418/16883] osm-w1435980662: Daybreak Circle
[15419/16883] osm-w1435982188: Stratford Court
[15420/16883] osm-w1436183083: Reston Parkway
[15421/16883] osm-w1436494840: South Barton Street
[15422/16883] osm-w1436773459: Autumn Harvest Trail
[15423/16883] osm-w1442424403: Holt Street
[15424/16883] osm-w1442425049: Kempff Street
[15425/16883] osm-w1442425273: Old Providence Road
[15426/16883] osm-w1442457892: Deerberry Court
[15427/16883] osm-w1442458125: Brandy Station Road
[15428/16883] osm-w1442978658: Westminster Avenue
[15429/16883] osm-w1442978659: Elbert Way
[15430/16883] osm-w1443063219: Schoolhouse Road
[15431/16883] osm-w1443576838: Kentigern Terrace
[15432/16883] osm-w1443821569: Morrison Grove Drive
[15433/16883] osm-w1443899834: Blacksburg Road
[15434/16883] osm-w1443900253: Charleston Place
[15435/16883] osm-w1443900810: Red Lane
[15436/16883] osm-w1443901205: Bedford Avenue
[15437/16883] osm-w1443901277: Route 9878
[15438/16883] osm-w1443901847: Little Run Road
[15439/16883] osm-w1443987280: Fox Grove, Woodlake, Chesterfield County, Virginia, 23120, U
[15440/16883] osm-w1444560654: Smith Station Road
[15441/16883] osm-w1445216325: Crest Hill Road
[15442/16883] osm-w1445919455: Carters Farm Lane
[15443/16883] osm-w1447762543: Old Buckingham Road
[15444/16883] osm-w1449714927: Pinecrest Road
[15445/16883] osm-w1449715463: Franklin Farm Path
[15446/16883] osm-w1451656576: Harrison Park Road
[15447/16883] osm-w1454786435: Ashbrook Parkway
[15448/16883] osm-w1460372060: Old Kings Road
[15449/16883] osm-w1462190055: Pintail Lane
[15450/16883] osm-w1463636653: Vacation Village Way
[15451/16883] osm-w1464476828: Abingdon Urban Pathway
[15452/16883] osm-w1467178653: Lee Overlook Road
[15453/16883] osm-w1469013140: Enterprise Lane
[15454/16883] osm-w1470129464: Ridgewood Avenue
[15455/16883] osm-w1474826137: Wildcat Drive
[15456/16883] osm-w1474837391: Quinnelly Drive
[15457/16883] osm-w1474839432: Lake Wisdom Drive
[15458/16883] osm-w1474884492: Hemlock Haven Lane
[15459/16883] osm-w1474895417: Lee Highway
[15460/16883] osm-w1475140226: SR 9390
[15461/16883] osm-w1475995684: Relay Road
[15462/16883] osm-w1475996423: Polaris Street
[15463/16883] osm-w1476211154: Forrestal Drive
[15464/16883] osm-w1476213658: Fenwick Road
[15465/16883] osm-w1476219024: City Center Boulevard
[15466/16883] osm-w1476220869: Balboa Crescent
[15467/16883] osm-w1476221763: Pershing Avenue
[15468/16883] osm-w1476222653: Pocahontas Trail
[15469/16883] osm-w1476222924: Avon Avenue
[15470/16883] osm-w1476224634: Perimeter Road
[15471/16883] osm-w1476236533: William Campbell Drive
[15472/16883] osm-w1476236796: Caroline Avenue
[15473/16883] osm-w1476329761: Chase Gayton Circle
[15474/16883] osm-w1476330508: Castile Road
[15475/16883] osm-w1476330887: Americana Drive
[15476/16883] osm-w1476331632: Reston, Fairfax County, Virginia, 22181, United States
[15477/16883] osm-w1476332048: Henry G. Shirley Memorial Highway
[15478/16883] osm-w1476332122: Four Mile Run Trail
[15479/16883] osm-w1476655868: Baker Street Southwest
[15480/16883] osm-w1476656232: Deer Run Road
[15481/16883] osm-w1476656421: Fairystone Park Highway
[15482/16883] osm-w1476661027: Piney Forest Road
[15483/16883] osm-w1477330940: Oak Hill Road
[15484/16883] osm-w1478459891: Buckley Hall Road
[15485/16883] osm-w1478460872: Old Church Road
[15486/16883] osm-w1484436661: Waites Way
[15487/16883] osm-w1484759442: Shenandoah Crossing Drive
[15488/16883] osm-w1484760088: Keswick Road
[15489/16883] osm-w1485072623: Blenheim Road
[15490/16883] osm-w1485394298: Raccoon Ridge
[15491/16883] osm-w1487365818: Dahlgren Road
[15492/16883] osm-w1490235836: Fauquier County, Virginia, 20198, United States
[15493/16883] osm-w1490304094: Tidewater Trail
[15494/16883] osm-w1492285611: South Lynn Street
[15495/16883] osm-w1492285966: 16th Street South
[15496/16883] osm-w1492634724: November Lane
[15497/16883] osm-w1493299436: Silo House Avenue
[15498/16883] osm-w1493474074: Buckboard Drive
[15499/16883] osm-w1494697518: Kentland Trail
[15500/16883] osm-w1495322137: Hartland House Lane
[15501/16883] osm-w1495369278: Lake Forest Drive
[15502/16883] osm-w1495871138: Little Falls Place
[15503/16883] osm-w1497175995: Yellow Schoolhouse Road
[15504/16883] osm-w1497425401: Prosperity Avenue
[15505/16883] osm-w1497990969: Stallion Barn Place
[15506/16883] osm-w1497991321: Idyl Lane
[15507/16883] osm-w1497991455: Pimmit Drive
[15508/16883] osm-w1500292690: Country Green Road
[15509/16883] osm-w1500651045: Shadow Lane
[15510/16883] osm-w1500651052: Hampton Road
[15511/16883] osm-w1501130241: Powells Tavern Place
[15512/16883] osm-w1501135406: Isle Royale Terrace
[15513/16883] osm-w1501460744: Pickwick Road
[15514/16883] osm-w1501557824: Margie Drive
[15515/16883] osm-w1504766291: Heritage Lane
[15516/16883] osm-w1506540034: Tuckahoe Creek Parkway
[15517/16883] osm-w1509242729: Duncan Way
[15518/16883] osm-w1509243429: Recreation Road
[15519/16883] osm-w1509665601: Charter Club Way
[15520/16883] osm-w1509666204: Black Seam Court
[15521/16883] osm-w1509969639: Theme Park Way
[15522/16883] osm-w1509984562: Woodbine Court
[15523/16883] osm-w1509986330: Chancellor, Spotsylvania County, Virginia, 22407, United Sta
[15524/16883] osm-w1509986976: Monticello Street
[15525/16883] osm-w1509988864: Taliaferro Trail
[15526/16883] osm-w1510000012: Sampson Road
[15527/16883] osm-w1510000244: Welch Road
[15528/16883] osm-w1510021689: Kendalwood Lane
[15529/16883] osm-w1510146991: Ragtown Road
[15530/16883] osm-w1510294273: Little League Lane
[15531/16883] osm-w1510295317: Eastern Bypass
[15532/16883] osm-w1510303453: Institute Lane
[15533/16883] osm-w1510315645: Chain Bridge Road
[15534/16883] osm-w1510709493: Great Falls Street
[15535/16883] osm-w1512083461: Black Hawk Drive
[15536/16883] osm-w1512084843: Nicholas Road
[15537/16883] osm-w1512085413: Spyglass Hill, River Oaks, Cherry Hill, Prince William Count
[15538/16883] osm-w1512099410: CCT Connector
[15539/16883] osm-w1512100011: Goethals Road
[15540/16883] osm-w1512100398: Woodland Park, Mount Vernon, Fairfax County, Virginia, 22121
[15541/16883] osm-w1512102216: Independence Drive
[15542/16883] osm-w1512529144: Ridgefield Road Southwest
[15543/16883] osm-w1515595560: Quailwood Manor Drive
[15544/16883] osm-w1515717308: Leesburg, Loudoun County, Virginia, 20175, United States
[15545/16883] osm-w1515717375: Countryside Boulevard
[15546/16883] osm-w1518762874: Rockefeller Lane
[15547/16883] osm-w1523560818: Kalmia Lane
[15548/16883] osm-w1523777892: Marquette Mews
[15549/16883] osm-w1524047120: Bannerwood, Bull Run, Prince William County, Virginia, 20109
[15550/16883] osm-w1524123451: Burnetta Drive
[15551/16883] osm-w1524284521: Rolling Holly Drive
[15552/16883] osm-w1524380496: Casilear Road
[15553/16883] osm-w1524553615: Ashbury Drive
[15554/16883] osm-w1524751433: Robert E Lee Place
[15555/16883] osm-w1524784439: Wetherburn Court
[15556/16883] osm-w1524787752: Cottontail Court
[15557/16883] osm-w1524817963: Virginia Oaks Drive
[15558/16883] osm-w1524820264: Capital Beltway
[15559/16883] osm-w1524821817: North Beauregard Street
[15560/16883] osm-w1524822177: Donegal Drive
[15561/16883] osm-w1524822521: Skyview Lane
[15562/16883] osm-w1524824118: Highland Drive
[15563/16883] osm-w1524824953: Little River Turnpike Service Road
[15564/16883] osm-w1524827393: Sampal Place
[15565/16883] osm-w1524828337: Ridge View Drive
[15566/16883] osm-w1524900059: Susquehanna Road
[15567/16883] osm-w1524901273: Rothbury Drive
[15568/16883] osm-w1524902173: Otsego Drive
[15569/16883] osm-w1524902265: Crippen Vale Court
[15570/16883] osm-w1524903379: 66 Parallel Trail
[15571/16883] osm-w1524905842: North Chambliss Street
[15572/16883] osm-w1524997335: Rock Lane
[15573/16883] osm-w1526474538: Sunset Knoll Road
[15574/16883] osm-w1529513489: Forest Hills, Lake Barcroft, Fairfax County, Virginia, 22041
[15575/16883] osm-w1529764626: Service Road
[15576/16883] osm-w1529991477: Chain Bridge Road
[15577/16883] osm-w1529991589: Evermay, Langley, McLean, Fairfax County, Virginia, 22101, U
[15578/16883] osm-w1529992282: Walter Heights, Langley, McLean, Fairfax County, Virginia, 2
[15579/16883] osm-w1529994060: Boyle Lane
[15580/16883] osm-w1530218028: Hunting Pines Place
[15581/16883] osm-w1530219185: Chapel Road
[15582/16883] osm-w1530727452: Windrock Drive
[15583/16883] osm-w1532557680: Campus Drive
[15584/16883] osm-w1533311945: Turkey Island Road
[15585/16883] osm-w1537226960: Cross County Trail
[15586/16883] osm-w1540119890: Charles Henry Place
[15587/16883] osm-w1544908306: Yellow Gate Lane
[15588/16883] osm-w1547343268: James Madison Highway
[15589/16883] osm-w1553155962: Snickersville Turnpike
[15590/16883] osm-w1553156134: Hill House Court
[15591/16883] osm-w1553311040: South Sunset Drive
[15592/16883] osm-r6518654: York County, Virginia, United States
[15593/16883] osm-r6543245: Petit-Foster Lane
[15594/16883] osm-r14245442: Point Pleasant Drive
[15595/16883] osm-n13949933690: School Street
[15596/16883] osm-n13954892068: Parsons Lane
[15597/16883] osm-n13954892072: Vermont Route 30
[15598/16883] osm-w19688552: Coventry Road
[15599/16883] osm-w139737494: Cottage Street
[15600/16883] osm-w152163194: Hurricane Lane
[15601/16883] osm-w165557319: Crown Point Road
[15602/16883] osm-w168815525: Anna Marsh Lane
[15603/16883] osm-w203844137: Acorn Drive
[15604/16883] osm-w227057542: Main Street
[15605/16883] osm-w230913092: Edgewood Park Lane
[15606/16883] osm-w230913677: Parenteau Lane
[15607/16883] osm-w231062842: Old 5A Road
[15608/16883] osm-w231106201: Blueberry Point Lane
[15609/16883] osm-w232904164: Mountain Road
[15610/16883] osm-w232923622: Luce Hill Road
[15611/16883] osm-w232923623: Village Green
[15612/16883] osm-w232931794: Topnotch Drive
[15613/16883] osm-w232931795: Topnotch Drive
[15614/16883] osm-w233576133: Snow Drift Lane
[15615/16883] osm-w257962091: Harrison Lane
[15616/16883] osm-w257962104: Okemo Ridge Road
[15617/16883] osm-w287775635: Boynton Road
[15618/16883] osm-w294778419: Fowler Lane
[15619/16883] osm-w298174860: Shaw Knoll Road
[15620/16883] osm-w324811262: Joslin Hill Road
[15621/16883] osm-w324899268: Eagles Road
[15622/16883] osm-w325329167: Joslin Hill Road
[15623/16883] osm-w325329372: Deer Run Lane
[15624/16883] osm-w345641486: Wallace Way
[15625/16883] osm-w347981121: Grout Pond Road
[15626/16883] osm-w354206598: Tatro Road
[15627/16883] osm-w414438046: Sandgate Road
[15628/16883] osm-w422854373: Manchester Village Historic District, Manchester, Bennington
[15629/16883] osm-w424715785: Gove Hill Road
[15630/16883] osm-w434838076: North Harbor Road
[15631/16883] osm-w436252471: East Birch Road
[15632/16883] osm-w436266207: Pikes Falls Road
[15633/16883] osm-w436281464: 900 Styles Brook
[15634/16883] osm-w442873875: Palmer House Motel
[15635/16883] osm-w442932770: Handle Road
[15636/16883] osm-w447867019: Harbor Road
[15637/16883] osm-w448998482: Wake Robin Lane
[15638/16883] osm-w458067590: White Gates Lane
[15639/16883] osm-w475735398: Sewer Plant Road
[15640/16883] osm-w482321621: Vermont Route 100
[15641/16883] osm-w483649582: Brand Farm Drive
[15642/16883] osm-w483649586: Brand Farm Drive
[15643/16883] osm-w507117414: North Main Street
[15644/16883] osm-w544611123: Stonehedge Drive
[15645/16883] osm-w558906072: Toll Road
[15646/16883] osm-w559159450: Outbound Way
[15647/16883] osm-w559178651: Langelaut
[15648/16883] osm-w559842774: Upper Phase Road
[15649/16883] osm-w559842816: Bridges Circle
[15650/16883] osm-w559842864: Sports Center Drive
[15651/16883] osm-w559862775: Mill Brook Road
[15652/16883] osm-w561908673: Pine Haven Shores Lane
[15653/16883] osm-w561908675: South Beach Road
[15654/16883] osm-w569989433: Vermont Route 100
[15655/16883] osm-w579004767: Mountain Road
[15656/16883] osm-w601775210: North Street
[15657/16883] osm-w603089431: Goodrich Four Corners Road
[15658/16883] osm-w603089432: Middle Road
[15659/16883] osm-w603089437: Route 132
[15660/16883] osm-w604990321: New Boston Road
[15661/16883] osm-w608729925: West Street
[15662/16883] osm-w614084529: Main Street
[15663/16883] osm-w614335242: Vermont Route 12
[15664/16883] osm-w620614493: Vermont Route 100
[15665/16883] osm-w620966649: Gardenside Lane
[15666/16883] osm-w688666820: School Street
[15667/16883] osm-w802322207: Broadacres Drive
[15668/16883] osm-w861197923: Chaplin Lane
[15669/16883] osm-w893113593: I-189 Recreation Path
[15670/16883] osm-w901757434: Pleasant Valley Road
[15671/16883] osm-w907392517: Route 315
[15672/16883] osm-w909298321: Lovers Lane
[15673/16883] osm-w934682482: Vermont Route 244
[15674/16883] osm-w934682484: Vermont Route 244
[15675/16883] osm-w940206033: Vermont Route 244
[15676/16883] osm-w940206036: Vermont Route 244
[15677/16883] osm-w940206041: Vermont Route 244
[15678/16883] osm-w940993958: Pleasant Street
[15679/16883] osm-w946668209: Chateguay Road
[15680/16883] osm-w966567434: Quinibeck Road
[15681/16883] osm-w966567440: Lochearn Road
[15682/16883] osm-w968588166: Tucker Hill Road
[15683/16883] osm-w972621315: Forest Lake Road
[15684/16883] osm-w983348438: Wendy Lane
[15685/16883] osm-w983662192: Spurce Lake Estates Road
[15686/16883] osm-r20367100: Sweetwater Lane
[15687/16883] osm-w987129042: Ely Road
[15688/16883] osm-w999209368: Bragg Hill Road
[15689/16883] osm-w999209382: Farm Road
[15690/16883] osm-w999209386: Farm Road
[15691/16883] osm-w1000594368: Lake Morey Road
[15692/16883] osm-w1000812415: Vermont Route 30
[15693/16883] osm-w1000812416: Vermont Route 30
[15694/16883] osm-w1000812425: Danby Mountain Road
[15695/16883] osm-w1000835614: Vermont Route 30
[15696/16883] osm-w1000835625: Vermont Route 30 South
[15697/16883] osm-w1001134650: Grafton Street
[15698/16883] osm-w1001292593: Samson Road
[15699/16883] osm-w1005650898: Quarry Hill Road
[15700/16883] osm-w1006766804: Royalton Turnpike
[15701/16883] osm-w1009033453: Landing Lane
[15702/16883] osm-w1012174115: South Hero
[15703/16883] osm-w1012882175: Connor Road
[15704/16883] osm-w1012882193: Hackamore Road
[15705/16883] osm-w1017194575: Vermont Route 44
[15706/16883] osm-w1018538905: Airport Road
[15707/16883] osm-w1018800246: Clover Hill Road
[15708/16883] osm-w1018838861: Greenspring Road
[15709/16883] osm-w1019326112: North Bingham Street
[15710/16883] osm-w1019725933: Valley Trail
[15711/16883] osm-w1019725935: Tannery Road
[15712/16883] osm-w1020013291: Billings Road
[15713/16883] osm-w1020375077: Sunset View Road
[15714/16883] osm-w1020444444: Killington Road
[15715/16883] osm-w1020444446: Telemark Road
[15716/16883] osm-w1020925935: Vermont Route 100
[15717/16883] osm-w1021021614: Christmas Tree Road
[15718/16883] osm-w1021021653: North Fayston Road
[15719/16883] osm-w1027192736: Fiddlehead Road
[15720/16883] osm-w1027192740: German Flats Road
[15721/16883] osm-w1027584418: Thompson Pond Road
[15722/16883] osm-w1029012073: Chamonix Road
[15723/16883] osm-w1029012075: Snow Track North
[15724/16883] osm-w1029051828: Forest Lane
[15725/16883] osm-w1029051831: Margit Ridgeway Road
[15726/16883] osm-w1029051839: Apple Hill Lane
[15727/16883] osm-w1030085762: Bragg Road
[15728/16883] osm-w1030578868: Route 132
[15729/16883] osm-w1034528077: Spear Cemetery Road
[15730/16883] osm-w1034528090: Bryant Road
[15731/16883] osm-w1034528107: South Road
[15732/16883] osm-w1034866016: Mountain Road
[15733/16883] osm-w1036309054: Kentfield Road
[15734/16883] osm-w1038808340: Royal Road
[15735/16883] osm-w1039100555: Taylor Road
[15736/16883] osm-w1039100558: Westminster Road
[15737/16883] osm-w1039354495: Saint Johnsbury
[15738/16883] osm-w1039358631: Playground Road
[15739/16883] osm-w1040319343: Cedar Ridge
[15740/16883] osm-w1040319354: Light House Point
[15741/16883] osm-w1040319375: McGregor Point
[15742/16883] osm-w1040414169: Castle Hill Drive
[15743/16883] osm-w1040648696: Buxton Avenue
[15744/16883] osm-w1040991535: Florence Avenue
[15745/16883] osm-w1043513626: Recreation Field Road
[15746/16883] osm-w1043591201: Vietnam Veterans Memorial Highway
[15747/16883] osm-w1044778541: Mountain Road
[15748/16883] osm-w1046258394: Meadow Brook Drive
[15749/16883] osm-w1046258396: Howard Park Road
[15750/16883] osm-w1046868128: Salter Hill Road
[15751/16883] osm-w1046944567: Abnaki Road
[15752/16883] osm-w1046944623: Ministry Lane
[15753/16883] osm-w1047005043: Old Orchard Lane
[15754/16883] osm-w1049377957: Camp Kiniya Road
[15755/16883] osm-w1049377961: Camp Kiniya Road
[15756/16883] osm-w1049377978: Sunderland Woods Road
[15757/16883] osm-w1053043587: Turnpike Road
[15758/16883] osm-w1053043591: Pattrell Road
[15759/16883] osm-w1054316142: Sadler Lane
[15760/16883] osm-w1055247367: Overlook Drive
[15761/16883] osm-w1060176269: Spear Street
[15762/16883] osm-w1060653239: Bellevue Avenue
[15763/16883] osm-w1060653292: Best Western Place
[15764/16883] osm-w1060909364: Lake Morey Road
[15765/16883] osm-w1060909368: Lake Morey Road
[15766/16883] osm-w1064067968: Old Dock Road
[15767/16883] osm-w1064128562: U.S. Route 2 West
[15768/16883] osm-w1064989396: Shelburne, Chittenden County, Vermont, 05482, United States
[15769/16883] osm-w1064989414: Shelburne, Chittenden County, Vermont, 05482, United States
[15770/16883] osm-w1072476315: Pierson Place
[15771/16883] osm-w1073200251: Harbor Road
[15772/16883] osm-w1075599860: Morgan Drive
[15773/16883] osm-w1075938080: Shelburne, Chittenden County, Vermont, 05482, United States
[15774/16883] osm-w1076200177: Adrondack Drive
[15775/16883] osm-w1076200178: North Gate Road
[15776/16883] osm-w1076462256: North Gate Road
[15777/16883] osm-w1078528462: Barnumville Road
[15778/16883] osm-w1078528468: Aspen Lane
[15779/16883] osm-w1088238979: Suntec Loop
[15780/16883] osm-w1088238981: Forest Lane
[15781/16883] osm-w1090255676: Coldbrook Road
[15782/16883] osm-w1090528470: Wheelock Road
[15783/16883] osm-w1092160691: Concord Avenue
[15784/16883] osm-w1097399557: Lawrence Hill Road
[15785/16883] osm-w1102475641: Upper Dam Road
[15786/16883] osm-w1112145832: Wild Apple Road
[15787/16883] osm-w1133596279: Toll House Road
[15788/16883] osm-w1157025043: Blacks Point Road
[15789/16883] osm-w1172710773: Lamoille Valley Rail Trail
[15790/16883] osm-w1180692239: Miller Place
[15791/16883] osm-w1206369891: Lake Road
[15792/16883] osm-w1214480778: Cedar Street
[15793/16883] osm-w1214600682: Covered Bridge Road
[15794/16883] osm-w1268875800: South Hero
[15795/16883] osm-w1269001617: South Hero
[15796/16883] osm-w1278570558: Marlboro Road
[15797/16883] osm-w1278810286: Dorset Heights
[15798/16883] osm-w1287714346: Birch Tree Lane
[15799/16883] osm-w1295061033: Lake Morey Road
[15800/16883] osm-w1295061058: Lake Morey Road
[15801/16883] osm-w1302173321: Churchill Lane
[15802/16883] osm-w1302780374: Brush Hill Road
[15803/16883] osm-w1322410847: Benson Road
[15804/16883] osm-w1354250897: Farrell Street
[15805/16883] osm-w1354700170: Martindale Road
[15806/16883] osm-w1356746088: Lake Raponda Road
[15807/16883] osm-w1360977324: North Hero
[15808/16883] osm-w1392366649: Kipling Road
[15809/16883] osm-w1430918681: Okemo Trailside Extension
[15810/16883] osm-w1432485667: Indian Creek
[15811/16883] osm-w1446294628: Lake Morey Road
[15812/16883] osm-w1446294635: Lake Morey Road
[15813/16883] osm-w1446294641: Lake Morey Road
[15814/16883] osm-w1450077419: Claire Point Road
[15815/16883] osm-w1450078153: Marble Island Road
[15816/16883] osm-w1456779808: Delancey Road
[15817/16883] osm-w1462200159: Lawnwood Drive
[15818/16883] osm-w1469814186: Greenway Loop
[15819/16883] osm-w1484617948: Cobleigh Square
[15820/16883] osm-w1485004043: East Street
[15821/16883] osm-w1486075242: Tyler Place
[15822/16883] osm-w1486075476: Tyler Place
[15823/16883] osm-w1486075592: Shore Acres Drive
[15824/16883] osm-w1486090096: Brickyard Road
[15825/16883] osm-w1486092297: River Road
[15826/16883] osm-w1486094570: North Brownell Road
[15827/16883] osm-w1486095501: Brook Road
[15828/16883] osm-w1486095629: Mountainside Drive
[15829/16883] osm-w1486095821: Herion Road
[15830/16883] osm-w1486189982: Hosmer Point
[15831/16883] osm-w1486190714: U.S. Route 5
[15832/16883] osm-w1491953778: Saybrook Road
[15833/16883] osm-w1492349733: Freeman Woods
[15834/16883] osm-w1498112927: Tennis Court Drive
[15835/16883] osm-w1499130118: Turcotte Road
[15836/16883] osm-w1499776848: Davis Drive
[15837/16883] osm-w1499777962: Eagle Nest Road
[15838/16883] osm-w1499778997: Recreation Park Road
[15839/16883] osm-w1501142336: Pitkin Road
[15840/16883] osm-w1504275678: Pond Road
[15841/16883] osm-w1504735799: Murray Hill Drive
[15842/16883] osm-w1505708940: Doctors Brook Road
[15843/16883] osm-w1505709134: Mill Brook Road
[15844/16883] osm-w1505711896: Camp Road
[15845/16883] osm-w1505712481: Vermont Route 3
[15846/16883] osm-w1505712746: High Ridge Road
[15847/16883] osm-w1505712975: River Road
[15848/16883] osm-w1505713217: Quechee Main Street
[15849/16883] osm-w1505727235: Common Street
[15850/16883] osm-w1505727594: Redbrook Road
[15851/16883] osm-w1507760864: Tanglewood Lane
[15852/16883] osm-w1517813795: Brickyard Road
[15853/16883] osm-w1517813867: Peavine Drive
[15854/16883] osm-w1526899524: Big Dock Court
[15855/16883] osm-w1546041807: North Shore Road
[15856/16883] osm-w1552421750: Gonyeau Road
[15857/16883] osm-w1552421842: West Shore Road
[15858/16883] osm-w1552422495: Morrissey Place
[15859/16883] osm-w1552536564: Vermont Route 14
[15860/16883] osm-n14111436265: 1st Place South
[15861/16883] osm-w37818018: West Mukilteo Boulevard
[15862/16883] osm-w37819704: 125th Place Southeast
[15863/16883] osm-w57819455: Engle Road
[15864/16883] osm-w128948403: Eastrail
[15865/16883] osm-w145258947: Southeast 25th Street
[15866/16883] osm-w145393562: Southeast 32nd Street
[15867/16883] osm-w146204041: North Mercer Way
[15868/16883] osm-w146237851: I 90 Trail
[15869/16883] osm-w146237856: Southeast 34th Street
[15870/16883] osm-w146237858: Southeast 35th Street
[15871/16883] osm-w146237878: Southeast 94th Avenue
[15872/16883] osm-w147321549: West Mercer Way
[15873/16883] osm-w150274203: Forest Avenue Southeast 1st
[15874/16883] osm-w150274207: Holly Lane
[15875/16883] osm-w150274218: Evergreen Lane
[15876/16883] osm-w151748949: 85th Avenue Southeast
[15877/16883] osm-w152280734: 86th Avenue Southeast
[15878/16883] osm-w158791888: Southeast 41st Street
[15879/16883] osm-w163373121: Federal Way, King County, Washington, 98063, United States
[15880/16883] osm-w184735953: Tangney Memorial Drive
[15881/16883] osm-w192502018: Ferncroft Road
[15882/16883] osm-w192530866: Island Crest Way
[15883/16883] osm-w211525468: 22nd Street
[15884/16883] osm-w220677695: Northeast 34th Place
[15885/16883] osm-w220677702: Northeast 33rd Place
[15886/16883] osm-w227897183: Southeast Issaquah Fall City Road
[15887/16883] osm-w233149942: Shelton, Mason County, Washington, United States
[15888/16883] osm-w247133154: Northwest Elford Drive
[15889/16883] osm-w258576804: 232nd Street Southeast
[15890/16883] osm-w271946441: Barnes Creek Nature Trail
[15891/16883] osm-w271954385: 10th Avenue South
[15892/16883] osm-w271954387: South Rainbow Lane
[15893/16883] osm-w272370750: Barnes Creek Nature Trail
[15894/16883] osm-w283270979: Vashon Highway Southwest
[15895/16883] osm-w329586075: Northeast 109th Lane
[15896/16883] osm-w356356260: 111th Place Southeast
[15897/16883] osm-w363262886: Northeast 163rd Street
[15898/16883] osm-w367538180: Mount Vista, Fairgrounds, Clark County, Washington, 98686, U
[15899/16883] osm-w403754591: Northwest 133rd Street
[15900/16883] osm-w409291413: Cascade Drive
[15901/16883] osm-w410977250: 130th Avenue Southeast
[15902/16883] osm-w415201339: Junction Lane
[15903/16883] osm-w416626366: Frazier Lane
[15904/16883] osm-w421942712: Lewis River Road
[15905/16883] osm-w422125890: Northeast Notchlog Drive
[15906/16883] osm-w422902419: Northwest Highland Drive
[15907/16883] osm-w422902420: Cascade Drive
[15908/16883] osm-w429989796: Tahoma Street East
[15909/16883] osm-w430674633: Southwest Thistle Street
[15910/16883] osm-w433220175: South Holly Street
[15911/16883] osm-w433795718: 69th Drive Southeast
[15912/16883] osm-w434795598: Snohomish Cascade Drive
[15913/16883] osm-w442319386: North Vistawood Court
[15914/16883] osm-w442319389: North Vistawood Court
[15915/16883] osm-w445281915: South Tobin Street
[15916/16883] osm-w446753338: West 9th Street
[15917/16883] osm-w457786374: A Street
[15918/16883] osm-w464787392: Palm Drive
[15919/16883] osm-w469847791: South 166th Street
[15920/16883] osm-w472255339: Lundeen Road Southwest
[15921/16883] osm-w477087226: Promise Lane Southwest
[15922/16883] osm-w487915240: Southeast McCullough Street
[15923/16883] osm-w508394048: Leavenworth, Chelan County, Washington, United States
[15924/16883] osm-w522322453: Ki-Be Road
[15925/16883] osm-w523676369: West Clark Street
[15926/16883] osm-w536867875: 138th Street Southeast
[15927/16883] osm-w544428628: Northeast 6th Street
[15928/16883] osm-w557145080: 194th Place Southwest
[15929/16883] osm-w563079475: Kala Lagoon Court
[15930/16883] osm-w563505214: Kala Heights Drive
[15931/16883] osm-w566236419: North Nugent Road
[15932/16883] osm-w577360810: Port Susan Drive
[15933/16883] osm-w582484275: State Street
[15934/16883] osm-w590896459: Maxwelton Road
[15935/16883] osm-w617369726: Howard Avenue Northeast
[15936/16883] osm-w622954955: Budd Street Northwest
[15937/16883] osm-w625201710: Sunset Beach Drive Northwest
[15938/16883] osm-w626800928: Aspinwall Court Northwest
[15939/16883] osm-w630660781: West Hall Avenue
[15940/16883] osm-w632649547: Snohomish County, Washington, 98087, United States
[15941/16883] osm-w647056958: Northeast 47th Place
[15942/16883] osm-w651842292: Northeast 146th Circle
[15943/16883] osm-w663881474: West Tah Kin Road
[15944/16883] osm-w679167700: 91st Avenue Southeast
[15945/16883] osm-w687286401: Southeast 322nd Street
[15946/16883] osm-w687999653: Tolt Pipeline Trail
[15947/16883] osm-w690028504: 17th Street
[15948/16883] osm-w700578499: 159th Court Northeast
[15949/16883] osm-w700682061: Springhetti Road
[15950/16883] osm-w719450453: Chester Road
[15951/16883] osm-w738997688: Dogwood Lane
[15952/16883] osm-w738997697: Woodway Park Road
[15953/16883] osm-w738997699: Woodway Park Road
[15954/16883] osm-w738997733: Richmond Beach Drive Northwest
[15955/16883] osm-w738998661: 17th Avenue Northwest
[15956/16883] osm-w738998672: 16th Avenue Northwest
[15957/16883] osm-w740436103: 250th Avenue Northeast
[15958/16883] osm-w764303863: Southeast 137th Street
[15959/16883] osm-w765881747: Allen Road
[15960/16883] osm-w780604581: Little Mountain Road
[15961/16883] osm-w782736635: Northwest 68th Street
[15962/16883] osm-w801418459: West Sunn Fjord Lane
[15963/16883] osm-w810034431: Northeast 171st Lane
[15964/16883] osm-w826835829: 178th Place Northeast
[15965/16883] osm-w842880485: Pershing Avenue
[15966/16883] osm-w852170184: Durland Avenue Northeast
[15967/16883] osm-w852727961: 86th Place Northeast
[15968/16883] osm-w867565432: Pleasant Hill Road
[15969/16883] osm-w895922707: Mansfield Road
[15970/16883] osm-w895922913: Crescent Bar, Grant County, Washington, 98848, United States
[15971/16883] osm-w895922919: Sunserra Loop Road Northwest
[15972/16883] osm-w913020749: South 174th Street
[15973/16883] osm-w914300522: 157th Avenue Northeast
[15974/16883] osm-w919359317: Northeast 40th Street
[15975/16883] osm-w936984183: 91st Avenue Northeast
[15976/16883] osm-w956145622: Jessup Road
[15977/16883] osm-w979394600: Number 2 Canyon Road
[15978/16883] osm-w992089137: Northeast Quarry Terrace
[15979/16883] osm-w999297187: Dandelion Drive Southeast
[15980/16883] osm-w1008972798: Weeks Point Way
[15981/16883] osm-w1024703665: Caldwell Drive
[15982/16883] osm-w1028216036: Boundary Bay Road
[15983/16883] osm-w1028285570: Beach Club Road
[15984/16883] osm-w1029905424: Spencer Road
[15985/16883] osm-w1029905428: Spencer Road
[15986/16883] osm-w1029967307: 76th Street Southeast
[15987/16883] osm-w1030019482: Silver Firs, Snohomish County, Washington, 98012, United Sta
[15988/16883] osm-w1037312838: 48th Avenue Southeast
[15989/16883] osm-w1045881011: 109th Place Southeast
[15990/16883] osm-w1056115289: Lois Lane
[15991/16883] osm-w1061932276: 34th Avenue East
[15992/16883] osm-w1066141320: Shore Avenue
[15993/16883] osm-w1080869599: Shore Avenue
[15994/16883] osm-w1082454822: Bothell Way Northeast
[15995/16883] osm-w1085471432: Southeast 43rd Way
[15996/16883] osm-w1085720183: Beach Drive Northeast
[15997/16883] osm-w1101014343: Marine View Drive South
[15998/16883] osm-w1101372086: Manor Way
[15999/16883] osm-w1110560539: Northwest 31st Court
[16000/16883] osm-w1110999122: Northeast 77th Avenue
[16001/16883] osm-w1112329527: Southeast Rivershore Drive
[16002/16883] osm-w1113269554: Northeast Oakbrook Circle
[16003/16883] osm-w1132130520: North Creek Trail
[16004/16883] osm-w1132385007: South Lake Stickney Drive
[16005/16883] osm-w1132695910: East Ibberson Drive
[16006/16883] osm-w1136094561: Black Road
[16007/16883] osm-w1147518797: South Brookside Terrace
[16008/16883] osm-w1149256053: Grant County, Washington, United States
[16009/16883] osm-w1151324203: Little Chumstick Road
[16010/16883] osm-w1159655916: Northeast Sanwick Place
[16011/16883] osm-w1159770121: Community Stairway
[16012/16883] osm-w1160157155: Henderson Road Northeast
[16013/16883] osm-w1160805282: Henderson Road Northeast
[16014/16883] osm-w1162302865: Bainbridge Island, Kitsap County, Washington, 98392, United 
[16015/16883] osm-w1162655771: Upper Farms Road Northeast
[16016/16883] osm-w1162950561: Pleasant Beach Drive Northeast
[16017/16883] osm-w1164046773: Mission Beach Road
[16018/16883] osm-w1165569802: Euclid Avenue Northeast
[16019/16883] osm-w1169432070: East Lake Sammamish Parkway Northeast
[16020/16883] osm-w1170420496: 238th Street Southwest
[16021/16883] osm-w1176356479: Clay Street
[16022/16883] osm-w1182328458: Northeast Midway Avenue
[16023/16883] osm-w1191700842: Northeast William Rogers Road
[16024/16883] osm-w1193481237: Clyde Hill, King County, Washington, 98004, United States
[16025/16883] osm-w1194699950: Sargent Road
[16026/16883] osm-w1206796721: Microsoft Redmond East Campus, Overlake, Redmond, King Count
[16027/16883] osm-w1210172358: 24th Avenue Court
[16028/16883] osm-w1210509077: Twin Lakes Road
[16029/16883] osm-w1210906070: Alverson Boulevard
[16030/16883] osm-w1210906091: Alverson Boulevard
[16031/16883] osm-w1211135979: 164th Way Southeast
[16032/16883] osm-w1211136592: Southeast 45th Place
[16033/16883] osm-w1215521619: Northeast 265th Court
[16034/16883] osm-w1220545480: Taylor Street
[16035/16883] osm-w1221725542: Beans Bight Road Northeast
[16036/16883] osm-w1221725543: Beans Bight Road Northeast
[16037/16883] osm-w1221725544: Beans Bight Road Northeast
[16038/16883] osm-w1221725564: Northeast Country Club Road
[16039/16883] osm-w1222391703: 254th Lane
[16040/16883] osm-w1226621101: Northeast North Fairway Road
[16041/16883] osm-w1227450773: South 10th Street
[16042/16883] osm-w1235090211: Northeast 187th Avenue
[16043/16883] osm-w1235643523: Northeast 36th Street
[16044/16883] osm-w1235649806: Northeast 15th Circle
[16045/16883] osm-w1235680197: Southeast 9th Street
[16046/16883] osm-w1239738333: 145th Place Southeast
[16047/16883] osm-w1242206968: McKinley Avenue
[16048/16883] osm-w1243076967: Roulac Lane
[16049/16883] osm-w1243219447: Northeast 115th Court
[16050/16883] osm-w1245155319: Pile Point Lane
[16051/16883] osm-w1245734372: Kanaka Bay Road
[16052/16883] osm-w1246231306: Evergreen Drive Northeast
[16053/16883] osm-w1253720353: 59th Place Southwest
[16054/16883] osm-w1253720355: Charlene Way
[16055/16883] osm-w1256736399: North Road
[16056/16883] osm-w1257059678: Carter Beach Road
[16057/16883] osm-w1259523811: Neil Bay Drive
[16058/16883] osm-w1262231154: Icicle Road
[16059/16883] osm-w1262389009: Ridge Ride Trail
[16060/16883] osm-w1266186206: Tahoe Street
[16061/16883] osm-w1276658761: Southeast 200th Street
[16062/16883] osm-w1278341280: Northwest Ballard Lane
[16063/16883] osm-w1278539767: 354th Avenue Southeast
[16064/16883] osm-w1279129603: Southeast Saint Ann's Court
[16065/16883] osm-w1284251637: Yacinde Court
[16066/16883] osm-w1292529897: North Nevada Street
[16067/16883] osm-w1292871207: 7th Avenue South
[16068/16883] osm-w1306728912: Bonapart
[16069/16883] osm-w1311679976: 108th Street Court East
[16070/16883] osm-w1312308067: Northeast Columbia Tie Road
[16071/16883] osm-w1312371442: 270th Court Northeast
[16072/16883] osm-w1314597827: Diamond Place Northeast
[16073/16883] osm-w1328469160: 128th Avenue Northeast
[16074/16883] osm-w1330763896: 126th Court Northeast
[16075/16883] osm-w1333362893: Tumbleweed Lane Southeast
[16076/16883] osm-w1334354933: Duchess Road
[16077/16883] osm-w1336695634: Henderson Road Northeast
[16078/16883] osm-w1337094332: Northeast Lofgren Road
[16079/16883] osm-w1341102371: River Drive
[16080/16883] osm-w1347484417: 238th Street Southwest
[16081/16883] osm-w1347513471: 28th Place West
[16082/16883] osm-w1351806439: Lakeland Avenue Southwest
[16083/16883] osm-w1353603135: San Juan County, Washington, United States
[16084/16883] osm-w1353996959: Southeast Macwood Drive
[16085/16883] osm-w1353997893: Southeast Evergreen Highway
[16086/16883] osm-w1357576450: Northeast Wise Street
[16087/16883] osm-w1357935334: Campus Lane Northeast
[16088/16883] osm-w1360213258: Woods Point Loop
[16089/16883] osm-w1360242346: Southeast 43rd Street
[16090/16883] osm-w1360818553: Northeast Enetai Beach Road
[16091/16883] osm-w1361558211: Road 12 Southwest
[16092/16883] osm-w1365047812: Northeast Early Dawn Lane
[16093/16883] osm-w1365097223: Pearson Road Northeast
[16094/16883] osm-w1365255416: Northeast Country Club Road
[16095/16883] osm-w1367949000: Towne Point Avenue
[16096/16883] osm-w1374830406: Saint Helens Place
[16097/16883] osm-w1377821213: Northeast 148th Court
[16098/16883] osm-w1381593096: Road U.7 Northwest
[16099/16883] osm-w1382051437: East 17th Street
[16100/16883] osm-w1383302709: Forest Hill Estates
[16101/16883] osm-w1383303119: Trillium Heights
[16102/16883] osm-w1384911340: Northeast Morning Lane
[16103/16883] osm-w1387429334: Bitteroot Way
[16104/16883] osm-w1390878085: West Lincoln Avenue
[16105/16883] osm-w1392332322: Mount Brynion Road
[16106/16883] osm-w1410836063: Country Club Road
[16107/16883] osm-w1416675537: West Woodin Avenue
[16108/16883] osm-w1416743685: Rigney Road
[16109/16883] osm-w1418247383: Mira Vista Drive
[16110/16883] osm-w1418393546: Northeast William E Sutton Road
[16111/16883] osm-w1420012724: Northeast Harrison Street
[16112/16883] osm-w1421309879: Northeast Hendrickson Road
[16113/16883] osm-w1423965499: Cascara
[16114/16883] osm-w1425725474: Northeast 113th Street
[16115/16883] osm-w1430800166: Vendovi Lane
[16116/16883] osm-w1431434199: Trellis Lane Northwest
[16117/16883] osm-w1431434246: Douglas County, Washington, United States
[16118/16883] osm-w1434526035: Wasp Street
[16119/16883] osm-w1435128822: Northeast Enetai Beach Road
[16120/16883] osm-w1436271551: Garfield Avenue East
[16121/16883] osm-w1442147189: East Hoffman Avenue
[16122/16883] osm-w1442152535: Southeast View Park Road
[16123/16883] osm-w1442152594: South 340th Street
[16124/16883] osm-w1442305074: North Coman Road
[16125/16883] osm-w1442305558: West Weile Avenue
[16126/16883] osm-w1442856539: 35th Avenue Southeast
[16127/16883] osm-w1442952031: West 4th Avenue
[16128/16883] osm-w1444037882: Luxury Lane Northeast
[16129/16883] osm-w1445814115: Pitsenbarger Boulevard
[16130/16883] osm-w1446296014: Darling Road Northwest
[16131/16883] osm-w1446329397: Klahanie Drive Southeast
[16132/16883] osm-w1446335507: State Route 903
[16133/16883] osm-w1446402302: Fox Island, Pierce County, Washington, 98333, United States
[16134/16883] osm-w1446549552: Pointview Place Northwest
[16135/16883] osm-w1446549554: 54th Street Court Northwest
[16136/16883] osm-w1446551333: 150th Avenue Northeast
[16137/16883] osm-w1446825805: Lakefront Drive
[16138/16883] osm-w1446825823: Lincoln Rock Park Road
[16139/16883] osm-w1447059051: Racquet Lane
[16140/16883] osm-w1447059495: Castleview Drive
[16141/16883] osm-w1447216742: Mountain Highway East
[16142/16883] osm-w1447236349: Meadow Lane
[16143/16883] osm-w1447435402: East Camelia Street
[16144/16883] osm-w1447455237: 55th Avenue Northeast
[16145/16883] osm-w1447461312: 99th Avenue Southwest
[16146/16883] osm-w1448287289: Deer Street
[16147/16883] osm-w1448290889: 4th Street
[16148/16883] osm-w1448291283: Adventurer Lane
[16149/16883] osm-w1452385018: Utah Street Northeast
[16150/16883] osm-w1453474396: North 35th Avenue
[16151/16883] osm-w1453677057: 212th Street Southwest
[16152/16883] osm-w1453679801: Recreation Road
[16153/16883] osm-w1453693719: Centralia Alpha Road
[16154/16883] osm-w1453797579: Double Cove Road
[16155/16883] osm-w1453798288: Shoshone Drive
[16156/16883] osm-w1453798442: Elk Lane
[16157/16883] osm-w1453799326: Talcott Street
[16158/16883] osm-w1453800727: Bay Road
[16159/16883] osm-w1453802429: Granite Falls Bus Depot
[16160/16883] osm-w1454029864: Okanogan County, Washington, United States
[16161/16883] osm-w1454059144: Chiwawa Loop Road
[16162/16883] osm-w1454059422: Chiwawa Loop Road
[16163/16883] osm-w1454062490: Apple Capital Recreation Loop Trail
[16164/16883] osm-w1454065883: North Daroga Park Lane
[16165/16883] osm-w1454068060: Lake Chelan Shores Drive
[16166/16883] osm-w1454068811: 4th Avenue Northwest
[16167/16883] osm-w1454069927: 2nd Avenue Southwest
[16168/16883] osm-w1454072519: Fir Street South
[16169/16883] osm-w1454074110: East Summit Avenue
[16170/16883] osm-w1454074219: Carolina Drive
[16171/16883] osm-w1454297777: State Route 25 North
[16172/16883] osm-w1454575891: North Audubon Street
[16173/16883] osm-w1454578450: South Dearborn Street
[16174/16883] osm-w1454580963: North Newport Highway
[16175/16883] osm-w1454581343: Washtucna Rail-Trail
[16176/16883] osm-w1456773994: Filbert Road
[16177/16883] osm-w1459434903: William Way
[16178/16883] osm-w1459468220: Weyerhaeuser Road
[16179/16883] osm-w1459470100: Mount Baker Highway
[16180/16883] osm-w1469524021: Northeast Ortis Road
[16181/16883] osm-w1471846446: Nesika Bay Road Northeast
[16182/16883] osm-w1472186611: Strait View Drive
[16183/16883] osm-w1483986961: Argyle
[16184/16883] osm-w1485613213: Northeast State Highway 104
[16185/16883] osm-w1495324430: Kanaka Bay Road
[16186/16883] osm-w1495669548: Key Peninsula Highway Northwest
[16187/16883] osm-w1502961838: Seal Rock Lane
[16188/16883] osm-w1502961842: White Point Road
[16189/16883] osm-w1502972064: Tyee Drive
[16190/16883] osm-w1502973025: Whitefield Farm Road
[16191/16883] osm-w1502981962: Chase Street
[16192/16883] osm-w1502982062: 45th Avenue Northeast
[16193/16883] osm-w1502983244: Highland Drive
[16194/16883] osm-w1502983545: Northeast Ponderosa Drive
[16195/16883] osm-w1502989595: Northeast Mount Mystery Loop
[16196/16883] osm-w1526200391: Liggett Avenue
[16197/16883] osm-w1526202619: 89th Avenue Southeast
[16198/16883] osm-w1526203265: 100th Avenue Southeast
[16199/16883] osm-w1526205729: Lake Washington Boulevard Northeast
[16200/16883] osm-w1526206477: Northeast 60th Street
[16201/16883] osm-w1526208064: Northeast 99th Place
[16202/16883] osm-w1526213359: View Ridge
[16203/16883] osm-w1526213751: East 5th Street
[16204/16883] osm-w1526213980: Southeast Railroad Avenue
[16205/16883] osm-w1527879661: North Boundary Avenue
[16206/16883] osm-w1527882838: Prosser Avenue
[16207/16883] osm-w1527896195: West 7th Street
[16208/16883] osm-w1527905405: North Lehman Road
[16209/16883] osm-w1528327405: Buena Vista Drive
[16210/16883] osm-w1528328054: Sunrise Circle
[16211/16883] osm-w1528328197: Somewhere Hot Place
[16212/16883] osm-w1528328198: Kalian Lane
[16213/16883] osm-w1528328200: Harding Lane
[16214/16883] osm-w1528541713: Sperry Road
[16215/16883] osm-w1528542236: 236th Avenue Northeast
[16216/16883] osm-w1528543918: Thrush Drive Southeast
[16217/16883] osm-w1528546437: Pacific Way
[16218/16883] osm-w1528546550: Aeroview
[16219/16883] osm-w1528547060: School Street
[16220/16883] osm-w1528548777: Westside Chewuch Road
[16221/16883] osm-w1528562881: Pysht River Road
[16222/16883] osm-w1529316534: Highland Drive
[16223/16883] osm-w1537744641: Sahalie Road
[16224/16883] osm-w1537745229: McLean Road
[16225/16883] osm-w1537746015: Lakeside Drive
[16226/16883] osm-w1537746080: Clara Place
[16227/16883] osm-w1538924165: Semiahmoo Parkway
[16228/16883] osm-w1539312643: Eagle Bay Road
[16229/16883] osm-w1539312863: Spencer Road
[16230/16883] osm-w1539313246: Northwest Thatcher Pass Road
[16231/16883] osm-w1539313548: Eliza Lane
[16232/16883] osm-w1539313847: Dusty Road
[16233/16883] osm-w1539314337: Skid Road
[16234/16883] osm-w1539314816: Halftide Lane
[16235/16883] osm-w1539315514: Center Road
[16236/16883] osm-w1539315701: Clam Harbor Road
[16237/16883] osm-w1539316719: Community Club Drive
[16238/16883] osm-w1539317046: Afterglow Drive
[16239/16883] osm-w1539317175: Bellevue Farm Road
[16240/16883] osm-w1539317406: Old Military Road
[16241/16883] osm-w1539317523: Bull Run Road
[16242/16883] osm-w1539317664: San Juan Valley Road
[16243/16883] osm-w1539317766: Aerie Drive
[16244/16883] osm-w1539318143: Bailer Hill Road
[16245/16883] osm-w1539318226: Jensen Bay Road
[16246/16883] osm-w1539318515: Jensen Bay Road
[16247/16883] osm-w1545564069: Southeast 416th Street
[16248/16883] osm-w1546892333: West Center Lane
[16249/16883] osm-w1550942431: Dusty Road
[16250/16883] osm-w1550942884: Beach Drive
[16251/16883] osm-w1550943113: Chilberg Avenue
[16252/16883] osm-w1550943201: North Nugent Road
[16253/16883] osm-w1550943444: Lost River Road
[16254/16883] osm-w1550943532: Guzzi Lane
[16255/16883] osm-w1550944473: Southeast 20th Street
[16256/16883] osm-w1551194989: Old Beach Road
[16257/16883] osm-w1551195211: Maritime Road
[16258/16883] osm-w1551375065: Woods Creek Road
[16259/16883] osm-w1551376122: 125th Place Southeast
[16260/16883] osm-w1551379001: Snohomish Cascade Drive
[16261/16883] osm-w1551382134: 27th Drive Southeast
[16262/16883] osm-w1551387695: 223rd Place Northeast
[16263/16883] osm-w1551388536: Carnation Farms, King County, Washington, 98014, United Stat
[16264/16883] osm-w1551388867: Northeast 8th Street
[16265/16883] osm-w1551392144: Brownsville Highway Northeast
[16266/16883] osm-w1551392473: North Summit Avenue
[16267/16883] osm-w1551392764: Lynnwood, Snohomish County, Washington, 98037, United States
[16268/16883] osm-w1551393076: West Dayton Street
[16269/16883] osm-w1551395052: Leschi Way
[16270/16883] osm-w1551395782: Thurston County, Washington, United States
[16271/16883] osm-w1551396142: 71st Avenue Northwest
[16272/16883] osm-w1551396323: Britton Parkway Northeast
[16273/16883] osm-w1551429505: 49th Avenue Northeast
[16274/16883] osm-w1551430407: 136th Avenue Northeast
[16275/16883] osm-w1551432191: Lacrosse Way
[16276/16883] osm-w1551432338: 64th Avenue Northwest
[16277/16883] osm-w1551432352: 46th Avenue Northwest
[16278/16883] osm-w1551637197: Northwest Ostenson Canyon Road
[16279/16883] osm-w1551644709: 53rd Avenue West
[16280/16883] osm-w1551739107: Northwest 164th Street
[16281/16883] osm-w1551743296: Northeast 164th Street
[16282/16883] osm-w1551743473: Northeast 205th Court
[16283/16883] osm-w1551743978: Northwest Creekside Drive
[16284/16883] osm-w1551744669: Northwest 138th Street
[16285/16883] osm-w1551744992: Northeast 99th Street
[16286/16883] osm-w1551745127: Northeast Vancouver Mall Drive
[16287/16883] osm-w1551746305: Montana Lane
[16288/16883] osm-w1551746510: Dubois Drive
[16289/16883] osm-w1551747497: Southeast 77th Court
[16290/16883] osm-w1551772033: Southeast Evergreen Highway
[16291/16883] osm-w1551773983: Southeast 21st Street
[16292/16883] osm-w1551775220: Southeast 23rd Street
[16293/16883] osm-w1551783872: Southeast Evergreen Highway
[16294/16883] osm-w1551784653: Northwest 14th Avenue
[16295/16883] osm-w1551785463: Northwest McIntosh Road
[16296/16883] osm-w1551785668: Southwest 5th Avenue
[16297/16883] osm-r13449691: Rothrock Road
[16298/16883] osm-w24706722: Town of Farmington, Washington County, Wisconsin, United Sta
[16299/16883] osm-w26274144: Gilbert Road
[16300/16883] osm-w37096632: Beine Street
[16301/16883] osm-w37550811: Observatory Drive
[16302/16883] osm-w52227719: Highland Avenue
[16303/16883] osm-w64144483: Grand Canyon Drive
[16304/16883] osm-w82133993: Straight Street
[16305/16883] osm-w85932001: North Street
[16306/16883] osm-w121502826: East Shore Drive
[16307/16883] osm-w121506480: Eames Farm Road
[16308/16883] osm-w121506492: North Hidden Harbor
[16309/16883] osm-w121506499: White Cliff Road
[16310/16883] osm-w121506507: Cottage Row
[16311/16883] osm-w121507541: West Little Sister Road
[16312/16883] osm-w121507542: Sister Bluff Drive
[16313/16883] osm-w121507566: Norhthaven Drive
[16314/16883] osm-w121534301: State Highway 42
[16315/16883] osm-w121534304: North Coral Hill Road
[16316/16883] osm-w121534305: Country Walk Lane
[16317/16883] osm-w121534310: Sunnyside Court
[16318/16883] osm-w121534314: Mariners Point Drive
[16319/16883] osm-w121534319: Regatty Way
[16320/16883] osm-w121644563: South Shore Drive
[16321/16883] osm-w147816338: East River Trail
[16322/16883] osm-w164016225: Southland Avenue
[16323/16883] osm-w167112957: Old Fort Road
[16324/16883] osm-w167223753: Mondamin Trail
[16325/16883] osm-w167223754: Chippewa Trail
[16326/16883] osm-w168667287: Cottonwood Court
[16327/16883] osm-w171246462: Waterleaf Lane
[16328/16883] osm-w177776816: 56th Street
[16329/16883] osm-w178039612: 56th Avenue
[16330/16883] osm-w178584049: 35th Street
[16331/16883] osm-w202300577: Lake Road
[16332/16883] osm-w203372435: Tri-County Expressway
[16333/16883] osm-w205657619: Menlo Park Road
[16334/16883] osm-w207641964: Meadow Bluff Farm Road
[16335/16883] osm-w207641966: Sunnypoint Road
[16336/16883] osm-w229482246: Heart of Vilas County Bike Trail
[16337/16883] osm-w231267910: East Madison Street
[16338/16883] osm-w231278337: Airport Road
[16339/16883] osm-w232263838: Kassner Road
[16340/16883] osm-w232270616: Harborview Drive
[16341/16883] osm-w233787865: West Summit Avenue
[16342/16883] osm-w238262554: East Lockwood Street
[16343/16883] osm-w240891779: 70th Avenue
[16344/16883] osm-w241513382: Shoemaker Road
[16345/16883] osm-w242860834: Stonepine Bay
[16346/16883] osm-w244042855: North Range Line Road
[16347/16883] osm-w244499766: Turnberry Drive
[16348/16883] osm-w244499767: Woodside Lane
[16349/16883] osm-w244707159: 30th Avenue
[16350/16883] osm-w244707160: Willow Lane
[16351/16883] osm-w244707162: 15th Avenue
[16352/16883] osm-w245265194: Stene Drive
[16353/16883] osm-w245305715: State Highway 35
[16354/16883] osm-w245861293: Three Mile Road
[16355/16883] osm-w246635578: State Park Lane
[16356/16883] osm-w246897272: West Park Street
[16357/16883] osm-w251869448: North Sugar Maple Lane
[16358/16883] osm-w251869452: Cherokee Valley Pass
[16359/16883] osm-w259847061: Quincy Street
[16360/16883] osm-w260337534: 27 1/2 Avenue
[16361/16883] osm-w262895614: Forest Hills Lane
[16362/16883] osm-w264399516: Bayside Court
[16363/16883] osm-w265528716: Crestwood Drive
[16364/16883] osm-w289073367: West Dean Road
[16365/16883] osm-w289075826: North Pheasant Lane
[16366/16883] osm-w289075840: North River Road
[16367/16883] osm-w289075849: West Bradley Road
[16368/16883] osm-w289075860: North River Road
[16369/16883] osm-w289075874: North Dean Court
[16370/16883] osm-w289075875: West Dean Road
[16371/16883] osm-w289075878: North Range Line Road
[16372/16883] osm-w289077083: North Pelican Lane
[16373/16883] osm-w289077086: River Hills, Milwaukee County, Wisconsin, 53092, United Stat
[16374/16883] osm-w289077088: North River Road
[16375/16883] osm-w289077089: West Larkspur Lane
[16376/16883] osm-w289077090: River Hills, Milwaukee County, Wisconsin, 53217, United Stat
[16377/16883] osm-w289077091: River Hills, Milwaukee County, Wisconsin, 53217, United Stat
[16378/16883] osm-w289077092: West Calumet Court
[16379/16883] osm-w289077093: West Skyline Road
[16380/16883] osm-w289077094: West Good Hope Road
[16381/16883] osm-w289077095: West Good Hope Road
[16382/16883] osm-w289078377: West Bradley Road
[16383/16883] osm-w289078378: West Bradley Road
[16384/16883] osm-w289078389: West Calumet Road
[16385/16883] osm-w289078392: West Calumet Road
[16386/16883] osm-w289079706: North Range Line Road
[16387/16883] osm-w289079707: West Manor Lane
[16388/16883] osm-w289079710: Manor Lane
[16389/16883] osm-w289079718: West Fairy Chasm Road
[16390/16883] osm-w289079724: West Cedar Lane
[16391/16883] osm-w289081038: West Greenbrook Road
[16392/16883] osm-w289081967: West County Line Road
[16393/16883] osm-w289081969: West Range Line Court
[16394/16883] osm-w289081972: Donges Bay Road
[16395/16883] osm-w289081973: Donges Bay Road
[16396/16883] osm-w289082005: North Torrey Drive
[16397/16883] osm-w291263064: Meadow Ridge Road
[16398/16883] osm-w291486132: Bernard Street
[16399/16883] osm-w291710266: North Dunlap Hollow Road
[16400/16883] osm-w292010212: Open Gate Trail
[16401/16883] osm-w292024376: W Green Tree Road
[16402/16883] osm-w292129675: American Way
[16403/16883] osm-w292256154: County Road YY
[16404/16883] osm-w292388818: Franklin Drive
[16405/16883] osm-w292466675: Grandview Avenue
[16406/16883] osm-w292466678: Sheridan Springs Road
[16407/16883] osm-w292666427: Orchard Beach Drive
[16408/16883] osm-w292744989: Fernando Drive
[16409/16883] osm-w292790700: West Fairy Chasm Road
[16410/16883] osm-w326178546: Cabin Road
[16411/16883] osm-w331675351: Hazel Street
[16412/16883] osm-w356109383: 4th Street
[16413/16883] osm-w360076575: 224th Avenue
[16414/16883] osm-w360191611: Coolidge Avenue
[16415/16883] osm-w360191634: Acacia Lane
[16416/16883] osm-w360191667: Menominee Drive
[16417/16883] osm-w361487374: Canterbury Road
[16418/16883] osm-w361497555: East Merrill Avenue
[16419/16883] osm-w361813129: Peebles Trail
[16420/16883] osm-w361823713: West 11th Street
[16421/16883] osm-w362001451: Dodgeville, Iowa County, Wisconsin, 53595, United States
[16422/16883] osm-w362158943: Oconomowoc Lake, Waukesha County, Wisconsin, 53069, United S
[16423/16883] osm-w362631317: South 4th Street
[16424/16883] osm-w362801323: Range View Drive
[16425/16883] osm-w362836462: Polk Street
[16426/16883] osm-w365623297: 21st Street
[16427/16883] osm-w369781945: Sherman Road
[16428/16883] osm-w370266645: Black River Falls, Jackson County, Wisconsin, 54615, United 
[16429/16883] osm-w370733689: Ramaker Avenue
[16430/16883] osm-w370742166: Grand Avenue
[16431/16883] osm-w370973657: Parkway Boulevard
[16432/16883] osm-w371033354: Center Street
[16433/16883] osm-w371233273: Allouez, Brown County, Wisconsin, 54301, United States
[16434/16883] osm-w371418476: East Slifer Street
[16435/16883] osm-w371522527: Eleventh Street
[16436/16883] osm-w376135531: 96th Avenue
[16437/16883] osm-w392881157: Twin Grove Road
[16438/16883] osm-w406525493: Besra Drive
[16439/16883] osm-w407087850: South 10th Avenue
[16440/16883] osm-w407613529: South Highland Avenue
[16441/16883] osm-w408884687: County Road D
[16442/16883] osm-w413214628: Park
[16443/16883] osm-w414889181: South 7th Street
[16444/16883] osm-w415081178: North Park Street
[16445/16883] osm-w417391252: 116th Street
[16446/16883] osm-w420069018: Lighthouse Bay Drive
[16447/16883] osm-w422331601: Albion Street
[16448/16883] osm-w435512149: West Kinnickinnic River Parkway
[16449/16883] osm-w436154461: Loch Lomond Beach Club
[16450/16883] osm-w438355952: Lake Brittany Estates, Muskego, Waukesha County, Wisconsin, 
[16451/16883] osm-w438359228: Woods Road
[16452/16883] osm-w440262800: West Lake Drive
[16453/16883] osm-w441525731: Pokegama Road
[16454/16883] osm-w441858351: East Birch Avenue
[16455/16883] osm-w441894694: Kings Forest Court
[16456/16883] osm-w445616063: Nicolet State Trail
[16457/16883] osm-w448879012: South Lake Shore Drive
[16458/16883] osm-w448879014: South Lake Shore Lakefront Path
[16459/16883] osm-w448879015: Lower Brookwood Drive
[16460/16883] osm-w448879017: Chicago Club Drive
[16461/16883] osm-w448879018: Academy Road
[16462/16883] osm-w448879022: The Lindens
[16463/16883] osm-w448879023: Maple Lane
[16464/16883] osm-w448879024: Maple Lane
[16465/16883] osm-w448879026: Hunt Club Lane
[16466/16883] osm-w448884605: North Lake Shore Drive
[16467/16883] osm-w448884606: Folly Lane
[16468/16883] osm-w448884607: Lake Geneva Shore Path
[16469/16883] osm-w448884608: Creek Lane
[16470/16883] osm-w448884609: Chapin Road
[16471/16883] osm-w448884610: West Main Road
[16472/16883] osm-w448884611: West Main Road
[16473/16883] osm-w448884612: Elgin Club Road
[16474/16883] osm-w448884613: Sylvan Lane
[16475/16883] osm-w448884614: Cedar Point Drive
[16476/16883] osm-w448884615: Baywood
[16477/16883] osm-w448884617: North Shore Drive
[16478/16883] osm-w448884619: Fontana-on-Geneva Lake, Walworth County, Wisconsin, 53125, U
[16479/16883] osm-w448884620: North Lake Shore Drive
[16480/16883] osm-w448884621: Deepwood Road
[16481/16883] osm-w448884622: North Lake Shore Drive
[16482/16883] osm-w448888971: County Highway B
[16483/16883] osm-w451416564: Main Street
[16484/16883] osm-w457143733: Winneboujou Road
[16485/16883] osm-w458734691: East Four Mile Road
[16486/16883] osm-w462628836: Marina Drive
[16487/16883] osm-w462671072: Grand View Lane
[16488/16883] osm-w462831577: Williams Bay, Walworth County, Wisconsin, 53191, United Stat
[16489/16883] osm-w466820606: Division Street
[16490/16883] osm-w467543334: Armour Road
[16491/16883] osm-w473339011: 4th Street
[16492/16883] osm-w473339026: House Street
[16493/16883] osm-w473678953: Wishing Well Lane
[16494/16883] osm-w473682962: South Taft Avenue
[16495/16883] osm-w474934538: Brigham Avenue
[16496/16883] osm-w475540442: Terraview Drive
[16497/16883] osm-w478071150: Whisper Falls Lane
[16498/16883] osm-w480266488: Western Road
[16499/16883] osm-w481629529: 138th Street
[16500/16883] osm-w482277342: Eagle Road
[16501/16883] osm-w482487049: Town of Dellona, Sauk County, Wisconsin, United States
[16502/16883] osm-w486272076: Engler Drive
[16503/16883] osm-w486429421: South Roosevelt Street
[16504/16883] osm-w488307295: Sharp Road
[16505/16883] osm-w488475349: North Shore Drive
[16506/16883] osm-w488607253: South Biron Drive
[16507/16883] osm-w488739673: Dairyland Lane
[16508/16883] osm-w491693211: East Saint George Avenue
[16509/16883] osm-w508067926: West Main Street
[16510/16883] osm-w540502410: School Street
[16511/16883] osm-w547149958: County Road ZZ
[16512/16883] osm-w547164053: West Cherrywood Lane
[16513/16883] osm-w555025160: Golf Road
[16514/16883] osm-w555033424: Charles Street
[16515/16883] osm-w555606622: Bridgewood Trail
[16516/16883] osm-w556799418: South Drive
[16517/16883] osm-w556832851: North Drive
[16518/16883] osm-w571054449: Highline Road
[16519/16883] osm-w574225012: Birch Street
[16520/16883] osm-w590630231: Gandy Dancer State Trail
[16521/16883] osm-w601119641: Sweetbriar Drive
[16522/16883] osm-w609326242: Union Street
[16523/16883] osm-w609803651: 104th Avenue
[16524/16883] osm-w613757211: Michigan Avenue
[16525/16883] osm-w635798953: East Hamlin Street
[16526/16883] osm-w643114721: Powerline Trail
[16527/16883] osm-w654028803: Schilling Road
[16528/16883] osm-w657707273: Peters Road
[16529/16883] osm-w663564082: Ebner Coulee Road
[16530/16883] osm-w663702960: Old Highway 70 Road
[16531/16883] osm-w663881057: Stone Bridge Road
[16532/16883] osm-w673455188: North Regent Road
[16533/16883] osm-w675572161: 85th Street
[16534/16883] osm-w696173354: Fayette Road
[16535/16883] osm-w697337472: Limekiln Drive
[16536/16883] osm-w699075637: Old Glory Lane
[16537/16883] osm-w701884811: East County Road MM
[16538/16883] osm-w704053844: Buttercup Road
[16539/16883] osm-w706191857: St Ives Road
[16540/16883] osm-w708028792: Wolf Run
[16541/16883] osm-w714723986: Cider Mill Court
[16542/16883] osm-w715550966: Church Drive
[16543/16883] osm-w719990137: Cherry Road
[16544/16883] osm-w730934021: Y Camp Road
[16545/16883] osm-w734298143: Hidden Lake Lane
[16546/16883] osm-w734480387: East Washburn Avenue
[16547/16883] osm-w748993926: Ravine Way
[16548/16883] osm-w749656987: Cedar Shore Road
[16549/16883] osm-w760660545: Lake Club Circle
[16550/16883] osm-w824296544: Forest Lodge Road
[16551/16883] osm-w844681532: Kings Way
[16552/16883] osm-w844899168: Eagle Waters Road
[16553/16883] osm-w853813005: Cemetery Road
[16554/16883] osm-w866468230: Sand Lake Lodge Lane
[16555/16883] osm-w874928382: County Road OO
[16556/16883] osm-w879476994: Town of Oakland, Burnett County, Wisconsin, 54893, United St
[16557/16883] osm-w901838413: Village of Plover, Portage County, Wisconsin, 54467, United 
[16558/16883] osm-w902461592: Debbie Drive
[16559/16883] osm-w909330483: Wellhouse Road
[16560/16883] osm-w914407581: Highwood Court
[16561/16883] osm-w915210798: Beulah Heights Road
[16562/16883] osm-w920236767: State Highway 27
[16563/16883] osm-w921323951: North Park Road
[16564/16883] osm-w933053412: Geneva National Avenue North
[16565/16883] osm-w947454560: Grand Avenue West
[16566/16883] osm-w955814348: Cumberland, Barron County, Wisconsin, 45829, United States
[16567/16883] osm-w973603007: Grandview Boulevard
[16568/16883] osm-w976394074: Williamsburg Way
[16569/16883] osm-w992069293: North Mill Road
[16570/16883] osm-w992069316: White Pine Road
[16571/16883] osm-w995434147: Dixon Circle
[16572/16883] osm-w999757988: H Circle
[16573/16883] osm-w1005449773: Main Street
[16574/16883] osm-w1017054503: Woodview Drive
[16575/16883] osm-w1017678000: McGuire Road
[16576/16883] osm-w1030066254: Waukesha, Waukesha County, Wisconsin, 53188, United States
[16577/16883] osm-w1040888388: Mt. Olympus Drive
[16578/16883] osm-w1071378428: South 43rd Street
[16579/16883] osm-w1077274006: Chain O' Lakes Road
[16580/16883] osm-w1080639186: Pleasant Drive
[16581/16883] osm-w1087627464: Lake Geneva Club
[16582/16883] osm-w1087627472: 700 Club Lane North
[16583/16883] osm-w1087627523: Basswood Drive
[16584/16883] osm-w1087627524: South Lake Shore Lakefront Path
[16585/16883] osm-w1087627539: Sidney Smith Lane
[16586/16883] osm-w1087741873: County Road C
[16587/16883] osm-w1090257581: Spring Court
[16588/16883] osm-w1124273590: Minneapolis Avenue South
[16589/16883] osm-w1124733686: Maple Street
[16590/16883] osm-w1126709468: Center Street
[16591/16883] osm-w1126709485: Geneva Lake Shore Path
[16592/16883] osm-w1126709489: South Lake Shore Drive
[16593/16883] osm-w1146828333: High Street
[16594/16883] osm-w1147651855: Northpoint Street
[16595/16883] osm-w1153072533: Devonshire Road
[16596/16883] osm-w1165157189: Fairfield Court
[16597/16883] osm-w1172305582: Old Castle Garden Road
[16598/16883] osm-w1172314963: Garmisch Resort Road
[16599/16883] osm-w1172473644: Dodd Drive
[16600/16883] osm-w1172579840: Black Bear Road
[16601/16883] osm-w1173811742: Short & Fat - Summer
[16602/16883] osm-w1174588325: East Price Lake Road
[16603/16883] osm-w1174852569: Resort Road
[16604/16883] osm-w1179788201: Camp Brynafon Road
[16605/16883] osm-w1179788202: Camp Brynafon Road
[16606/16883] osm-w1180134444: 197th Street
[16607/16883] osm-w1181244784: Osthoff Avenue
[16608/16883] osm-w1188271409: Pease Road
[16609/16883] osm-w1190665567: Sherwood Drive Southwest
[16610/16883] osm-w1191241598: West Boundary Road
[16611/16883] osm-w1210826151: North Pine Tree Circle
[16612/16883] osm-w1214395891: South Lake Shore Drive
[16613/16883] osm-w1215203125: Greenbrier Lane
[16614/16883] osm-w1216518813: West Harmony Drive
[16615/16883] osm-w1219416642: Dell Pines Way
[16616/16883] osm-w1223461831: Ishnala Road
[16617/16883] osm-w1223831743: North Waterleaf Drive
[16618/16883] osm-w1232563430: North Melmar Court
[16619/16883] osm-w1233854149: Choctaw Trail
[16620/16883] osm-w1240805594: Shore Acres Road
[16621/16883] osm-w1247954616: Arlington Drive
[16622/16883] osm-w1274419083: Algonquin Trail
[16623/16883] osm-w1274419535: Shalom Drive
[16624/16883] osm-w1290445419: Romans' Road
[16625/16883] osm-w1290694867: Nelson Farm Lane
[16626/16883] osm-w1290733731: State Highway 54
[16627/16883] osm-w1299162608: Court Lane
[16628/16883] osm-w1299922565: County Road Y
[16629/16883] osm-w1300582616: North Cascade Street
[16630/16883] osm-w1303893347: Beech Street
[16631/16883] osm-w1305162330: Kroncke Drive
[16632/16883] osm-w1305715753: Northwoodside
[16633/16883] osm-w1307490548: Forest Rest Lane
[16634/16883] osm-w1307490549: Bayview Drive
[16635/16883] osm-w1310651762: High Street
[16636/16883] osm-w1311670038: Franklin Street
[16637/16883] osm-w1313122879: 19th Avenue West
[16638/16883] osm-w1314967715: Loramoor Drive
[16639/16883] osm-w1318076001: Newville, Town of Fulton, Rock County, Wisconsin, 53534, Uni
[16640/16883] osm-w1332740424: YMCA Road
[16641/16883] osm-w1333197370: Hunt Club Lane
[16642/16883] osm-w1333197725: South Lake Shore Drive
[16643/16883] osm-w1334848078: East 4th Avenue
[16644/16883] osm-w1339404246: Leslie Street
[16645/16883] osm-w1339405425: West 4th Street
[16646/16883] osm-w1348628398: Center Drive
[16647/16883] osm-w1351443495: Parkland Drive
[16648/16883] osm-w1352031628: State Highway 50
[16649/16883] osm-w1353698520: Alta Vista Drive
[16650/16883] osm-w1353949632: Lake Geneva Shore Path
[16651/16883] osm-w1354699262: Gemara Road
[16652/16883] osm-w1354700489: Park Road
[16653/16883] osm-w1358682910: North Lake Shore Drive
[16654/16883] osm-w1360565299: La Grange Drive
[16655/16883] osm-w1360844404: McDonald Road
[16656/16883] osm-w1363105488: Siena Circle
[16657/16883] osm-w1383924873: 705th Street
[16658/16883] osm-w1394062344: Everest Avenue
[16659/16883] osm-w1394081170: Dennis Droese Drive
[16660/16883] osm-w1413180730: North San Marino Drive
[16661/16883] osm-w1413180735: West Calumet Road
[16662/16883] osm-w1421411454: West Eaton Road
[16663/16883] osm-w1421411455: West Eaton Road
[16664/16883] osm-w1422754310: WHS CC Course
[16665/16883] osm-w1435738541: Brian C Klotz Parkway
[16666/16883] osm-w1447270363: Snow Goose Lane
[16667/16883] osm-w1447860042: WI 30
[16668/16883] osm-w1448288310: Tower Drive
[16669/16883] osm-w1456778514: 261st Avenue
[16670/16883] osm-w1458179384: Town of Rib Lake, Taylor County, Wisconsin, United States
[16671/16883] osm-w1459908261: Sand Beach Drive
[16672/16883] osm-w1463244871: Crestview Drive
[16673/16883] osm-w1466070064: 82nd Street
[16674/16883] osm-w1470102076: Catherine Street
[16675/16883] osm-w1470102773: Park Street
[16676/16883] osm-w1470129926: Hazel Crest Drive
[16677/16883] osm-w1470130040: Canyon Boulevard
[16678/16883] osm-w1470130775: Division Street
[16679/16883] osm-w1470130895: 6th Street
[16680/16883] osm-w1470130969: West Mill Street
[16681/16883] osm-w1470132116: Wheaton Street
[16682/16883] osm-w1470133363: Metros Landing
[16683/16883] osm-w1470133506: Eagle Knob Road
[16684/16883] osm-w1470133668: Lake Lodge Drive
[16685/16883] osm-w1470137112: Fayette Avenue
[16686/16883] osm-w1470137174: Elm Street
[16687/16883] osm-w1470138220: East 16th Street North
[16688/16883] osm-w1470138549: South Shore Parkway
[16689/16883] osm-w1470139054: Camp Manitowish Lane
[16690/16883] osm-w1470139205: Chippewa Drive
[16691/16883] osm-w1470142533: Jefferson Avenue
[16692/16883] osm-w1470142682: County Road C
[16693/16883] osm-w1470142925: Emery Avenue
[16694/16883] osm-w1470145883: Mill Street
[16695/16883] osm-w1471823625: State Highway 42
[16696/16883] osm-w1471825751: West Mequon Road
[16697/16883] osm-w1471826052: North Le Grande Boulevard
[16698/16883] osm-w1474787653: St Leonards Court
[16699/16883] osm-w1475488708: West Green Tree Road
[16700/16883] osm-w1476194240: State Highway 155
[16701/16883] osm-w1476194241: Lost Lake Drive West
[16702/16883] osm-w1478696334: Cheviot Chase
[16703/16883] osm-w1478696470: West High Street
[16704/16883] osm-w1478696515: Canary Drive
[16705/16883] osm-w1480355329: Olen Park Road
[16706/16883] osm-w1480378147: Tumbledown Trail
[16707/16883] osm-w1481450266: Franklin Street
[16708/16883] osm-w1481453799: River Mill Road
[16709/16883] osm-w1481484140: East White Street
[16710/16883] osm-w1481559879: Antoine Street
[16711/16883] osm-w1481564045: Bay Shore Drive
[16712/16883] osm-w1481564709: Basswood Drive
[16713/16883] osm-w1489464120: Boomerang Way
[16714/16883] osm-w1501631051: Lions Lane
[16715/16883] osm-w1511780645: 15th Street
[16716/16883] osm-w1517799592: Webster Street North
[16717/16883] osm-w1521967136: Arrowhead Road
[16718/16883] osm-w1521967503: Blass Lake Road
[16719/16883] osm-w1524945271: Iverson Lane
[16720/16883] osm-w1553152396: West Wyndridge Drive
[16721/16883] osm-w129896526: Rolling Hill
[16722/16883] osm-w220790770: Presidential Drive
[16723/16883] osm-w239375173: South Maple Avenue
[16724/16883] osm-w239933549: C Street
[16725/16883] osm-w258044495: Wyndham Knob
[16726/16883] osm-w298980869: Painted Meadow Lane
[16727/16883] osm-w298980870: The Woods Road
[16728/16883] osm-w299706038: Coonskin Drive
[16729/16883] osm-w302353778: Recreation Lane
[16730/16883] osm-w302356826: Old Mill Road
[16731/16883] osm-w302988556: Petrie Court
[16732/16883] osm-w306176068: Stable Lane
[16733/16883] osm-w331100269: Knobley
[16734/16883] osm-w335851847: Kanawha Avenue Southeast
[16735/16883] osm-w335853641: Players Club Drive
[16736/16883] osm-w336940527: South Wabash Street
[16737/16883] osm-w344761311: School Road
[16738/16883] osm-w373067234: Spring Avenue
[16739/16883] osm-w376537985: Bill Taylor Road
[16740/16883] osm-w376541549: Northwestern Turnpike
[16741/16883] osm-w376706667: Smith Run Road
[16742/16883] osm-w379036591: 2nd Avenue Southwest
[16743/16883] osm-w392890261: Mud Fork Road
[16744/16883] osm-w393449466: 6th Street
[16745/16883] osm-w398306135: Balsam Fir Trail
[16746/16883] osm-w400387147: Back Hollow Trail
[16747/16883] osm-w402273087: Jefferson Orchard Road
[16748/16883] osm-w402273147: Hollow Road
[16749/16883] osm-w403102548: Family Fitness Trail
[16750/16883] osm-w441084474: Logan, Logan County, West Virginia, 25653, United States
[16751/16883] osm-w458928669: Hosterman Road
[16752/16883] osm-w465307393: Doddridge County, West Virginia, 26456, United States
[16753/16883] osm-w477813165: Daniel Boone Parkway
[16754/16883] osm-w482053135: Midland Trail
[16755/16883] osm-w521096924: Washington Patriots Drive
[16756/16883] osm-w548637023: Meadow Ponds Lane
[16757/16883] osm-w548936214: Cardinal Drive
[16758/16883] osm-w553809832: Public Road 27/3
[16759/16883] osm-w583059101: Highlander Way
[16760/16883] osm-w584499287: Buena Vista Drive
[16761/16883] osm-w661755992: Friendship Drive
[16762/16883] osm-w664685041: Center Street
[16763/16883] osm-w666973091: Orchard Street
[16764/16883] osm-w675940130: Railroad Alley
[16765/16883] osm-w744653203: Hinkle Lake Road
[16766/16883] osm-w744653228: Bridgeport Lamp Chimney Company Bowstring Concrete Arch Bridge
[16767/16883] osm-w792451542: Douglas Layfield Road
[16768/16883] osm-w796392240: Timberline
[16769/16883] osm-w831329429: WV 65
[16770/16883] osm-w837363038: Teletech Drive
[16771/16883] osm-w840310514: 7th Street
[16772/16883] osm-w842477403: Duck Run Road
[16773/16883] osm-w864892073: Michael Drive
[16774/16883] osm-w913193592: Everett Street
[16775/16883] osm-w919981225: Edgelawn Street
[16776/16883] osm-w920860816: Lewis Street
[16777/16883] osm-w920940064: Plymale
[16778/16883] osm-w954091624: Edgington Lane
[16779/16883] osm-w954091639: Sonneborne Road
[16780/16883] osm-w959561990: Manor Drive
[16781/16883] osm-w985145795: Gilmer County, West Virginia, 25255, United States
[16782/16883] osm-w999296501: Raleigh County, West Virginia, 25843, United States
[16783/16883] osm-w1044367784: Sycamore Avenue
[16784/16883] osm-w1046429845: Park View Lane
[16785/16883] osm-w1062696785: Oak Acres, Wood County, West Virginia, 26181, United States
[16786/16883] osm-w1094563133: Griffithsville, Lincoln County, West Virginia, 25573, United
[16787/16883] osm-w1097582711: Geronimo Drive
[16788/16883] osm-w1109642024: Baker Road
[16789/16883] osm-w1146813972: Alpena Gap Road
[16790/16883] osm-w1147640611: Scotts Lake Road
[16791/16883] osm-w1217455882: Valley Vista Lane
[16792/16883] osm-w1237280904: Russet Road
[16793/16883] osm-w1241830044: Stewartstown Road
[16794/16883] osm-w1278535446: Pennsylvania Avenue
[16795/16883] osm-w1279686466: North Bend Rail Trail
[16796/16883] osm-w1322430693: Donald Drive
[16797/16883] osm-w1354059493: Sunrise Drive
[16798/16883] osm-w1354059830: Par Three Drive
[16799/16883] osm-w1386676731: Hanging Rock Road
[16800/16883] osm-w1416741134: West Myles Avenue
[16801/16883] osm-w1425526446: Jefferson Avenue
[16802/16883] osm-w1425526712: 46th Street
[16803/16883] osm-w1433892125: Webster County, West Virginia, 26215, United States
[16804/16883] osm-w1434455547: Davisson Run Road
[16805/16883] osm-w1434593054: Physical Fitness Trail
[16806/16883] osm-w1443899303: Greenville Road
[16807/16883] osm-w1445451494: Wellness Way
[16808/16883] osm-w1465341691: US 60
[16809/16883] osm-w1472915146: United States Highway 250
[16810/16883] osm-w1473290981: Yates Avenue
[16811/16883] osm-w1474805521: Riverside Drive
[16812/16883] osm-w1474807255: Springdale Drive
[16813/16883] osm-w1474808115: Sissonville High School Track
[16814/16883] osm-w1474811908: 27th Street
[16815/16883] osm-w1474819427: Mary Street
[16816/16883] osm-w1474819479: Vienna, Wood County, West Virginia, 26105, United States
[16817/16883] osm-w1474819662: 54th Street
[16818/16883] osm-w1474819841: Tallmans, Wood County, West Virginia, 26181, United States
[16819/16883] osm-w1474827364: Pinewood Drive
[16820/16883] osm-w1474827507: Woody Heights Road
[16821/16883] osm-w1474827627: Southern Drive
[16822/16883] osm-w1474837253: Green Stone Court Way
[16823/16883] osm-w1474841686: Deerbrook Drive
[16824/16883] osm-w1474843079: Lock Avenue
[16825/16883] osm-w1474845444: Commerce Street
[16826/16883] osm-w1474845621: Ohio River Boulevard
[16827/16883] osm-w1475427782: Commerce Drive
[16828/16883] osm-w1475774582: Laurel Creek Road
[16829/16883] osm-w1475968820: Hannah Run Road
[16830/16883] osm-w1475969566: Pine Avenue
[16831/16883] osm-w1487051601: Twp 720
[16832/16883] osm-w1488631580: Carriage Lane
[16833/16883] osm-w1498243920: Cacapon River Road
[16834/16883] osm-w1518301713: Payne Avenue
[16835/16883] osm-w1520157125: Delaware Lane
[16836/16883] osm-w1526538371: Van Voorhis, Monongalia County, West Virginia, 26506, United
[16837/16883] osm-w1526542171: Pierpont, Monongalia County, West Virginia, 26503, United St
[16838/16883] osm-w1553154816: Frog Level Road
[16839/16883] osm-w162584360: Shoshone Avenue
[16840/16883] osm-w162584364: Monroe Avenue
[16841/16883] osm-w162968735: East Teton Boulevard
[16842/16883] osm-w176723795: 6th Street
[16843/16883] osm-w220293130: Upper Superior Road
[16844/16883] osm-w235368374: Lansdown Road
[16845/16883] osm-w235546036: 3 B Ranch Road
[16846/16883] osm-w239673376: North East Butte Road
[16847/16883] osm-w263140055: North 8th Street
[16848/16883] osm-w288971872: Wyoming Heritage Trail
[16849/16883] osm-w317609004: Tower Junction
[16850/16883] osm-w377064704: Sierra Circle
[16851/16883] osm-w394141085: South Missouri Avenue
[16852/16883] osm-w405982252: Jefferson Street
[16853/16883] osm-w549952082: Bonanza Trail
[16854/16883] osm-w901528461: North Douglas Street
[16855/16883] osm-w1058335512: Fort Road
[16856/16883] osm-w1074320207: US 26;US 89
[16857/16883] osm-w1081979761: Vista Drive
[16858/16883] osm-w1179541945: Poplar Avenue
[16859/16883] osm-w1274115298: Dayton Street
[16860/16883] osm-w1288142518: East 2nd Avenue
[16861/16883] osm-w1331108286: North Riverbend Drive
[16862/16883] osm-w1356733270: Belfry Highway
[16863/16883] osm-w1363121002: 2nd Avenue West
[16864/16883] osm-w1363132550: Big Horn County, Wyoming, United States
[16865/16883] osm-w1413181580: Gannet Drive
[16866/16883] osm-w1427176147: Trail Creek Road
[16867/16883] osm-w1437034266: Boneyard Service Road
[16868/16883] osm-w1443992918: Palisades Drive
[16869/16883] osm-w1450301884: Avenue K
[16870/16883] osm-w1453748691: South 2nd Street
[16871/16883] osm-w1454186953: Carter Avenue
[16872/16883] osm-w1468622695: South Lake Creek Drive
[16873/16883] osm-w1468623215: West Boyles Hill Road
[16874/16883] osm-w1468789040: D Street
[16875/16883] osm-w1468791921: Rogers Drive
[16876/16883] osm-w1468876902: City Park Drive
[16877/16883] osm-w1468877025: Jenner Boulevard
[16878/16883] osm-w1468879139: Lincoln Avenue
[16879/16883] osm-w1468882050: Al's Way
[16880/16883] osm-w1468884658: Wheatland, Platte County, Wyoming, United States
[16881/16883] osm-w1486162096: Division Street
[16882/16883] osm-w1498351346: Indian Paintbrush Avenue
[16883/16883] osm-w1528902187: Conroy Street
done: 16883 lookups this run; cache now covers 19711/19711 targets (0 remaining) — now re-run node scripts/normalize.mjs
